N,D,bonus,condition,seed,update,eat0,eat1,selectivity,zaps,ret
12,100,4,none,0,0,59.76953125,61.43359375,0.0,40.125,0.03242286294698715
12,100,4,none,0,1,60.94140625,62.2109375,0.0,40.78515625,-0.035220544785261154
12,100,4,none,0,2,61.80078125,63.04296875,0.0,41.59765625,-0.026366233825683594
12,100,4,none,0,3,62.51171875,64.23046875,0.0,42.3125,0.07623784244060516
12,100,4,none,0,4,62.75390625,65.2734375,0.0,43.35546875,0.07184338569641113
12,100,4,none,0,5,62.02734375,66.4765625,0.0,44.23828125,0.2492847442626953
12,100,4,none,0,6,63.1171875,66.99609375,0.0,44.76953125,0.03818456456065178
12,100,4,none,0,7,63.22265625,67.9375,0.0,45.1953125,0.07164812088012695
12,100,4,none,0,8,62.2734375,68.33203125,0.0,46.55859375,0.4585297107696533
12,100,4,none,0,9,62.5859375,69.109375,0.0,47.15625,0.2926444411277771
12,100,4,none,0,10,63.18359375,69.56640625,0.0,47.94921875,0.25309357047080994
12,100,4,none,0,11,62.90625,71.40234375,0.0,48.42578125,0.4581391215324402
12,100,4,none,0,12,63.7734375,71.71875,0.0,49.2265625,0.2864595353603363
12,100,4,none,0,13,63.95703125,71.85546875,0.0,49.73046875,0.4203135371208191
12,100,4,none,0,14,63.16015625,71.69921875,0.0,50.3828125,0.4433930814266205
12,100,4,none,0,15,62.59375,72.765625,0.0,51.28515625,0.7993826866149902
12,100,4,none,0,16,62.65234375,72.1484375,0.0,51.828125,0.5151705145835876
12,100,4,none,0,17,62.59375,72.234375,0.0,52.6015625,0.3819347321987152
12,100,4,none,0,18,62.875,72.15234375,0.0,52.7734375,0.2382497787475586
12,100,4,none,0,19,64.15234375,71.66015625,0.0,52.50390625,-0.032811325043439865
12,100,4,none,0,20,64.0546875,72.203125,0.0,52.88671875,0.006674528121948242
12,100,4,none,0,21,64.50390625,71.4453125,0.0,53.4453125,-0.17024612426757812
12,100,4,none,0,22,62.640625,72.19140625,0.0,53.7421875,-0.07997918128967285
12,100,4,none,0,23,61.953125,71.53515625,0.0,54.4140625,0.1458347737789154
12,100,4,none,0,24,62.5390625,71.55078125,0.0,54.3828125,-0.05895042419433594
12,100,4,none,0,25,62.7109375,71.22265625,0.0,54.76171875,-0.2260402888059616
12,100,4,none,0,26,63.22265625,71.796875,0.0,54.671875,-0.10969924926757812
12,100,4,none,0,27,63.0234375,72.12890625,0.0,54.9921875,-0.09570185840129852
12,100,4,none,0,28,63.58984375,73.58984375,0.0,54.46875,-0.06510281562805176
12,100,4,none,0,29,64.99609375,73.265625,0.0,54.46484375,-0.34628766775131226
12,100,4,none,0,30,64.328125,73.84375,0.0,55.12109375,-0.11152204126119614
12,100,4,none,0,31,63.8828125,73.66796875,0.0,54.56640625,0.10976704210042953
12,100,4,none,0,32,64.140625,73.7890625,0.0,55.55078125,0.21119937300682068
12,100,4,none,0,33,64.86328125,74.09765625,0.0,55.15234375,0.010808706283569336
12,100,4,none,0,34,64.51171875,74.3671875,0.0,55.39453125,-0.015200376510620117
12,100,4,none,0,35,64.2734375,75.05859375,0.0,55.24609375,0.508985698223114
12,100,4,none,0,36,64.7421875,76.0078125,0.0,55.23828125,0.1925467699766159
12,100,4,none,0,37,66.1328125,74.4609375,0.0,55.19140625,-0.08183463662862778
12,100,4,none,0,38,64.59765625,74.953125,0.0,54.828125,-0.02206897735595703
12,100,4,none,0,39,65.359375,74.55859375,0.0,55.546875,0.1122734546661377
12,100,4,none,0,40,65.7421875,74.984375,0.0,55.20703125,-0.060089826583862305
12,100,4,none,0,41,64.93359375,74.46875,0.0,55.55859375,0.028875112533569336
12,100,4,none,0,42,64.77734375,74.82421875,0.0,55.7890625,0.18496236205101013
12,100,4,none,0,43,64.953125,74.6796875,0.0,55.76171875,0.13076314330101013
12,100,4,none,0,44,64.58203125,74.390625,0.0,55.8515625,0.08375772088766098
12,100,4,none,0,45,64.54296875,74.21484375,0.0,56.06640625,0.20742321014404297
12,100,4,none,0,46,65.06640625,74.48828125,0.0,55.73828125,0.09847132861614227
12,100,4,none,0,47,65.0546875,74.94140625,0.0,55.51953125,0.08255346864461899
12,100,4,none,0,48,64.1015625,74.93359375,0.0,56.0625,0.24850384891033173
12,100,4,none,0,49,63.4375,75.78125,0.0,55.6953125,0.2645195424556732
12,100,4,none,0,50,63.59765625,75.375,0.0,55.86328125,0.28626441955566406
12,100,4,none,0,51,63.70703125,75.515625,0.0,56.09765625,0.3126315474510193
12,100,4,none,0,52,64.37890625,74.5234375,0.0,56.03515625,0.25055474042892456
12,100,4,none,0,53,63.37890625,74.86328125,0.0,56.05078125,0.24980609118938446
12,100,4,none,0,54,64.0,75.09765625,0.0,56.32421875,0.3349297046661377
12,100,4,none,0,55,63.73046875,75.26953125,0.0,56.13671875,0.5348647832870483
12,100,4,none,0,56,64.73828125,74.4609375,0.0,56.109375,0.024675926193594933
12,100,4,none,0,57,63.3828125,75.21484375,0.0,56.21875,0.32522934675216675
12,100,4,none,0,58,64.00390625,74.3984375,0.0,56.671875,0.3941746652126312
12,100,4,none,0,59,63.140625,74.71875,0.0,56.35546875,0.5797214508056641
12,100,4,none,0,60,64.05078125,75.22265625,0.0,56.48828125,0.37861475348472595
12,100,4,none,0,61,63.7265625,74.82421875,0.0,56.29296875,0.42773565649986267
12,100,4,none,0,62,64.70703125,74.4140625,0.0,56.32421875,0.20820459723472595
12,100,4,none,0,63,63.53515625,74.72265625,0.0,56.1171875,0.3406914174556732
12,100,4,none,0,64,64.1328125,74.14453125,0.0,56.22265625,0.26666802167892456
12,100,4,none,0,65,64.3671875,74.57421875,0.0,56.2890625,0.09515111148357391
12,100,4,none,0,66,63.61328125,74.56640625,0.0,56.48046875,0.3935233950614929
12,100,4,none,0,67,63.9375,74.72265625,0.0,56.18359375,0.4449556767940521
12,100,4,none,0,68,63.9296875,75.44921875,0.0,56.0234375,0.28678521513938904
12,100,4,none,0,69,64.046875,74.7890625,0.0,56.56640625,0.4074232578277588
12,100,4,none,0,70,64.18359375,74.5234375,0.0,56.296875,0.24563948810100555
12,100,4,none,0,71,64.34375,74.6640625,0.0,56.7890625,0.31243619322776794
12,100,4,none,0,72,64.703125,74.5859375,0.0,56.6796875,0.24830874800682068
12,100,4,none,0,73,63.65625,75.23828125,0.0,56.2890625,0.20081529021263123
12,100,4,none,0,74,64.30859375,75.5703125,0.0,56.51953125,0.3968437612056732
12,100,4,none,0,75,64.37109375,75.79296875,0.0,56.53125,0.3439142107963562
12,100,4,none,0,76,62.03515625,75.1875,0.0,56.7578125,0.7764662504196167
12,100,4,none,0,77,63.765625,74.70703125,0.0,56.984375,0.4756198823451996
12,100,4,none,0,78,64.390625,74.6015625,0.0,56.921875,0.1324232518672943
12,100,4,none,0,79,62.46484375,75.5859375,0.0,57.13671875,0.5992202162742615
12,100,4,none,0,80,62.6171875,75.59375,0.0,56.78515625,0.594890832901001
12,100,4,none,0,81,63.171875,75.34375,0.0,57.18359375,0.5236992835998535
12,100,4,none,0,82,62.93359375,75.765625,0.0,57.46484375,0.6397475004196167
12,100,4,none,0,83,62.03515625,75.96484375,0.0,56.91015625,0.7313816547393799
12,100,4,none,0,84,63.1015625,76.203125,0.0,56.85546875,0.6541029810905457
12,100,4,none,0,85,61.828125,76.015625,0.0,56.8203125,0.7315769195556641
12,100,4,none,0,86,62.98828125,75.4296875,0.0,56.9453125,0.3034519553184509
12,100,4,none,0,87,62.6015625,75.21875,0.0,57.4375,0.5775079727172852
12,100,4,none,0,88,62.90234375,75.52734375,0.0,56.76953125,0.5948905944824219
12,100,4,none,0,89,63.3046875,75.96875,0.0,56.86328125,0.6024101972579956
12,100,4,none,0,90,62.7421875,76.02734375,0.0,56.5625,0.5114923715591431
12,100,4,none,0,91,62.75,76.41015625,0.0,56.91796875,0.5059258341789246
12,100,4,none,0,92,62.52734375,76.37109375,0.0,57.1171875,0.8471692800521851
12,100,4,none,0,93,62.3828125,76.390625,0.0,57.30078125,0.8532240390777588
12,100,4,none,0,94,62.8671875,76.53515625,0.0,57.125,0.7157891988754272
12,100,4,none,0,95,62.921875,76.19921875,0.0,57.1171875,0.6281265020370483
12,100,4,none,0,96,62.36328125,76.3125,0.0,57.234375,0.9001967310905457
12,100,4,none,0,97,62.40625,76.50390625,0.0,57.44921875,0.7649427652359009
12,100,4,none,0,98,62.98046875,77.01171875,0.0,57.3671875,0.7502942085266113
12,100,4,none,0,99,62.43359375,76.5859375,0.0,57.4453125,0.7184257507324219
12,100,4,none,0,100,62.5859375,77.16796875,0.0,56.73046875,0.7021172046661377
12,100,4,none,0,101,62.64453125,76.921875,0.0,57.125,0.8861340880393982
12,100,4,none,0,102,63.15625,76.98046875,0.0,57.0,0.7356785535812378
12,100,4,none,0,103,63.03125,77.2734375,0.0,57.1171875,0.8612319827079773
12,100,4,none,0,104,63.421875,77.19921875,0.0,57.50390625,0.8148778676986694
12,100,4,none,0,105,62.1953125,77.65234375,0.0,57.66796875,1.2632502317428589
12,100,4,none,0,106,62.796875,77.51953125,0.0,57.08203125,0.8884129524230957
12,100,4,none,0,107,62.0625,77.9375,0.0,57.140625,1.0868504047393799
12,100,4,none,0,108,62.5546875,77.91796875,0.0,57.015625,0.9233412146568298
12,100,4,none,0,109,62.15625,78.66796875,0.0,57.30078125,1.0898778438568115
12,100,4,none,0,110,63.59375,76.6015625,0.0,57.6875,0.6641291975975037
12,100,4,none,0,111,61.859375,77.1171875,0.0,57.61328125,0.9661471843719482
12,100,4,none,0,112,63.11328125,78.0625,0.0,57.4375,0.8541682958602905
12,100,4,none,0,113,62.31640625,77.22265625,0.0,57.58984375,1.0593762397766113
12,100,4,none,0,114,62.66796875,76.69921875,0.0,57.54296875,0.7111015319824219
12,100,4,none,0,115,62.125,78.13671875,0.0,57.921875,1.1388686895370483
12,100,4,none,0,116,62.609375,77.86328125,0.0,57.375,0.8454440832138062
12,100,4,none,0,117,63.2421875,76.84375,0.0,57.6328125,0.8197931051254272
12,100,4,none,0,118,62.54296875,77.1484375,0.0,57.83203125,0.9662124514579773
12,100,4,none,0,119,63.34375,77.53125,0.0,58.23828125,0.8289728164672852
12,100,4,none,0,120,63.92578125,77.08203125,0.0,57.375,0.60374516248703
12,100,4,none,0,121,62.796875,77.34375,0.0,57.78515625,0.9076187014579773
12,100,4,none,0,122,62.77734375,77.11328125,0.0,57.62109375,1.0724300146102905
12,100,4,none,0,123,62.015625,77.44140625,0.0,57.7734375,0.9117527008056641
12,100,4,none,0,124,62.07421875,77.56640625,0.0,58.27734375,1.047885537147522
12,100,4,none,0,125,62.31640625,77.859375,0.0,57.83984375,1.1669611930847168
12,100,4,none,0,126,63.0078125,77.37890625,0.0,58.1640625,1.0483086109161377
12,100,4,none,0,127,62.1171875,77.96484375,0.0,57.75,1.156414270401001
12,100,4,none,0,128,62.3046875,77.4765625,0.0,58.24609375,1.2159194946289062
12,100,4,none,0,129,62.71875,78.69140625,0.0,57.6640625,1.0048516988754272
12,100,4,none,0,130,61.3671875,78.2734375,0.0,58.2578125,1.2239272594451904
12,100,4,none,0,131,62.0078125,78.296875,0.0,57.734375,1.0445653200149536
12,100,4,none,0,132,62.60546875,79.0625,0.0,57.390625,0.853907585144043
12,100,4,none,0,133,62.6640625,78.31640625,0.0,57.63671875,1.1890963315963745
12,100,4,none,0,134,60.80859375,78.5078125,0.0,58.171875,1.4444351196289062
12,100,4,none,0,135,61.98828125,78.09765625,0.0,57.84375,1.0628271102905273
12,100,4,none,0,136,62.98046875,77.921875,0.0,58.0390625,1.0059258937835693
12,100,4,none,0,137,62.33203125,79.0546875,0.0,57.66015625,1.0250990390777588
12,100,4,none,0,138,62.34765625,77.60546875,0.0,58.171875,1.0708022117614746
12,100,4,none,0,139,61.9375,78.453125,0.0,57.828125,1.0886406898498535
12,100,4,none,0,140,62.0078125,78.59375,0.0,58.1875,1.197918176651001
12,100,4,none,0,141,61.625,77.984375,0.0,58.5,1.2167657613754272
12,100,4,none,0,142,63.62109375,78.16796875,0.0,57.70703125,1.0203465223312378
12,100,4,none,0,143,62.41015625,79.35546875,0.0,57.984375,1.1550796031951904
12,100,4,none,0,144,63.09765625,77.82421875,0.0,58.140625,0.9244480133056641
12,100,4,none,0,145,61.859375,79.03125,0.0,58.46875,1.3085625171661377
12,100,4,none,0,146,61.921875,78.34765625,0.0,58.0625,1.189584732055664
12,100,4,none,0,147,61.99609375,78.56640625,0.0,58.4140625,1.3378920555114746
12,100,4,none,0,148,61.4140625,79.15625,0.0,57.9765625,1.1444350481033325
12,100,4,none,0,149,61.41015625,79.3515625,0.0,58.45703125,1.3845393657684326
12,100,4,none,0,150,61.93359375,78.62890625,0.0,58.171875,1.2886083126068115
12,100,4,none,0,151,60.859375,78.9765625,0.0,58.14453125,1.331218957901001
12,100,4,none,0,152,62.5390625,78.11328125,0.0,58.1171875,1.225261926651001
12,100,4,none,0,153,62.671875,78.72265625,0.0,58.18359375,1.214031457901001
12,100,4,none,0,154,60.91796875,78.7890625,0.0,58.24609375,1.420313835144043
12,100,4,none,0,155,61.671875,79.8515625,0.0,58.44921875,1.2809910774230957
12,100,4,none,0,156,61.23046875,79.41015625,0.0,58.328125,1.355633020401001
12,100,4,none,0,157,61.25390625,78.1953125,0.0,59.04296875,1.2260432243347168
12,100,4,none,0,158,61.828125,78.94921875,0.0,58.15625,1.1062514781951904
12,100,4,none,0,159,61.671875,78.5859375,0.0,58.4140625,1.1851904392242432
12,100,4,none,0,160,62.26953125,79.94140625,0.0,57.984375,1.3526380062103271
12,100,4,none,0,161,61.87109375,78.45703125,0.0,58.328125,1.1110038757324219
12,100,4,none,0,162,61.30859375,78.296875,0.0,58.7109375,1.3279962539672852
12,100,4,none,0,163,61.44921875,79.41015625,0.0,58.7578125,1.3519871234893799
12,100,4,none,0,164,62.1171875,79.41796875,0.0,58.19140625,1.3182306289672852
12,100,4,none,0,165,61.7578125,78.6171875,0.0,58.47265625,1.2515637874603271
12,100,4,none,0,166,61.5390625,78.4765625,0.0,58.453125,1.1928725242614746
12,100,4,none,0,167,62.38671875,79.06640625,0.0,58.48046875,1.3118505477905273
12,100,4,none,0,168,61.29296875,79.83984375,0.0,58.6953125,1.5279964208602905
12,100,4,none,0,169,62.23828125,79.35546875,0.0,58.44140625,1.2186537981033325
12,100,4,none,0,170,61.2265625,79.8046875,0.0,58.57421875,1.4679374694824219
12,100,4,none,0,171,61.43359375,78.97265625,0.0,58.2890625,1.249415397644043
12,100,4,none,0,172,62.4609375,79.7734375,0.0,58.11328125,1.1639337539672852
12,100,4,none,0,173,62.5234375,80.25390625,0.0,58.40625,1.1738622188568115
12,100,4,none,0,174,63.234375,79.578125,0.0,58.16796875,1.0069025754928589
12,100,4,none,0,175,61.19921875,79.8046875,0.0,58.203125,1.3975600004196167
12,100,4,none,0,176,61.3046875,79.13671875,0.0,58.46875,1.3584325313568115
12,100,4,none,0,177,61.3203125,79.48046875,0.0,58.51953125,1.4696955680847168
12,100,4,none,0,178,60.9609375,79.1484375,0.0,58.55859375,1.4942396879196167
12,100,4,none,0,179,61.2734375,79.453125,0.0,58.7578125,1.4602878093719482
12,100,4,none,0,180,60.43359375,80.6796875,0.0,58.8828125,1.8772801160812378
12,100,4,none,0,181,60.671875,80.3359375,0.0,58.85546875,1.4187190532684326
12,100,4,none,0,182,61.921875,79.59375,0.0,58.74609375,1.4080092906951904
12,100,4,none,0,183,61.9140625,79.9296875,0.0,58.5859375,1.309734582901001
12,100,4,none,0,184,59.7109375,80.8046875,0.0,58.79296875,1.8101904392242432
12,100,4,none,0,185,61.453125,80.2890625,0.0,58.484375,1.4822280406951904
12,100,4,none,0,186,61.796875,79.52734375,0.0,58.55078125,1.2663100957870483
12,100,4,none,0,187,61.1953125,79.84765625,0.0,59.015625,1.5723645687103271
12,100,4,none,0,188,60.69921875,80.22265625,0.0,59.1171875,1.6501967906951904
12,100,4,none,0,189,60.79296875,80.86328125,0.0,58.91015625,1.7785820960998535
12,100,4,none,0,190,61.578125,80.5,0.0,58.8046875,1.5960301160812378
12,100,4,none,0,191,62.1328125,79.7578125,0.0,58.8671875,1.5340182781219482
12,100,4,none,0,192,61.26953125,80.67578125,0.0,59.234375,1.6254572868347168
12,100,4,none,0,193,60.125,80.37890625,0.0,59.2890625,1.8277356624603271
12,100,4,none,0,194,61.35546875,80.05078125,0.0,58.625,1.5461928844451904
12,100,4,none,0,195,61.6953125,80.4921875,0.0,59.0625,1.5951511859893799
12,100,4,none,0,196,61.234375,80.13671875,0.0,58.65234375,1.5226577520370483
12,100,4,none,0,197,60.47265625,80.30859375,0.0,59.3984375,1.7995132207870483
12,100,4,none,0,198,60.84375,80.5234375,0.0,58.76171875,1.5553072690963745
12,100,4,none,0,199,61.2109375,79.33984375,0.0,59.05859375,1.5303726196289062
12,100,4,none,0,200,60.66015625,80.484375,0.0,59.26171875,1.6821630001068115
12,100,4,none,0,201,60.46484375,80.5390625,0.0,59.18359375,1.6528010368347168
12,100,4,none,0,202,60.71484375,79.6875,0.0,59.47265625,1.6008477210998535
12,100,4,none,0,203,60.82421875,80.24609375,0.0,59.07421875,1.5802748203277588
12,100,4,none,0,204,60.046875,80.28515625,0.0,59.26171875,1.7040704488754272
12,100,4,none,0,205,60.234375,80.734375,0.0,59.0234375,1.6381524801254272
12,100,4,none,0,206,60.59375,80.42578125,0.0,59.34765625,1.5501642227172852
12,100,4,none,0,207,60.51953125,80.32421875,0.0,59.33984375,1.5625990629196167
12,100,4,none,0,208,60.62109375,80.4765625,0.0,59.0,1.6736993789672852
12,100,4,none,0,209,60.36328125,80.4453125,0.0,59.5546875,1.5887384414672852
12,100,4,none,0,210,60.55078125,80.76171875,0.0,59.34375,1.6605485677719116
12,100,4,none,0,211,60.3515625,80.51171875,0.0,59.1953125,1.6998062133789062
12,100,4,none,0,212,60.296875,79.9140625,0.0,59.26171875,1.5735042095184326
12,100,4,none,0,213,60.9765625,81.0859375,0.0,58.7109375,1.573894739151001
12,100,4,none,0,214,60.98046875,80.03125,0.0,59.23828125,1.6353530883789062
12,100,4,none,0,215,60.83203125,80.84765625,0.0,59.33984375,1.8066420555114746
12,100,4,none,0,216,59.62890625,81.90234375,0.0,59.1796875,1.7580745220184326
12,100,4,none,0,217,59.9453125,80.734375,0.0,59.24609375,1.856609582901001
12,100,4,none,0,218,61.05859375,79.8359375,0.0,58.78125,1.4380548000335693
12,100,4,none,0,219,61.109375,81.1328125,0.0,59.40625,1.7070326805114746
12,100,4,none,0,220,60.30078125,80.55078125,0.0,58.9609375,1.571908950805664
12,100,4,none,0,221,59.15234375,80.8203125,0.0,59.57421875,2.058790683746338
12,100,4,none,0,222,60.3203125,80.734375,0.0,59.25,1.7111995220184326
12,100,4,none,0,223,60.00390625,80.78515625,0.0,59.703125,1.6731786727905273
12,100,4,none,0,224,59.87109375,81.22265625,0.0,59.546875,1.780177116394043
12,100,4,none,0,225,60.00390625,81.12890625,0.0,59.6484375,1.8759779930114746
12,100,4,none,0,226,60.51953125,80.94921875,0.0,59.234375,1.802149772644043
12,100,4,none,0,227,59.69140625,80.55859375,0.0,59.66015625,1.8948256969451904
12,100,4,none,0,228,60.63671875,80.71875,0.0,59.28125,1.640268325805664
12,100,4,none,0,229,59.0625,80.5,0.0,59.890625,1.806641936302185
12,100,4,none,0,230,59.8828125,80.20703125,0.0,59.5546875,1.5385431051254272
12,100,4,none,0,231,59.84765625,80.7734375,0.0,59.59375,1.6319026947021484
12,100,4,none,0,232,60.6015625,80.02734375,0.0,59.42578125,1.681544542312622
12,100,4,none,0,233,59.4765625,79.83203125,0.0,59.515625,1.842449426651001
12,100,4,none,0,234,58.7109375,81.34765625,0.0,60.05859375,2.0222997665405273
12,100,4,none,0,235,58.29296875,80.50390625,0.0,60.07421875,1.922527551651001
12,100,4,none,0,236,58.65234375,81.05859375,0.0,60.265625,2.1528985500335693
12,100,4,none,0,237,59.50390625,80.96484375,0.0,59.7734375,1.8108737468719482
12,100,4,none,0,238,59.234375,81.03125,0.0,59.44140625,1.8443374633789062
12,100,4,none,0,239,59.3515625,81.62890625,0.0,59.359375,1.844141960144043
12,100,4,none,0,240,60.05859375,81.29296875,0.0,59.44140625,1.7841485738754272
12,100,4,none,0,241,58.6875,80.94921875,0.0,60.21875,2.0694026947021484
12,100,4,none,0,242,58.91015625,81.09375,0.0,59.875,1.9643244743347168
12,100,4,none,0,243,59.15625,81.0703125,0.0,59.7890625,1.922267198562622
12,100,4,none,0,244,60.421875,80.3515625,0.0,59.46484375,1.6494481563568115
12,100,4,none,0,245,59.34375,81.3046875,0.0,59.91796875,1.9751967191696167
12,100,4,none,0,246,59.34765625,81.9921875,0.0,60.04296875,2.193068027496338
12,100,4,none,0,247,58.0859375,82.39453125,0.0,60.24609375,2.5156593322753906
12,100,4,none,0,248,58.98828125,80.8828125,0.0,59.95703125,2.0144219398498535
12,100,4,none,0,249,58.55078125,81.69140625,0.0,59.67578125,2.1729507446289062
12,100,4,none,0,250,58.64453125,82.01171875,0.0,59.99609375,2.001922130584717
12,100,4,none,0,251,59.5546875,81.6640625,0.0,59.6953125,1.886850357055664
12,100,4,none,0,252,58.328125,81.265625,0.0,60.23046875,2.174448013305664
12,100,4,none,0,253,58.9765625,81.31640625,0.0,59.9765625,1.9066747426986694
12,100,4,none,0,254,59.015625,82.0234375,0.0,60.1171875,2.0816097259521484
12,100,4,none,0,255,59.6640625,81.53125,0.0,60.1484375,2.0202815532684326
12,100,4,none,0,256,58.984375,81.53125,0.0,59.89453125,1.9801772832870483
12,100,4,none,0,257,59.34375,81.30078125,0.0,60.16015625,1.98955237865448
12,100,4,none,0,258,57.90625,81.32421875,0.0,60.46875,2.327507972717285
12,100,4,none,0,259,57.59765625,82.11328125,0.0,60.21875,2.4106462001800537
12,100,4,none,0,260,58.3046875,80.5234375,0.0,60.17578125,2.0134780406951904
12,100,4,none,0,261,57.9921875,80.63671875,0.0,60.4453125,2.1381850242614746
12,100,4,none,0,262,58.12890625,81.22265625,0.0,60.30859375,2.148894786834717
12,100,4,none,0,263,58.2734375,81.4921875,0.0,60.48828125,2.1389336585998535
12,100,4,none,0,264,56.7734375,82.09375,0.0,60.39453125,2.4263687133789062
12,100,4,none,0,265,58.89453125,81.0390625,0.0,59.96484375,2.069988489151001
12,100,4,none,0,266,59.0078125,80.95703125,0.0,60.11328125,2.010939121246338
12,100,4,none,0,267,58.03515625,81.44921875,0.0,60.1015625,2.0791032314300537
12,100,4,none,0,268,58.31640625,81.45703125,0.0,60.29296875,2.1970067024230957
12,100,4,none,0,269,58.89453125,81.21875,0.0,60.80078125,2.0156593322753906
12,100,4,none,0,270,58.63671875,80.91015625,0.0,60.27734375,2.146843910217285
12,100,4,none,0,271,58.34375,80.87109375,0.0,60.59375,2.116147518157959
12,100,4,none,0,272,59.62109375,80.33203125,0.0,60.046875,1.7861666679382324
12,100,4,none,0,273,58.51171875,81.546875,0.0,60.5859375,1.9900081157684326
12,100,4,none,0,274,58.88671875,81.4453125,0.0,60.10546875,2.03239107131958
12,100,4,none,0,275,57.66015625,81.65625,0.0,60.484375,2.198439121246338
12,100,4,none,0,276,58.39453125,81.6015625,0.0,60.52734375,2.3428075313568115
12,100,4,none,0,277,58.91015625,81.234375,0.0,59.890625,2.0022475719451904
12,100,4,none,0,278,58.19140625,83.109375,0.0,59.9375,2.2285497188568115
12,100,4,none,0,279,59.41015625,81.35546875,0.0,59.8125,1.8650405406951904
12,100,4,none,0,280,58.4140625,82.54296875,0.0,59.66796875,2.013770818710327
12,100,4,none,0,281,59.4375,81.48828125,0.0,60.05859375,1.9108737707138062
12,100,4,none,0,282,57.7421875,81.87109375,0.0,60.734375,2.2624363899230957
12,100,4,none,0,283,57.1953125,83.03515625,0.0,60.4765625,2.55560040473938
12,100,4,none,0,284,58.98828125,81.6640625,0.0,60.42578125,2.2355809211730957
12,100,4,none,0,285,59.18359375,82.28515625,0.0,60.33203125,2.1449882984161377
12,100,4,none,0,286,58.1953125,82.3828125,0.0,60.5078125,2.127084970474243
12,100,4,none,0,287,58.51953125,82.90625,0.0,60.19921875,2.317058801651001
12,100,4,none,0,288,58.078125,83.40625,0.0,60.39453125,2.4206719398498535
12,100,4,none,0,289,58.12109375,82.55859375,0.0,60.1875,2.3421239852905273
12,100,4,none,0,290,59.12890625,81.78515625,0.0,60.16015625,2.021616220474243
12,100,4,none,0,291,58.21484375,82.6484375,0.0,60.51953125,2.474806070327759
12,100,4,none,0,292,58.9296875,81.484375,0.0,60.515625,2.192742347717285
12,100,4,none,0,293,57.5078125,81.94921875,0.0,60.7890625,2.3362319469451904
12,100,4,none,0,294,56.984375,83.13671875,0.0,60.87890625,2.68229341506958
12,100,4,none,0,295,58.13671875,82.10546875,0.0,60.62890625,2.1982436180114746
12,100,4,none,0,296,57.6796875,81.0234375,0.0,60.80859375,2.299936532974243
12,100,4,none,0,297,57.5,81.82421875,0.0,60.70703125,2.378549575805664
12,100,4,none,0,298,57.9453125,81.5078125,0.0,60.8359375,2.3391292095184326
12,100,4,none,0,299,57.37109375,81.703125,0.0,61.04296875,2.424285411834717
12,100,4,none,0,300,57.2265625,81.4453125,0.0,60.96875,2.294337511062622
12,100,4,none,0,301,57.14453125,81.21875,0.0,61.02734375,2.3598976135253906
12,100,4,none,0,302,56.83984375,81.2578125,0.0,60.83203125,2.377377986907959
12,100,4,none,0,303,56.89453125,81.28125,0.0,60.953125,2.4583024978637695
12,100,4,none,0,304,57.62890625,81.05078125,0.0,60.98046875,2.1972670555114746
12,100,4,none,0,305,57.3203125,81.84765625,0.0,61.07421875,2.504038095474243
12,100,4,none,0,306,57.8046875,81.90234375,0.0,60.67578125,2.1829116344451904
12,100,4,none,0,307,56.359375,81.67578125,0.0,61.60546875,2.6892592906951904
12,100,4,none,0,308,56.875,81.38671875,0.0,60.875,2.310515880584717
12,100,4,none,0,309,57.21875,81.18359375,0.0,60.94921875,2.286590099334717
12,100,4,none,0,310,57.8984375,81.73828125,0.0,60.73828125,2.1529314517974854
12,100,4,none,0,311,56.6875,82.9140625,0.0,60.796875,2.501661777496338
12,100,4,none,0,312,57.1953125,81.86328125,0.0,60.8203125,2.3892593383789062
12,100,4,none,0,313,56.65234375,81.97265625,0.0,61.0390625,2.5428402423858643
12,100,4,none,0,314,56.84375,83.08203125,0.0,60.703125,2.522136926651001
12,100,4,none,0,315,57.34375,81.8359375,0.0,60.9765625,2.456414222717285
12,100,4,none,0,316,57.4296875,82.6796875,0.0,60.703125,2.492286443710327
12,100,4,none,0,317,57.65234375,82.1640625,0.0,60.98046875,2.424285411834717
12,100,4,none,0,318,55.6640625,82.78515625,0.0,61.07421875,2.7770848274230957
12,100,4,none,0,319,57.56640625,82.24609375,0.0,61.08984375,2.323406457901001
12,100,4,none,0,320,56.89453125,82.78125,0.0,61.2265625,2.4077486991882324
12,100,4,none,0,321,56.65234375,82.01953125,0.0,60.76953125,2.448373794555664
12,100,4,none,0,322,56.625,81.796875,0.0,61.37109375,2.8088881969451904
12,100,4,none,0,323,56.1015625,82.06640625,0.0,61.22265625,2.616830825805664
12,100,4,none,0,324,56.7109375,81.25390625,0.0,61.1640625,2.367384195327759
12,100,4,none,0,325,56.27734375,81.203125,0.0,61.4453125,2.585418224334717
12,100,4,none,0,326,56.55859375,81.9453125,0.0,61.51171875,2.615659236907959
12,100,4,none,0,327,56.84765625,82.10546875,0.0,60.94921875,2.4046242237091064
12,100,4,none,0,328,55.7421875,81.8125,0.0,61.3671875,2.56487774848938
12,100,4,none,0,329,56.203125,81.63671875,0.0,61.09765625,2.305795669555664
12,100,4,none,0,330,55.734375,82.3203125,0.0,61.46484375,2.7280941009521484
12,100,4,none,0,331,55.87890625,81.69921875,0.0,61.26171875,2.5305354595184326
12,100,4,none,0,332,56.48046875,82.25,0.0,61.5234375,2.649383068084717
12,100,4,none,0,333,56.4296875,82.48828125,0.0,60.90625,2.239943027496338
12,100,4,none,0,334,56.69140625,81.8828125,0.0,60.984375,2.3149430751800537
12,100,4,none,0,335,55.90234375,81.69140625,0.0,61.515625,2.6667659282684326
12,100,4,none,0,336,56.8671875,82.32421875,0.0,61.07421875,2.51627779006958
12,100,4,none,0,337,57.00390625,82.234375,0.0,60.9609375,2.3194680213928223
12,100,4,none,0,338,56.2578125,83.1875,0.0,61.16796875,2.678615093231201
12,100,4,none,0,339,55.94921875,82.34375,0.0,61.17578125,2.6944351196289062
12,100,4,none,0,340,56.69921875,83.47265625,0.0,61.0078125,2.5529961585998535
12,100,4,none,0,341,56.3671875,81.703125,0.0,61.18359375,2.3958022594451904
12,100,4,none,0,342,57.515625,83.3828125,0.0,61.1484375,2.58561372756958
12,100,4,none,0,343,56.49609375,82.66796875,0.0,61.38671875,2.651759386062622
12,100,4,none,0,344,56.2421875,82.32421875,0.0,61.62890625,2.6240901947021484
12,100,4,none,0,345,57.14453125,83.03515625,0.0,61.21875,2.610060214996338
12,100,4,none,0,346,56.05078125,83.28125,0.0,60.94140625,2.8740899562835693
12,100,4,none,0,347,56.546875,82.8125,0.0,61.58984375,2.4790704250335693
12,100,4,none,0,348,56.6640625,83.70703125,0.0,61.11328125,2.6623387336730957
12,100,4,none,0,349,55.53515625,83.23046875,0.0,61.48828125,2.8611018657684326
12,100,4,none,0,350,56.1796875,82.875,0.0,61.4375,2.6768569946289062
12,100,4,none,0,351,55.1015625,83.35546875,0.0,61.984375,2.971811294555664
12,100,4,none,0,352,55.5234375,83.34375,0.0,61.6015625,2.99381685256958
12,100,4,none,0,353,55.80859375,81.8671875,0.0,61.74609375,2.679103374481201
12,100,4,none,0,354,55.83984375,82.62890625,0.0,61.671875,2.7319676876068115
12,100,4,none,0,355,54.95703125,83.0703125,0.0,61.3671875,2.88932466506958
12,100,4,none,0,356,55.2109375,82.72265625,0.0,61.73828125,2.6909847259521484
12,100,4,none,0,357,55.0,82.03515625,0.0,62.19921875,2.9824886322021484
12,100,4,none,0,358,54.828125,82.3515625,0.0,61.7265625,2.8434910774230957
12,100,4,none,0,359,53.94921875,82.2734375,0.0,62.0625,3.030242443084717
12,100,4,none,0,360,54.45703125,82.78515625,0.0,62.03125,3.010645866394043
12,100,4,none,0,361,54.609375,83.60546875,0.0,61.4765625,2.86735200881958
12,100,4,none,0,362,54.015625,83.9296875,0.0,61.9765625,3.142709732055664
12,100,4,none,0,363,54.06640625,83.9296875,0.0,62.17578125,3.35123872756958
12,100,4,none,0,364,55.03125,83.00390625,0.0,61.6328125,3.033660411834717
12,100,4,none,0,365,56.4921875,83.43359375,0.0,61.7734375,2.690822124481201
12,100,4,none,0,366,55.578125,83.5859375,0.0,61.51171875,2.8388686180114746
12,100,4,none,0,367,55.66015625,84.08203125,0.0,61.5859375,2.960353374481201
12,100,4,none,0,368,55.37109375,83.00390625,0.0,61.44921875,2.8478856086730957
12,100,4,none,0,369,55.05078125,82.80078125,0.0,61.93359375,2.9356460571289062
12,100,4,none,0,370,55.8671875,84.015625,0.0,61.73046875,2.851010799407959
12,100,4,none,0,371,55.78515625,84.390625,0.0,61.6171875,3.1677751541137695
12,100,4,none,0,372,54.23828125,84.80859375,0.0,61.8515625,3.3652684688568115
12,100,4,none,0,373,54.67578125,84.02734375,0.0,61.640625,2.9986343383789062
12,100,4,none,0,374,55.515625,83.21484375,0.0,61.87890625,2.867644786834717
12,100,4,none,0,375,55.3203125,83.87890625,0.0,61.890625,2.881316661834717
12,100,4,none,0,376,55.57421875,84.1953125,0.0,61.6640625,2.868523597717285
12,100,4,none,0,377,55.41015625,83.484375,0.0,61.76953125,2.9387712478637695
12,100,4,none,0,378,54.265625,84.05859375,0.0,62.0390625,3.047039031982422
12,100,4,none,0,379,54.984375,83.4609375,0.0,62.16015625,3.096160411834717
12,100,4,none,0,380,54.83203125,82.70703125,0.0,62.49609375,3.046095609664917
12,100,4,none,0,381,53.453125,83.015625,0.0,61.9765625,3.1758480072021484
12,100,4,none,0,382,54.359375,84.3515625,0.0,61.84375,3.200847625732422
12,100,4,none,0,383,54.328125,82.87109375,0.0,62.22265625,3.043393611907959
12,100,4,none,0,384,54.234375,83.953125,0.0,62.08984375,3.123699188232422
12,100,4,none,0,385,54.0625,83.9921875,0.0,62.40234375,3.098536968231201
12,100,4,none,0,386,54.94140625,83.30859375,0.0,62.015625,2.9568049907684326
12,100,4,none,0,387,53.44921875,83.859375,0.0,62.46875,3.4253270626068115
12,100,4,none,0,388,54.18359375,85.046875,0.0,62.125,3.2490575313568115
12,100,4,none,0,389,53.15625,84.52734375,0.0,62.74609375,3.5642592906951904
12,100,4,none,0,390,54.09375,84.4921875,0.0,61.94921875,3.1543636322021484
12,100,4,none,0,391,53.9609375,84.08984375,0.0,61.90625,3.113217830657959
12,100,4,none,0,392,53.453125,84.44140625,0.0,62.34375,3.3669285774230957
12,100,4,none,0,393,53.79296875,84.09765625,0.0,62.37109375,3.328484296798706
12,100,4,none,0,394,53.98828125,83.91015625,0.0,62.4296875,3.3361995220184326
12,100,4,none,0,395,53.81640625,84.92578125,0.0,62.30078125,3.242091655731201
12,100,4,none,0,396,53.453125,84.58984375,0.0,62.41796875,3.2332046031951904
12,100,4,none,0,397,54.546875,83.67578125,0.0,62.4375,3.1821956634521484
12,100,4,none,0,398,53.859375,84.18359375,0.0,62.09375,3.0979506969451904
12,100,4,none,0,399,53.5859375,83.78515625,0.0,62.8359375,3.3266942501068115
12,100,4,none,0,400,53.5546875,84.62109375,0.0,62.1171875,3.205796003341675
12,100,4,none,0,401,54.32421875,84.51953125,0.0,62.3984375,3.2644546031951904
12,100,4,none,0,402,54.49609375,84.21484375,0.0,62.25390625,3.168882131576538
12,100,4,none,0,403,53.56640625,84.0390625,0.0,62.63671875,3.217482089996338
12,100,4,none,0,404,53.6875,85.01171875,0.0,62.33984375,3.293198347091675
12,100,4,none,0,405,53.74609375,84.578125,0.0,62.734375,3.5318050384521484
12,100,4,none,0,406,52.76953125,85.5234375,0.0,62.25390625,3.5820653438568115
12,100,4,none,0,407,53.35546875,84.8671875,0.0,62.7578125,3.531153678894043
12,100,4,none,0,408,52.90234375,85.80078125,0.0,62.69140625,3.613771438598633
12,100,4,none,0,409,53.58984375,85.328125,0.0,61.78125,3.448341131210327
12,100,4,none,0,410,53.09375,85.18359375,0.0,62.34765625,3.3872087001800537
12,100,4,none,0,411,53.64453125,85.48046875,0.0,62.2578125,3.405210018157959
12,100,4,none,0,412,53.875,85.0546875,0.0,62.69140625,3.4497084617614746
12,100,4,none,0,413,52.828125,84.60546875,0.0,62.6484375,3.5665054321289062
12,100,4,none,0,414,52.9609375,84.828125,0.0,62.80859375,3.6335952281951904
12,100,4,none,0,415,52.671875,84.58984375,0.0,62.92578125,3.620574474334717
12,100,4,none,0,416,53.9140625,84.4453125,0.0,62.4453125,3.212761878967285
12,100,4,none,0,417,52.85546875,84.77734375,0.0,62.4296875,3.2959001064300537
12,100,4,none,0,418,53.20703125,84.78515625,0.0,62.59765625,3.418686628341675
12,100,4,none,0,419,53.62109375,85.015625,0.0,62.79296875,3.442873001098633
12,100,4,none,0,420,53.828125,84.859375,0.0,62.1484375,3.3872084617614746
12,100,4,none,0,421,52.953125,85.1875,0.0,62.32421875,3.505079984664917
12,100,4,none,0,422,53.01953125,85.2578125,0.0,62.40625,3.416375160217285
12,100,4,none,0,423,52.96875,85.30859375,0.0,62.5078125,3.3876969814300537
12,100,4,none,0,424,52.53125,84.74609375,0.0,62.734375,3.4102554321289062
12,100,4,none,0,425,53.2890625,84.7421875,0.0,62.9375,3.424513339996338
12,100,4,none,0,426,52.37109375,85.3359375,0.0,62.703125,3.5639665126800537
12,100,4,none,0,427,53.76171875,84.90234375,0.0,62.34375,3.174773693084717
12,100,4,none,0,428,51.83203125,85.67578125,0.0,63.1953125,3.903029203414917
12,100,4,none,0,429,51.5234375,85.359375,0.0,63.27734375,3.874708652496338
12,100,4,none,0,430,51.4921875,86.5546875,0.0,63.10546875,3.994988441467285
12,100,4,none,0,431,52.29296875,85.44921875,0.0,62.78125,3.835613250732422
12,100,4,none,0,432,51.8671875,86.05078125,0.0,62.8203125,3.819305181503296
12,100,4,none,0,433,51.9609375,86.90234375,0.0,62.5859375,3.7326838970184326
12,100,4,none,0,434,51.0,85.19921875,0.0,63.28125,4.00553560256958
12,100,4,none,0,435,52.95703125,85.5,0.0,62.828125,3.434278964996338
12,100,4,none,0,436,52.1171875,86.140625,0.0,62.66015625,3.900261878967285
12,100,4,none,0,437,51.44140625,85.9921875,0.0,62.921875,3.790463924407959
12,100,4,none,0,438,51.83203125,84.9765625,0.0,63.140625,3.8923842906951904
12,100,4,none,0,439,51.765625,85.98828125,0.0,62.73828125,3.8570001125335693
12,100,4,none,0,440,50.90625,85.8125,0.0,63.15234375,3.8174493312835693
12,100,4,none,0,441,51.69921875,85.9296875,0.0,62.98828125,3.8903660774230957
12,100,4,none,0,442,51.49609375,85.44921875,0.0,62.6640625,3.588998794555664
12,100,4,none,0,443,51.54296875,86.49609375,0.0,62.9609375,3.913510322570801
12,100,4,none,0,444,51.32421875,85.94140625,0.0,63.4453125,4.009311676025391
12,100,4,none,0,445,52.09765625,86.26171875,0.0,62.9375,3.8457698822021484
12,100,4,none,0,446,51.9765625,85.25390625,0.0,63.109375,3.7011735439300537
12,100,4,none,0,447,51.61328125,86.6640625,0.0,63.4375,4.093654155731201
12,100,4,none,0,448,51.890625,85.90625,0.0,63.41796875,3.8936214447021484
12,100,4,none,0,449,51.265625,86.33984375,0.0,63.5,4.0457377433776855
12,100,4,none,0,450,51.25390625,86.19921875,0.0,63.26953125,3.8950862884521484
12,100,4,none,0,451,50.3515625,86.0078125,0.0,63.3828125,4.047364711761475
12,100,4,none,0,452,51.296875,85.33984375,0.0,63.3203125,3.690822124481201
12,100,4,none,0,453,50.25390625,85.7265625,0.0,63.51171875,4.018165588378906
12,100,4,none,0,454,51.44921875,85.0859375,0.0,63.33203125,3.766733169555664
12,100,4,none,0,455,50.3984375,86.1953125,0.0,63.26953125,4.059701919555664
12,100,4,none,0,456,51.44921875,85.78515625,0.0,62.9609375,3.8484392166137695
12,100,4,none,0,457,50.8046875,86.09375,0.0,63.3203125,4.000490188598633
12,100,4,none,0,458,50.6171875,86.6640625,0.0,63.3828125,3.947657585144043
12,100,4,none,0,459,50.8046875,85.85546875,0.0,63.4453125,4.180568218231201
12,100,4,none,0,460,50.93359375,85.9375,0.0,63.80859375,4.111427307128906
12,100,4,none,0,461,51.90234375,86.80859375,0.0,63.35546875,3.940431594848633
12,100,4,none,0,462,49.96484375,86.44921875,0.0,63.51171875,4.291766166687012
12,100,4,none,0,463,51.41015625,85.97265625,0.0,63.50390625,3.871941328048706
12,100,4,none,0,464,50.59375,86.16015625,0.0,63.39453125,4.041472911834717
12,100,4,none,0,465,51.44140625,86.34765625,0.0,63.8359375,4.0686540603637695
12,100,4,none,0,466,51.1640625,86.59375,0.0,63.37890625,4.2024102210998535
12,100,4,none,0,467,51.48828125,85.7265625,0.0,63.4375,4.0798845291137695
12,100,4,none,0,468,50.84375,87.4375,0.0,63.7421875,4.206186294555664
12,100,4,none,0,469,50.89453125,87.1796875,0.0,63.28125,4.1125993728637695
12,100,4,none,0,470,50.69921875,87.10546875,0.0,63.3984375,4.230795860290527
12,100,4,none,0,471,51.28125,87.44921875,0.0,63.18359375,4.08317232131958
12,100,4,none,0,472,50.8828125,87.54296875,0.0,63.421875,4.239194393157959
12,100,4,none,0,473,52.5625,86.37109375,0.0,62.6875,3.725782871246338
12,100,4,none,0,474,51.671875,87.33203125,0.0,63.6484375,4.167026519775391
12,100,4,none,0,475,51.95703125,87.43359375,0.0,63.25,4.102931499481201
12,100,4,none,0,476,50.6484375,87.6328125,0.0,63.74609375,4.297234535217285
12,100,4,none,0,477,51.1484375,87.71484375,0.0,63.47265625,4.215561866760254
12,100,4,none,0,478,50.98828125,87.53515625,0.0,63.9140625,4.349285125732422
12,100,4,none,0,479,49.72265625,86.40625,0.0,64.24609375,4.480666160583496
12,100,4,none,0,480,50.88671875,87.50390625,0.0,63.43359375,4.150555610656738
12,100,4,none,0,481,50.64453125,86.859375,0.0,63.7265625,4.048862457275391
12,100,4,none,0,482,49.90625,86.66796875,0.0,63.875,4.343687057495117
12,100,4,none,0,483,49.6015625,87.40234375,0.0,64.234375,4.406869888305664
12,100,4,none,0,484,50.7265625,87.2578125,0.0,63.83984375,4.175652503967285
12,100,4,none,0,485,51.17578125,87.9140625,0.0,63.41015625,4.250880718231201
12,100,4,none,0,486,50.19140625,86.8828125,0.0,64.37109375,4.373048782348633
12,100,4,none,0,487,49.12109375,87.02734375,0.0,63.90625,4.537696838378906
12,100,4,none,0,488,50.40625,87.9140625,0.0,64.0390625,4.418556213378906
12,100,4,none,0,489,49.26953125,87.65625,0.0,64.1640625,4.524871826171875
12,100,4,none,0,490,50.28515625,86.72265625,0.0,64.2734375,4.3684916496276855
12,100,4,none,0,491,49.625,86.9140625,0.0,64.32421875,4.714552879333496
12,100,4,none,0,492,50.0546875,87.62109375,0.0,63.5703125,4.488055229187012
12,100,4,none,0,493,49.953125,87.27734375,0.0,63.8046875,4.4192399978637695
12,100,4,none,0,494,49.46484375,86.7578125,0.0,63.51953125,4.391570568084717
12,100,4,none,0,495,50.42578125,87.78125,0.0,63.703125,4.309246063232422
12,100,4,none,0,496,49.265625,87.8984375,0.0,64.16796875,4.536036968231201
12,100,4,none,0,497,49.0234375,88.08203125,0.0,64.32421875,4.797234535217285
12,100,4,none,0,498,48.73046875,87.2578125,0.0,64.375,4.616864204406738
12,100,4,none,0,499,48.55859375,87.04296875,0.0,64.30078125,4.797299861907959
12,100,4,none,0,500,49.7421875,87.5703125,0.0,64.0625,4.502703666687012
12,100,4,none,0,501,48.57421875,87.421875,0.0,64.20703125,4.499220848083496
12,100,4,none,0,502,47.83984375,87.01953125,0.0,65.04296875,4.8909196853637695
12,100,4,none,0,503,48.78515625,87.12109375,0.0,64.4140625,4.622983455657959
12,100,4,none,0,504,48.4765625,87.81640625,0.0,64.484375,4.602377891540527
12,100,4,none,0,505,47.91015625,88.05859375,0.0,64.55078125,4.770671844482422
12,100,4,none,0,506,48.57421875,88.078125,0.0,64.43359375,4.754754066467285
12,100,4,none,0,507,49.09375,88.19921875,0.0,64.52734375,4.751336097717285
12,100,4,none,0,508,49.34375,87.5859375,0.0,64.5,4.619109630584717
12,100,4,none,0,509,49.0390625,87.9453125,0.0,64.41796875,4.583758354187012
12,100,4,none,0,510,48.984375,87.6015625,0.0,64.765625,4.645444393157959
12,100,4,none,0,511,49.04296875,88.46484375,0.0,64.359375,4.8757829666137695
12,100,4,none,0,512,49.53515625,87.9609375,0.0,64.4140625,4.566114902496338
12,100,4,none,0,513,49.4921875,87.890625,0.0,64.5234375,4.64472770690918
12,100,4,none,0,514,49.25,88.31640625,0.0,64.2421875,4.782065391540527
12,100,4,none,0,515,48.49609375,88.4765625,0.0,64.3046875,4.9304704666137695
12,100,4,none,0,516,48.890625,88.9140625,0.0,64.15625,4.860711574554443
12,100,4,none,0,517,48.84765625,88.3515625,0.0,64.42578125,4.726108551025391
12,100,4,none,0,518,48.81640625,88.1484375,0.0,64.01171875,4.601531505584717
12,100,4,none,0,519,49.08984375,87.703125,0.0,64.78515625,4.757065773010254
12,100,4,none,0,520,49.83984375,87.97265625,0.0,64.36328125,4.55631685256958
12,100,4,none,0,521,49.07421875,87.75390625,0.0,64.6640625,4.573178291320801
12,100,4,none,0,522,48.296875,88.30078125,0.0,64.84375,4.795835018157959
12,100,4,none,0,523,48.9375,87.66015625,0.0,64.62890625,4.642286777496338
12,100,4,none,0,524,48.58984375,88.38671875,0.0,64.32421875,4.715007781982422
12,100,4,none,0,525,49.140625,89.06640625,0.0,64.453125,4.746323585510254
12,100,4,none,0,526,48.7109375,88.23046875,0.0,64.49609375,4.924936294555664
12,100,4,none,0,527,49.15625,88.359375,0.0,64.015625,4.50166130065918
12,100,4,none,0,528,48.03125,89.1875,0.0,64.5703125,5.048699855804443
12,100,4,none,0,529,48.0546875,89.515625,0.0,64.703125,5.085874080657959
12,100,4,none,0,530,47.2890625,88.65234375,0.0,65.1171875,5.220379829406738
12,100,4,none,0,531,48.40625,88.21875,0.0,65.08984375,4.94401216506958
12,100,4,none,0,532,47.87109375,89.16796875,0.0,64.828125,4.908334732055664
12,100,4,none,0,533,47.8203125,88.9453125,0.0,65.0546875,5.047267436981201
12,100,4,none,0,534,46.87890625,88.30859375,0.0,64.7578125,4.962794780731201
12,100,4,none,0,535,47.5546875,88.3984375,0.0,64.8125,4.967677593231201
12,100,4,none,0,536,47.23828125,88.84765625,0.0,64.65625,4.9626970291137695
12,100,4,none,0,537,47.515625,88.05859375,0.0,64.7734375,4.893068313598633
12,100,4,none,0,538,47.16796875,87.58203125,0.0,65.08984375,5.0232439041137695
12,100,4,none,0,539,47.48828125,88.3515625,0.0,65.16015625,4.989389419555664
12,100,4,none,0,540,47.66796875,88.00390625,0.0,65.31640625,5.051108360290527
12,100,4,none,0,541,46.9375,90.7890625,0.0,64.69140625,5.072788238525391
12,100,4,none,0,542,47.5,88.89453125,0.0,64.75390625,5.02946138381958
12,100,4,none,0,543,47.07421875,89.63671875,0.0,65.09375,5.134116172790527
12,100,4,none,0,544,47.05078125,88.87109375,0.0,64.984375,5.100067138671875
12,100,4,none,0,545,45.48828125,89.62109375,0.0,65.41796875,5.456967830657959
12,100,4,none,0,546,47.06640625,89.2578125,0.0,65.26953125,5.077768802642822
12,100,4,none,0,547,47.53515625,88.9921875,0.0,65.3828125,5.065203666687012
12,100,4,none,0,548,47.21484375,90.68359375,0.0,65.03125,5.215268611907959
12,100,4,none,0,549,47.640625,90.02734375,0.0,64.88671875,4.977996349334717
12,100,4,none,0,550,46.37890625,90.16015625,0.0,65.2265625,5.505373001098633
12,100,4,none,0,551,47.78125,89.703125,0.0,64.7265625,5.040529251098633
12,100,4,none,0,552,45.9765625,88.8828125,0.0,65.8515625,5.584083557128906
12,100,4,none,0,553,46.69140625,90.49609375,0.0,65.37109375,5.383758544921875
12,100,4,none,0,554,46.79296875,90.38671875,0.0,64.8828125,5.294044494628906
12,100,4,none,0,555,47.41015625,90.2109375,0.0,65.3125,5.2991228103637695
12,100,4,none,0,556,46.89453125,90.76171875,0.0,65.27734375,5.3860368728637695
12,100,4,none,0,557,45.31640625,90.7890625,0.0,65.64453125,5.824220180511475
12,100,4,none,0,558,46.84765625,89.59765625,0.0,65.3203125,5.324610710144043
12,100,4,none,0,559,46.9453125,90.19921875,0.0,65.5078125,5.655145168304443
12,100,4,none,0,560,46.65234375,90.68359375,0.0,65.484375,5.454363822937012
12,100,4,none,0,561,46.390625,90.80859375,0.0,65.61328125,5.544988632202148
12,100,4,none,0,562,47.2421875,90.671875,0.0,65.2265625,5.178419589996338
12,100,4,none,0,563,47.3359375,89.36328125,0.0,65.28125,5.234930038452148
12,100,4,none,0,564,47.02734375,90.23828125,0.0,65.07421875,5.292351722717285
12,100,4,none,0,565,46.3515625,89.55078125,0.0,65.4296875,5.345900535583496
12,100,4,none,0,566,46.546875,90.16796875,0.0,65.546875,5.3972673416137695
12,100,4,none,0,567,46.1640625,90.33984375,0.0,65.4140625,5.444923400878906
12,100,4,none,0,568,46.1953125,89.9375,0.0,65.41015625,5.5007829666137695
12,100,4,none,0,569,46.42578125,89.3984375,0.0,65.60546875,5.294891357421875
12,100,4,none,0,570,47.015625,91.3671875,0.0,65.37109375,5.579005241394043
12,100,4,none,0,571,46.62890625,90.2109375,0.0,65.3984375,5.45576286315918
12,100,4,none,0,572,46.91796875,89.62890625,0.0,65.59765625,5.421258449554443
12,100,4,none,0,573,47.44140625,90.36328125,0.0,65.05078125,5.2869486808776855
12,100,4,none,0,574,47.0703125,90.41796875,0.0,65.73046875,5.389552116394043
12,100,4,none,0,575,46.4453125,90.2734375,0.0,65.328125,5.419793605804443
12,100,4,none,0,576,46.55078125,89.984375,0.0,65.4765625,5.461623191833496
12,100,4,none,0,577,46.6875,89.83984375,0.0,65.55859375,5.3577165603637695
12,100,4,none,0,578,46.51171875,90.55078125,0.0,65.6484375,5.373862266540527
12,100,4,none,0,579,46.21875,90.71875,0.0,65.5546875,5.5714216232299805
12,100,4,none,0,580,47.09765625,90.20703125,0.0,65.53515625,5.485125541687012
12,100,4,none,0,581,46.6015625,91.015625,0.0,65.43359375,5.4851579666137695
12,100,4,none,0,582,46.59765625,90.0390625,0.0,65.08984375,5.308074474334717
12,100,4,none,0,583,46.64453125,90.84375,0.0,65.375,5.383888244628906
12,100,4,none,0,584,46.51171875,91.13671875,0.0,65.69921875,5.735874176025391
12,100,4,none,0,585,46.21875,89.7578125,0.0,65.90234375,5.523179054260254
12,100,4,none,0,586,46.578125,90.31640625,0.0,65.41796875,5.425294399261475
12,100,4,none,0,587,45.5859375,90.5,0.0,66.203125,5.804330825805664
12,100,4,none,0,588,45.90625,90.68359375,0.0,66.1328125,5.554006099700928
12,100,4,none,0,589,46.69140625,89.91015625,0.0,65.671875,5.433920860290527
12,100,4,none,0,590,45.6875,91.08203125,0.0,65.93359375,5.608139991760254
12,100,4,none,0,591,44.33203125,89.73046875,0.0,66.6484375,5.8775739669799805
12,100,4,none,0,592,45.9140625,89.98046875,0.0,66.05078125,5.611394882202148
12,100,4,none,0,593,44.44921875,89.5703125,0.0,66.4609375,5.785809516906738
12,100,4,none,0,594,45.453125,90.03125,0.0,65.98828125,5.4376325607299805
12,100,4,none,0,595,45.53125,89.890625,0.0,66.203125,5.624415874481201
12,100,4,none,0,596,44.69921875,90.46484375,0.0,66.40625,5.910939693450928
12,100,4,none,0,597,45.64453125,90.34765625,0.0,66.4453125,5.777345180511475
12,100,4,none,0,598,46.05859375,90.98828125,0.0,66.06640625,5.547723293304443
12,100,4,none,0,599,45.54296875,90.86328125,0.0,65.83984375,5.647170066833496
12,100,4,none,0,600,46.59375,90.734375,0.0,66.05859375,5.611459732055664
12,100,4,none,0,601,44.93359375,90.7421875,0.0,66.34375,5.853387355804443
12,100,4,none,0,602,45.3515625,91.25390625,0.0,65.88671875,5.581284523010254
12,100,4,none,0,603,44.4453125,90.96484375,0.0,66.5234375,5.946290493011475
12,100,4,none,0,604,45.0,90.578125,0.0,66.53515625,5.8425798416137695
12,100,4,none,0,605,45.26953125,90.54296875,0.0,65.6953125,5.659441947937012
12,100,4,none,0,606,45.30859375,90.6796875,0.0,66.1015625,5.888998985290527
12,100,4,none,0,607,44.2109375,91.53125,0.0,66.51171875,6.117286682128906
12,100,4,none,0,608,44.8984375,91.41796875,0.0,66.390625,5.854819297790527
12,100,4,none,0,609,44.9375,91.18359375,0.0,66.60546875,6.141082286834717
12,100,4,none,0,610,44.4375,91.2890625,0.0,66.39453125,5.935939311981201
12,100,4,none,0,611,44.7109375,90.7421875,0.0,66.40625,5.943295955657959
12,100,4,none,0,612,45.3203125,90.78125,0.0,66.078125,5.700620174407959
12,100,4,none,0,613,44.671875,91.37890625,0.0,66.47265625,5.908172130584717
12,100,4,none,0,614,44.88671875,90.16796875,0.0,66.5546875,5.910418510437012
12,100,4,none,0,615,44.859375,91.48046875,0.0,65.9296875,5.627475738525391
12,100,4,none,0,616,45.26953125,90.66796875,0.0,66.56640625,5.795932769775391
12,100,4,none,0,617,44.9453125,91.23046875,0.0,66.35546875,5.813510894775391
12,100,4,none,0,618,45.31640625,89.2890625,0.0,66.76953125,5.723601818084717
12,100,4,none,0,619,45.02734375,91.046875,0.0,66.42578125,5.829461574554443
12,100,4,none,0,620,44.07421875,91.30078125,0.0,66.44921875,6.101922512054443
12,100,4,none,0,621,45.60546875,92.80859375,0.0,65.7109375,5.845216751098633
12,100,4,none,0,622,44.15625,92.09375,0.0,66.4140625,6.130242824554443
12,100,4,none,0,623,45.03125,92.29296875,0.0,66.21875,6.021388530731201
12,100,4,none,0,624,44.921875,92.59375,0.0,66.203125,6.134637355804443
12,100,4,none,0,625,45.0703125,93.53125,0.0,66.26953125,6.181382179260254
12,100,4,none,0,626,45.171875,93.08984375,0.0,66.25,6.157912254333496
12,100,4,none,0,627,45.66796875,91.765625,0.0,66.1015625,5.881056785583496
12,100,4,none,0,628,44.734375,92.546875,0.0,66.03515625,5.981870174407959
12,100,4,none,0,629,45.09765625,92.40625,0.0,66.36328125,6.088054656982422
12,100,4,none,0,630,44.3984375,91.87890625,0.0,66.52734375,6.088152885437012
12,100,4,none,0,631,44.3046875,92.02734375,0.0,66.7421875,6.074676513671875
12,100,4,none,0,632,44.96484375,92.15625,0.0,66.48046875,5.977149963378906
12,100,4,none,0,633,44.3984375,92.21484375,0.0,66.78515625,6.356707572937012
12,100,4,none,0,634,44.9296875,92.5,0.0,66.77734375,6.128419399261475
12,100,4,none,0,635,43.4765625,92.390625,0.0,66.6875,6.230535507202148
12,100,4,none,0,636,44.56640625,92.05078125,0.0,66.34375,6.091506004333496
12,100,4,none,0,637,43.0859375,93.05078125,0.0,66.98828125,6.452247619628906
12,100,4,none,0,638,44.109375,92.74609375,0.0,66.7890625,6.333432674407959
12,100,4,none,0,639,43.48828125,93.93359375,0.0,67.046875,6.676433563232422
12,100,4,none,0,640,44.60546875,92.51953125,0.0,66.99609375,6.341407775878906
12,100,4,none,0,641,44.27734375,92.84765625,0.0,66.71484375,6.276597023010254
12,100,4,none,0,642,43.95703125,92.87890625,0.0,66.94921875,6.1706390380859375
12,100,4,none,0,643,44.06640625,92.671875,0.0,66.8984375,6.37129020690918
12,100,4,none,0,644,43.6796875,93.0390625,0.0,66.87109375,6.386134147644043
12,100,4,none,0,645,44.8359375,93.3515625,0.0,66.99609375,6.446844100952148
12,100,4,none,0,646,43.5625,94.02734375,0.0,66.75390625,6.561199188232422
12,100,4,none,0,647,43.55078125,94.015625,0.0,67.0546875,6.567840099334717
12,100,4,none,0,648,43.66015625,92.83984375,0.0,66.91015625,6.515561580657959
12,100,4,none,0,649,43.70703125,93.39453125,0.0,67.265625,6.549415588378906
12,100,4,none,0,650,43.03125,93.68359375,0.0,67.07421875,6.6778669357299805
12,100,4,none,0,651,43.01953125,93.97265625,0.0,66.80078125,6.584995269775391
12,100,4,none,0,652,43.9375,93.640625,0.0,67.46484375,6.662208557128906
12,100,4,none,0,653,43.55859375,93.875,0.0,67.15234375,6.693328857421875
12,100,4,none,0,654,43.81640625,93.984375,0.0,67.1953125,6.658660888671875
12,100,4,none,0,655,42.8203125,94.0546875,0.0,66.734375,6.587241172790527
12,100,4,none,0,656,42.48828125,93.8828125,0.0,67.6875,6.898080825805664
12,100,4,none,0,657,43.1953125,94.02734375,0.0,67.12109375,6.739617824554443
12,100,4,none,0,658,44.05859375,93.5625,0.0,66.60546875,6.437599182128906
12,100,4,none,0,659,43.56640625,93.921875,0.0,67.07421875,6.482944488525391
12,100,4,none,0,660,42.80078125,94.09765625,0.0,67.51953125,6.777606010437012
12,100,4,none,0,661,42.33984375,93.453125,0.0,67.625,6.850164413452148
12,100,4,none,0,662,44.01171875,92.44140625,0.0,67.609375,6.566864013671875
12,100,4,none,0,663,43.2890625,92.69140625,0.0,67.5625,6.586785316467285
12,100,4,none,0,664,42.14453125,94.1640625,0.0,67.453125,6.906056880950928
12,100,4,none,0,665,43.3359375,93.16015625,0.0,66.83984375,6.499610900878906
12,100,4,none,0,666,42.3984375,94.0859375,0.0,67.4296875,6.702508449554443
12,100,4,none,0,667,43.0390625,93.40234375,0.0,67.52734375,6.741538047790527
12,100,4,none,0,668,43.23828125,93.13671875,0.0,67.64453125,6.7702484130859375
12,100,4,none,0,669,43.3125,93.21875,0.0,66.83984375,6.431088924407959
12,100,4,none,0,670,42.4765625,92.796875,0.0,67.79296875,6.674188137054443
12,100,4,none,0,671,42.48828125,92.6015625,0.0,67.25,6.531512260437012
12,100,4,none,0,672,42.40234375,93.03125,0.0,67.3984375,6.571486473083496
12,100,4,none,0,673,41.80078125,93.515625,0.0,67.05859375,6.684865474700928
12,100,4,none,0,674,42.6796875,92.4375,0.0,67.625,6.711720943450928
12,100,4,none,0,675,41.4375,93.3203125,0.0,67.82421875,7.0352888107299805
12,100,4,none,0,676,42.43359375,94.3359375,0.0,67.515625,6.739031791687012
12,100,4,none,0,677,41.53515625,93.515625,0.0,67.56640625,6.999643325805664
12,100,4,none,0,678,42.8359375,93.67578125,0.0,67.328125,6.624513626098633
12,100,4,none,0,679,41.6953125,94.27734375,0.0,67.6328125,6.966635704040527
12,100,4,none,0,680,41.96875,94.90234375,0.0,67.4921875,7.078908443450928
12,100,4,none,0,681,42.21484375,94.26171875,0.0,68.0234375,7.066668510437012
12,100,4,none,0,682,42.47265625,93.953125,0.0,67.91796875,7.055144786834717
12,100,4,none,0,683,43.4765625,94.2265625,0.0,67.46484375,6.677020072937012
12,100,4,none,0,684,42.640625,95.21484375,0.0,67.63671875,7.08063268661499
12,100,4,none,0,685,42.1015625,94.35546875,0.0,67.8671875,7.0772809982299805
12,100,4,none,0,686,41.82421875,94.609375,0.0,67.9140625,6.991179943084717
12,100,4,none,0,687,42.27734375,95.14453125,0.0,67.625,7.008302211761475
12,100,4,none,0,688,41.83203125,95.3671875,0.0,67.9296875,7.027020454406738
12,100,4,none,0,689,42.3515625,94.57421875,0.0,67.56640625,6.987502098083496
12,100,4,none,0,690,40.875,95.41796875,0.0,67.86328125,7.170412063598633
12,100,4,none,0,691,41.36328125,94.8984375,0.0,67.76171875,7.040236473083496
12,100,4,none,0,692,41.7109375,93.8515625,0.0,68.0234375,6.994728088378906
12,100,4,none,0,693,41.5703125,94.54296875,0.0,67.8671875,6.838641166687012
12,100,4,none,0,694,40.98046875,94.0234375,0.0,68.109375,7.093459129333496
12,100,4,none,0,695,40.890625,94.00390625,0.0,68.19140625,7.066115379333496
12,100,4,none,0,696,40.921875,94.171875,0.0,68.109375,7.096160411834717
12,100,4,none,0,697,40.70703125,95.4140625,0.0,68.30859375,7.370248794555664
12,100,4,none,0,698,40.62890625,94.05859375,0.0,68.02734375,7.207520961761475
12,100,4,none,0,699,40.703125,94.71875,0.0,67.984375,7.036785125732422
12,100,4,none,0,700,41.51953125,94.42578125,0.0,67.7890625,6.967156887054443
12,100,4,none,0,701,41.62890625,95.28125,0.0,68.234375,7.068946838378906
12,100,4,none,0,702,41.53515625,94.734375,0.0,68.12109375,7.056349754333496
12,100,4,none,0,703,40.671875,94.9296875,0.0,68.4921875,7.296908855438232
12,100,4,none,0,704,40.67578125,94.98046875,0.0,68.375,7.373016357421875
12,100,4,none,0,705,40.25390625,95.57421875,0.0,68.0078125,7.421258449554443
12,100,4,none,0,706,41.15234375,94.74609375,0.0,68.01171875,7.141505718231201
12,100,4,none,0,707,41.53515625,95.109375,0.0,68.11328125,7.101824760437012
12,100,4,none,0,708,41.03125,96.13671875,0.0,67.71484375,7.403419494628906
12,100,4,none,0,709,41.92578125,95.0390625,0.0,67.83984375,7.165268898010254
12,100,4,none,0,710,41.65625,96.0703125,0.0,67.9453125,7.191864013671875
12,100,4,none,0,711,40.859375,94.640625,0.0,68.3046875,7.369598388671875
12,100,4,none,0,712,40.140625,96.234375,0.0,67.95703125,7.6285505294799805
12,100,4,none,0,713,41.41796875,96.578125,0.0,67.8671875,7.340073585510254
12,100,4,none,0,714,40.4609375,95.3359375,0.0,68.2265625,7.412664413452148
12,100,4,none,0,715,40.96875,97.13671875,0.0,67.65625,7.326889991760254
12,100,4,none,0,716,40.22265625,96.24609375,0.0,68.43359375,7.618133544921875
12,100,4,none,0,717,40.67578125,96.17578125,0.0,68.2421875,7.362371444702148
12,100,4,none,0,718,40.56640625,95.75390625,0.0,68.23828125,7.435710906982422
12,100,4,none,0,719,40.9140625,94.88671875,0.0,68.36328125,7.281479835510254
12,100,4,none,0,720,41.41015625,96.43359375,0.0,67.91015625,7.098243713378906
12,100,4,none,0,721,40.1484375,94.78125,0.0,68.515625,7.400392055511475
12,100,4,none,0,722,40.84375,95.98828125,0.0,68.28125,7.371030330657959
12,100,4,none,0,723,40.97265625,95.6015625,0.0,67.80859375,7.140040397644043
12,100,4,none,0,724,40.48828125,95.453125,0.0,68.3203125,7.395086288452148
12,100,4,none,0,725,40.578125,95.96484375,0.0,68.32421875,7.343035697937012
12,100,4,none,0,726,39.70703125,96.03125,0.0,68.171875,7.350034236907959
12,100,4,none,0,727,39.84765625,95.19921875,0.0,68.7578125,7.289226531982422
12,100,4,none,0,728,40.5625,95.0078125,0.0,68.984375,7.3918962478637695
12,100,4,none,0,729,39.015625,95.77734375,0.0,68.67578125,7.425197124481201
12,100,4,none,0,730,40.28515625,95.453125,0.0,68.46875,7.323049068450928
12,100,4,none,0,731,40.37109375,95.6640625,0.0,68.5625,7.4139018058776855
12,100,4,none,0,732,38.89453125,95.0546875,0.0,68.67578125,7.475001811981201
12,100,4,none,0,733,40.0078125,94.51953125,0.0,69.1640625,7.422364711761475
12,100,4,none,0,734,39.15625,95.2109375,0.0,68.65234375,7.5085296630859375
12,100,4,none,0,735,39.27734375,95.9609375,0.0,68.98046875,7.782065391540527
12,100,4,none,0,736,39.51953125,95.8046875,0.0,68.78515625,7.513217926025391
12,100,4,none,0,737,38.91796875,95.50390625,0.0,69.11328125,7.594825744628906
12,100,4,none,0,738,38.8125,96.32421875,0.0,68.7109375,7.740886688232422
12,100,4,none,0,739,38.89453125,95.58984375,0.0,69.01953125,7.584995269775391
12,100,4,none,0,740,39.7734375,96.03515625,0.0,68.921875,7.544793605804443
12,100,4,none,0,741,39.28125,96.328125,0.0,68.7421875,7.673764705657959
12,100,4,none,0,742,39.72265625,95.20703125,0.0,68.87109375,7.659506797790527
12,100,4,none,0,743,39.12890625,97.1953125,0.0,68.8125,7.749610900878906
12,100,4,none,0,744,38.875,96.64453125,0.0,68.6484375,7.727280616760254
12,100,4,none,0,745,38.76953125,95.40625,0.0,69.2890625,7.697821617126465
12,100,4,none,0,746,38.234375,96.16796875,0.0,68.94140625,7.685873985290527
12,100,4,none,0,747,38.69140625,96.859375,0.0,69.171875,7.864487648010254
12,100,4,none,0,748,38.640625,97.2421875,0.0,68.84765625,7.776303768157959
12,100,4,none,0,749,39.296875,97.55078125,0.0,69.03515625,7.8263044357299805
12,100,4,none,0,750,39.48828125,97.4765625,0.0,68.8671875,7.750229835510254
12,100,4,none,0,751,39.37109375,97.33984375,0.0,69.08203125,7.837371349334717
12,100,4,none,0,752,39.26171875,97.0859375,0.0,68.6875,7.678061485290527
12,100,4,none,0,753,38.6875,96.6015625,0.0,68.859375,7.754656791687012
12,100,4,none,0,754,38.42578125,97.359375,0.0,69.25390625,8.107131004333496
12,100,4,none,0,755,39.5625,97.3125,0.0,68.96875,7.88287878036499
12,100,4,none,0,756,38.86328125,97.05078125,0.0,69.09375,7.851954936981201
12,100,4,none,0,757,38.4921875,97.734375,0.0,69.0,7.968263149261475
12,100,4,none,0,758,38.4453125,97.8046875,0.0,69.375,8.082488059997559
12,100,4,none,0,759,39.58203125,97.71484375,0.0,68.49609375,7.756316661834717
12,100,4,none,0,760,38.609375,97.41015625,0.0,69.11328125,8.072690963745117
12,100,4,none,0,761,38.30078125,98.50390625,0.0,69.08203125,8.020509719848633
12,100,4,none,0,762,38.3203125,97.9375,0.0,69.34375,8.028679847717285
12,100,4,none,0,763,39.05859375,97.19140625,0.0,68.828125,7.790268898010254
12,100,4,none,0,764,38.1796875,97.28515625,0.0,69.3671875,8.06191635131836
12,100,4,none,0,765,37.8359375,98.8203125,0.0,69.265625,8.14261245727539
12,100,4,none,0,766,38.37109375,97.91796875,0.0,69.27734375,8.066993713378906
12,100,4,none,0,767,38.84765625,98.26953125,0.0,68.58203125,7.941147804260254
12,100,4,none,0,768,37.75,99.2265625,0.0,69.421875,8.36429214477539
12,100,4,none,0,769,37.48046875,98.65234375,0.0,69.5078125,8.354103088378906
12,100,4,none,0,770,38.69921875,98.1015625,0.0,69.05859375,8.030177116394043
12,100,4,none,0,771,38.87109375,98.4765625,0.0,68.9296875,7.971616268157959
12,100,4,none,0,772,38.34765625,97.58984375,0.0,69.5546875,8.077768325805664
12,100,4,none,0,773,37.046875,98.2265625,0.0,69.359375,8.15677261352539
12,100,4,none,0,774,38.6640625,98.140625,0.0,69.25,8.10062026977539
12,100,4,none,0,775,37.0078125,98.14453125,0.0,69.66796875,8.337404251098633
12,100,4,none,0,776,37.21875,97.6875,0.0,69.63671875,8.206252098083496
12,100,4,none,0,777,37.22265625,97.60546875,0.0,69.8046875,8.266862869262695
12,100,4,none,0,778,37.0625,98.5078125,0.0,69.70703125,8.277345657348633
12,100,4,none,0,779,36.99609375,98.5625,0.0,69.6953125,8.364356994628906
12,100,4,none,0,780,36.6484375,98.1484375,0.0,69.84375,8.411883354187012
12,100,4,none,0,781,36.94140625,98.6171875,0.0,69.34765625,8.12832260131836
12,100,4,none,0,782,37.25390625,98.48046875,0.0,69.62109375,8.36074447631836
12,100,4,none,0,783,37.6484375,99.06640625,0.0,69.1953125,8.299448013305664
12,100,4,none,0,784,36.796875,98.77734375,0.0,69.6640625,8.346323013305664
12,100,4,none,0,785,37.19921875,98.98828125,0.0,69.453125,8.395444869995117
12,100,4,none,0,786,37.01953125,99.27734375,0.0,69.6484375,8.398211479187012
12,100,4,none,0,787,37.51171875,99.6796875,0.0,69.41796875,8.417547225952148
12,100,4,none,0,788,37.0078125,100.15234375,0.0,69.43359375,8.56425952911377
12,100,4,none,0,789,37.01953125,99.48828125,0.0,69.7109375,8.415594100952148
12,100,4,none,0,790,37.984375,99.46484375,0.0,69.59765625,8.42386245727539
12,100,4,none,0,791,36.80859375,99.35546875,0.0,70.08203125,8.63398551940918
12,100,4,none,0,792,37.09375,98.48046875,0.0,69.6640625,8.46351146697998
12,100,4,none,0,793,37.04296875,99.0234375,0.0,70.09765625,8.623764991760254
12,100,4,none,0,794,36.69921875,99.4296875,0.0,69.3515625,8.302312850952148
12,100,4,none,0,795,37.17578125,98.8046875,0.0,69.67578125,8.367677688598633
12,100,4,none,0,796,36.30859375,98.57421875,0.0,69.70703125,8.459246635437012
12,100,4,none,0,797,36.68359375,98.95703125,0.0,69.80859375,8.46035385131836
12,100,4,none,0,798,37.3828125,99.43359375,0.0,69.31640625,8.399513244628906
12,100,4,none,0,799,36.46484375,98.74609375,0.0,69.87890625,8.579591751098633
12,100,4,none,0,800,36.46875,98.703125,0.0,70.47265625,8.663446426391602
12,100,4,none,0,801,36.5234375,99.12109375,0.0,69.56640625,8.382684707641602
12,100,4,none,0,802,36.171875,99.32421875,0.0,70.0,8.636882781982422
12,100,4,none,0,803,36.03515625,99.62109375,0.0,70.25390625,8.712371826171875
12,100,4,none,0,804,36.5859375,99.578125,0.0,69.87109375,8.553484916687012
12,100,4,none,0,805,36.0078125,99.8125,0.0,70.05859375,8.691408157348633
12,100,4,none,0,806,35.1953125,99.625,0.0,70.66015625,8.99062728881836
12,100,4,none,0,807,35.48828125,100.01171875,0.0,70.5859375,8.931870460510254
12,100,4,none,0,808,35.703125,100.2109375,0.0,70.09375,8.793947219848633
12,100,4,none,0,809,35.76171875,99.83203125,0.0,70.546875,8.842645645141602
12,100,4,none,0,810,36.95703125,99.36328125,0.0,70.0,8.405210494995117
12,100,4,none,0,811,35.671875,99.63671875,0.0,70.69140625,8.816082000732422
12,100,4,none,0,812,34.8515625,99.8359375,0.0,70.83984375,8.971357345581055
12,100,4,none,0,813,34.51953125,99.89453125,0.0,70.64453125,8.84524917602539
12,100,4,none,0,814,34.83984375,98.57421875,0.0,70.73046875,8.888315200805664
12,100,4,none,0,815,35.14453125,98.83984375,0.0,70.1640625,8.619338035583496
12,100,4,none,0,816,34.984375,99.5546875,0.0,70.44921875,8.780601501464844
12,100,4,none,0,817,35.51171875,98.69140625,0.0,70.4921875,8.769826889038086
12,100,4,none,0,818,34.609375,99.875,0.0,70.9453125,9.085515975952148
12,100,4,none,0,819,35.1875,100.2265625,0.0,70.54296875,9.046323776245117
12,100,4,none,0,820,34.51171875,99.86328125,0.0,70.9609375,9.053386688232422
12,100,4,none,0,821,34.72265625,100.4453125,0.0,70.8203125,9.21009349822998
12,100,4,none,0,822,35.24609375,101.359375,0.0,70.55859375,9.207195281982422
12,100,4,none,0,823,35.109375,102.04296875,0.0,70.62890625,9.151532173156738
12,100,4,none,0,824,34.7890625,100.41015625,0.0,70.48828125,9.178354263305664
12,100,4,none,0,825,35.27734375,101.9765625,0.0,70.4375,9.197917938232422
12,100,4,none,0,826,35.37890625,101.64453125,0.0,70.53125,9.145606994628906
12,100,4,none,0,827,36.2734375,100.90234375,0.0,70.625,8.980764389038086
12,100,4,none,0,828,34.81640625,101.3359375,0.0,70.890625,9.235580444335938
12,100,4,none,0,829,35.37109375,102.390625,0.0,70.5,9.149611473083496
12,100,4,none,0,830,34.9296875,100.7265625,0.0,70.57421875,9.103485107421875
12,100,4,none,0,831,35.875,101.6875,0.0,70.42578125,9.01259994506836
12,100,4,none,0,832,35.2109375,102.34375,0.0,70.2421875,9.092482566833496
12,100,4,none,0,833,34.890625,101.44921875,0.0,70.671875,8.92874526977539
12,100,4,none,0,834,35.32421875,101.44921875,0.0,70.6796875,9.185548782348633
12,100,4,none,0,835,35.18359375,101.4765625,0.0,70.71875,9.010483741760254
12,100,4,none,0,836,35.82421875,101.1171875,0.0,70.71875,9.011298179626465
12,100,4,none,0,837,35.02734375,100.4296875,0.0,70.6875,9.210418701171875
12,100,4,none,0,838,35.26953125,101.3046875,0.0,70.5703125,8.896095275878906
12,100,4,none,0,839,34.7734375,101.125,0.0,70.75,9.175912857055664
12,100,4,none,0,840,35.2578125,100.734375,0.0,70.78125,9.02627182006836
12,100,4,none,0,841,34.8203125,101.36328125,0.0,70.64453125,9.084246635437012
12,100,4,none,0,842,34.51171875,101.59765625,0.0,70.65234375,9.204591751098633
12,100,4,none,0,843,34.12109375,101.74609375,0.0,70.7890625,9.373210906982422
12,100,4,none,0,844,34.64453125,101.76953125,0.0,70.77734375,9.196876525878906
12,100,4,none,0,845,34.60546875,101.31640625,0.0,70.80859375,9.288055419921875
12,100,4,none,0,846,34.12890625,101.921875,0.0,70.87890625,9.347299575805664
12,100,4,none,0,847,34.1484375,101.65234375,0.0,70.8515625,9.32441520690918
12,100,4,none,0,848,34.328125,101.25390625,0.0,71.03515625,9.192481994628906
12,100,4,none,0,849,34.5390625,101.4453125,0.0,70.76171875,9.08011245727539
12,100,4,none,0,850,35.015625,101.26953125,0.0,70.9296875,9.154070854187012
12,100,4,none,0,851,34.953125,101.55078125,0.0,70.72265625,9.161720275878906
12,100,4,none,0,852,35.44921875,101.921875,0.0,70.92578125,9.150815963745117
12,100,4,none,0,853,34.796875,101.76953125,0.0,70.70703125,9.175653457641602
12,100,4,none,0,854,35.4140625,100.51953125,0.0,70.6484375,8.93398666381836
12,100,4,none,0,855,35.859375,101.265625,0.0,70.55859375,8.99892807006836
12,100,4,none,0,856,33.6015625,101.8203125,0.0,70.94140625,9.376043319702148
12,100,4,none,0,857,34.484375,101.6796875,0.0,71.30078125,9.244077682495117
12,100,4,none,0,858,34.43359375,101.953125,0.0,71.0859375,9.345640182495117
12,100,4,none,0,859,35.26953125,101.26953125,0.0,70.90234375,8.98646068572998
12,100,4,none,0,860,34.3828125,101.9140625,0.0,71.078125,9.254461288452148
12,100,4,none,0,861,33.9453125,101.8828125,0.0,71.13671875,9.395835876464844
12,100,4,none,0,862,33.83203125,103.53515625,0.0,71.27734375,9.66946792602539
12,100,4,none,0,863,33.8515625,102.265625,0.0,71.3203125,9.539129257202148
12,100,4,none,0,864,34.828125,102.58984375,0.0,70.89453125,9.323992729187012
12,100,4,none,0,865,34.03125,102.9765625,0.0,71.05859375,9.501075744628906
12,100,4,none,0,866,34.375,101.62890625,0.0,71.203125,9.442873001098633
12,100,4,none,0,867,34.9921875,102.10546875,0.0,70.88671875,9.245444297790527
12,100,4,none,0,868,34.79296875,101.984375,0.0,70.9140625,9.300783157348633
12,100,4,none,0,869,33.24609375,102.8359375,0.0,71.0546875,9.637046813964844
12,100,4,none,0,870,33.87109375,102.328125,0.0,71.01953125,9.477931022644043
12,100,4,none,0,871,33.32421875,102.37890625,0.0,71.33984375,9.56728744506836
12,100,4,none,0,872,34.07421875,102.421875,0.0,71.20703125,9.330243110656738
12,100,4,none,0,873,33.5390625,101.234375,0.0,71.38671875,9.354657173156738
12,100,4,none,0,874,33.74609375,101.6796875,0.0,71.08984375,9.344110488891602
12,100,4,none,0,875,33.23828125,102.63671875,0.0,71.40625,9.584442138671875
12,100,4,none,0,876,33.78125,102.140625,0.0,71.17578125,9.487306594848633
12,100,4,none,0,877,33.015625,103.16015625,0.0,71.484375,9.76982593536377
12,100,4,none,0,878,33.359375,103.55859375,0.0,71.36328125,9.54121208190918
12,100,4,none,0,879,33.1640625,103.2578125,0.0,71.42578125,9.792449951171875
12,100,4,none,0,880,33.0859375,103.40234375,0.0,71.41796875,9.787762641906738
12,100,4,none,0,881,32.546875,103.71484375,0.0,71.6640625,9.754688262939453
12,100,4,none,0,882,32.90234375,104.3125,0.0,71.40625,9.787078857421875
12,100,4,none,0,883,33.27734375,105.05078125,0.0,70.93359375,9.790268898010254
12,100,4,none,0,884,32.72265625,104.60546875,0.0,71.37109375,9.83899974822998
12,100,4,none,0,885,33.69140625,104.015625,0.0,71.359375,9.726434707641602
12,100,4,none,0,886,33.734375,103.921875,0.0,71.1328125,9.57509994506836
12,100,4,none,0,887,33.3125,104.76953125,0.0,71.4375,9.868459701538086
12,100,4,none,0,888,32.859375,103.953125,0.0,71.7109375,9.937273979187012
12,100,4,none,0,889,32.64453125,104.7109375,0.0,71.5625,10.041473388671875
12,100,4,none,0,890,32.19140625,103.94140625,0.0,71.5703125,9.996356964111328
12,100,4,none,0,891,32.80859375,104.515625,0.0,71.27734375,9.84599781036377
12,100,4,none,0,892,32.43359375,104.10546875,0.0,71.77734375,9.844565391540527
12,100,4,none,0,893,33.0625,104.5859375,0.0,71.8671875,10.013543128967285
12,100,4,none,0,894,32.26171875,104.78125,0.0,72.03515625,10.102215766906738
12,100,4,none,0,895,31.87890625,104.49609375,0.0,71.9296875,10.13538646697998
12,100,4,none,0,896,32.09375,103.99609375,0.0,72.09375,10.050978660583496
12,100,4,none,0,897,31.8125,104.0859375,0.0,72.078125,10.04300308227539
12,100,4,none,0,898,31.31640625,104.78125,0.0,72.16796875,10.125360488891602
12,100,4,none,0,899,32.0859375,103.984375,0.0,71.7421875,10.044794082641602
12,100,4,none,0,900,31.93359375,104.9296875,0.0,72.13671875,10.121192932128906
12,100,4,none,0,901,30.71484375,104.98828125,0.0,71.85546875,10.180795669555664
12,100,4,none,0,902,31.54296875,103.74609375,0.0,72.05859375,10.09974193572998
12,100,4,none,0,903,31.03515625,105.03515625,0.0,71.86328125,10.05833625793457
12,100,4,none,0,904,31.33203125,104.1953125,0.0,72.43359375,10.250001907348633
12,100,4,none,0,905,31.60546875,103.4921875,0.0,72.16015625,10.077248573303223
12,100,4,none,0,906,32.046875,103.6171875,0.0,72.05859375,9.942873001098633
12,100,4,none,0,907,31.79296875,104.578125,0.0,72.1328125,10.121356010437012
12,100,4,none,0,908,32.08203125,103.6796875,0.0,72.375,10.155113220214844
12,100,4,none,0,909,31.21875,104.9609375,0.0,72.3515625,10.512957572937012
12,100,4,none,0,910,32.04296875,104.53515625,0.0,71.953125,10.194826126098633
12,100,4,none,0,911,31.44140625,104.6171875,0.0,71.8984375,10.171941757202148
12,100,4,none,0,912,31.703125,105.0390625,0.0,72.23046875,10.396714210510254
12,100,4,none,0,913,31.0234375,104.4375,0.0,72.4296875,10.159018516540527
12,100,4,none,0,914,30.12890625,104.0,0.0,72.66015625,10.42324447631836
12,100,4,none,0,915,31.171875,104.46484375,0.0,72.16015625,10.188901901245117
12,100,4,none,0,916,30.65234375,104.17578125,0.0,72.69921875,10.388934135437012
12,100,4,none,0,917,30.890625,105.58203125,0.0,72.21484375,10.303810119628906
12,100,4,none,0,918,31.22265625,105.18359375,0.0,72.3359375,10.323471069335938
12,100,4,none,0,919,30.96484375,107.58203125,0.0,72.12109375,10.507716178894043
12,100,4,none,0,920,31.78515625,105.265625,0.0,72.34765625,10.43616771697998
12,100,4,none,0,921,31.80078125,105.0,0.0,72.18359375,10.261199951171875
12,100,4,none,0,922,32.05859375,106.26953125,0.0,71.99609375,10.419696807861328
12,100,4,none,0,923,32.875,106.484375,0.0,71.98046875,10.312013626098633
12,100,4,none,0,924,31.89453125,107.0859375,0.0,71.76953125,10.217937469482422
12,100,4,none,0,925,31.58984375,106.19921875,0.0,72.02734375,10.483205795288086
12,100,4,none,0,926,32.390625,106.06640625,0.0,71.88671875,10.169760704040527
12,100,4,none,0,927,31.921875,106.35546875,0.0,71.9609375,10.30081558227539
12,100,4,none,0,928,32.23046875,106.28515625,0.0,72.07421875,10.233335494995117
12,100,4,none,0,929,32.4453125,105.66015625,0.0,72.2421875,10.281512260437012
12,100,4,none,0,930,31.953125,106.57421875,0.0,71.98046875,10.447853088378906
12,100,4,none,0,931,31.58984375,106.58203125,0.0,72.55859375,10.473634719848633
12,100,4,none,0,932,31.05078125,107.43359375,0.0,72.23828125,10.693426132202148
12,100,4,none,0,933,31.0,106.15234375,0.0,72.1875,10.493230819702148
12,100,4,none,0,934,31.359375,107.4765625,0.0,72.35546875,10.48655891418457
12,100,4,none,0,935,31.2421875,105.484375,0.0,72.7578125,10.495574951171875
12,100,4,none,0,936,31.5,106.29296875,0.0,72.32421875,10.467222213745117
12,100,4,none,0,937,31.28125,105.734375,0.0,72.5390625,10.283921241760254
12,100,4,none,0,938,30.77734375,105.20703125,0.0,72.67578125,10.58548355102539
12,100,4,none,0,939,30.9609375,105.62109375,0.0,72.65625,10.392515182495117
12,100,4,none,0,940,30.7578125,105.08984375,0.0,72.4375,10.252019882202148
12,100,4,none,0,941,30.53515625,106.84375,0.0,72.421875,10.587404251098633
12,100,4,none,0,942,30.69921875,105.37109375,0.0,72.23046875,10.258140563964844
12,100,4,none,0,943,30.66796875,105.35546875,0.0,72.77734375,10.268394470214844
12,100,4,none,0,944,29.953125,105.05859375,0.0,72.890625,10.356708526611328
12,100,4,none,0,945,29.875,105.5234375,0.0,73.15625,10.575685501098633
12,100,4,none,0,946,30.1640625,105.40625,0.0,73.03515625,10.599220275878906
12,100,4,none,0,947,30.73046875,106.21484375,0.0,72.86328125,10.53763198852539
12,100,4,none,0,948,29.9375,106.7890625,0.0,72.75,10.650294303894043
12,100,4,none,0,949,30.40625,106.61328125,0.0,72.8203125,10.644793510437012
12,100,4,none,0,950,30.1171875,105.453125,0.0,72.9375,10.52562141418457
12,100,4,none,0,951,30.8203125,106.41796875,0.0,72.5546875,10.515235900878906
12,100,4,none,0,952,30.39453125,106.1171875,0.0,72.74609375,10.56718921661377
12,100,4,none,0,953,29.8828125,107.1640625,0.0,72.9140625,10.794532775878906
12,100,4,none,0,954,29.90625,106.18359375,0.0,72.8203125,10.742384910583496
12,100,4,none,0,955,29.515625,106.8984375,0.0,72.9921875,10.791376113891602
12,100,4,none,0,956,30.6484375,106.8828125,0.0,72.91015625,10.54017162322998
12,100,4,none,0,957,31.05859375,106.859375,0.0,72.62109375,10.577215194702148
12,100,4,none,0,958,29.41015625,107.6484375,0.0,72.8828125,10.93753433227539
12,100,4,none,0,959,30.03515625,108.06640625,0.0,72.9375,10.786102294921875
12,100,4,none,0,960,29.87890625,107.8828125,0.0,72.91796875,10.891505241394043
12,100,4,none,0,961,29.9296875,107.32421875,0.0,73.01953125,10.846355438232422
12,100,4,none,0,962,30.36328125,107.8203125,0.0,72.77734375,10.672821044921875
12,100,4,none,0,963,29.9296875,106.4609375,0.0,72.93359375,10.67005443572998
12,100,4,none,0,964,29.21875,108.0625,0.0,72.8203125,11.012014389038086
12,100,4,none,0,965,29.1015625,107.2890625,0.0,73.12109375,10.988868713378906
12,100,4,none,0,966,28.9453125,107.96484375,0.0,73.58203125,11.19886302947998
12,100,4,none,0,967,28.82421875,107.6015625,0.0,73.52734375,11.142547607421875
12,100,4,none,0,968,29.5,106.55078125,0.0,73.3515625,10.911883354187012
12,100,4,none,0,969,28.83203125,107.921875,0.0,73.26953125,11.093653678894043
12,100,4,none,0,970,29.25,109.05078125,0.0,73.15234375,11.13626480102539
12,100,4,none,0,971,29.984375,107.3046875,0.0,73.14453125,10.989065170288086
12,100,4,none,0,972,29.0859375,107.60546875,0.0,73.1953125,10.941115379333496
12,100,4,none,0,973,30.078125,107.93359375,0.0,73.04296875,10.865561485290527
12,100,4,none,0,974,28.80859375,108.1015625,0.0,73.2265625,11.032553672790527
12,100,4,none,0,975,29.33203125,108.3515625,0.0,73.24609375,11.075392723083496
12,100,4,none,0,976,29.06640625,108.15625,0.0,73.18359375,11.073275566101074
12,100,4,none,0,977,29.55078125,107.48046875,0.0,73.06640625,10.856513023376465
12,100,4,none,0,978,29.77734375,108.70703125,0.0,72.7734375,10.960158348083496
12,100,4,none,0,979,29.42578125,108.6640625,0.0,72.8203125,10.835386276245117
12,100,4,none,0,980,29.37109375,109.12109375,0.0,72.41015625,10.80130386352539
12,100,4,none,0,981,29.46484375,109.30859375,0.0,72.890625,10.979331970214844
12,100,4,none,0,982,29.16796875,108.984375,0.0,73.01953125,11.09671401977539
12,100,4,none,0,983,29.015625,109.1640625,0.0,73.2734375,11.12718391418457
12,100,4,none,0,984,29.36328125,108.4609375,0.0,73.25390625,10.999969482421875
12,100,4,none,0,985,29.78515625,109.32421875,0.0,72.97265625,11.114423751831055
12,100,4,none,0,986,29.1953125,108.58203125,0.0,73.26953125,11.122267723083496
12,100,4,none,0,987,29.17578125,109.84765625,0.0,73.1015625,11.03665542602539
12,100,4,none,0,988,29.43359375,109.71875,0.0,73.125,11.14857006072998
12,100,4,none,0,989,28.83203125,109.44140625,0.0,73.34375,11.161590576171875
12,100,4,none,0,990,30.73046875,108.4765625,0.0,73.23828125,10.764617919921875
12,100,4,none,0,991,28.97265625,109.84765625,0.0,73.06640625,11.09720230102539
12,100,4,none,0,992,29.015625,108.921875,0.0,73.46484375,11.19485855102539
12,100,4,none,0,993,29.546875,109.3203125,0.0,73.546875,11.153680801391602
12,100,4,none,0,994,30.390625,109.6796875,0.0,73.28515625,11.061297416687012
12,100,4,none,0,995,28.42578125,109.08984375,0.0,74.0,11.409051895141602
12,100,4,none,0,996,29.05078125,109.5390625,0.0,73.5390625,11.210321426391602
12,100,4,none,0,997,29.0078125,108.83203125,0.0,73.5234375,11.153419494628906
12,100,4,none,0,998,28.5625,109.25390625,0.0,73.265625,11.191961288452148
12,100,4,none,0,999,28.1875,109.2421875,0.0,73.55078125,11.279037475585938
12,100,4,none,0,1000,28.96484375,108.71484375,0.0,73.5,11.13818645477295
12,100,4,none,0,1001,28.75390625,107.73046875,0.0,73.48828125,11.150197982788086
12,100,4,none,0,1002,28.140625,107.79296875,0.0,73.8046875,11.319631576538086
12,100,4,none,0,1003,27.42578125,109.84765625,0.0,73.45703125,11.410711288452148
12,100,4,none,0,1004,28.1796875,109.328125,0.0,73.359375,11.353322982788086
12,100,4,none,0,1005,28.14453125,109.0625,0.0,73.64453125,11.374220848083496
12,100,4,none,0,1006,27.07421875,108.7734375,0.0,73.85546875,11.397918701171875
12,100,4,none,0,1007,28.53515625,109.6796875,0.0,73.4921875,11.252410888671875
12,100,4,none,0,1008,28.67578125,109.90234375,0.0,73.23828125,11.409541130065918
12,100,4,none,0,1009,27.94140625,109.6484375,0.0,73.3515625,11.322072982788086
12,100,4,none,0,1010,27.9140625,110.4609375,0.0,73.52734375,11.500295639038086
12,100,4,none,0,1011,28.41796875,109.8359375,0.0,73.53515625,11.446943283081055
12,100,4,none,0,1012,29.203125,110.1875,0.0,73.23828125,11.279363632202148
12,100,4,none,0,1013,29.015625,110.16015625,0.0,73.4921875,11.316668510437012
12,100,4,none,0,1014,28.3828125,110.29296875,0.0,73.82421875,11.586199760437012
12,100,4,none,0,1015,28.03515625,110.30078125,0.0,73.61328125,11.597593307495117
12,100,4,none,0,1016,28.45703125,110.29296875,0.0,73.66796875,11.55667495727539
12,100,4,none,0,1017,28.609375,110.703125,0.0,73.64453125,11.501922607421875
12,100,4,none,0,1018,27.7109375,111.03125,0.0,73.69140625,11.533759117126465
12,100,4,none,0,1019,29.01171875,110.72265625,0.0,73.671875,11.472918510437012
12,100,4,none,0,1020,27.75,110.79296875,0.0,73.51953125,11.468165397644043
12,100,4,none,0,1021,28.74609375,111.03125,0.0,73.49609375,11.434930801391602
12,100,4,none,0,1022,28.04296875,111.5625,0.0,73.48828125,11.593100547790527
12,100,4,none,0,1023,28.3515625,110.95703125,0.0,73.35546875,11.513999938964844
12,100,4,none,0,1024,28.55859375,111.91796875,0.0,73.27734375,11.552312850952148
12,100,4,none,0,1025,28.12890625,112.49609375,0.0,73.4296875,11.545347213745117
12,100,4,none,0,1026,28.44140625,111.84375,0.0,73.72265625,11.689356803894043
12,100,4,none,0,1027,27.79296875,111.234375,0.0,73.66796875,11.739618301391602
12,100,4,none,0,1028,27.8515625,112.96875,0.0,73.8203125,11.85608959197998
12,100,4,none,0,1029,28.83203125,111.96875,0.0,73.49609375,11.575457572937012
12,100,4,none,0,1030,28.421875,112.59765625,0.0,73.4453125,11.72480583190918
12,100,4,none,0,1031,27.94921875,112.59375,0.0,73.56640625,11.616569519042969
12,100,4,none,0,1032,28.6796875,112.2734375,0.0,73.86328125,11.871877670288086
12,100,4,none,0,1033,27.96484375,111.6171875,0.0,73.83203125,11.643458366394043
12,100,4,none,0,1034,27.08984375,111.66015625,0.0,73.96484375,11.949382781982422
12,100,4,none,0,1035,27.5,110.46875,0.0,74.28515625,11.645118713378906
12,100,4,none,0,1036,27.22265625,112.01171875,0.0,73.73828125,11.820281028747559
12,100,4,none,0,1037,26.83203125,111.375,0.0,74.05078125,11.840496063232422
12,100,4,none,0,1038,27.1328125,110.40234375,0.0,73.94921875,11.586786270141602
12,100,4,none,0,1039,27.20703125,111.84375,0.0,73.7890625,11.670313835144043
12,100,4,none,0,1040,26.796875,111.55078125,0.0,74.03515625,11.986395835876465
12,100,4,none,0,1041,26.96484375,111.69921875,0.0,74.26953125,11.851858139038086
12,100,4,none,0,1042,26.6875,111.2109375,0.0,74.171875,11.831316947937012
12,100,4,none,0,1043,26.6328125,111.828125,0.0,74.0625,12.003028869628906
12,100,4,none,0,1044,26.95703125,111.61328125,0.0,74.421875,11.979721069335938
12,100,4,none,0,1045,26.83984375,111.28125,0.0,73.76953125,11.84524917602539
12,100,4,none,0,1046,26.71875,113.28515625,0.0,74.0234375,12.054494857788086
12,100,4,none,0,1047,26.51953125,112.015625,0.0,74.0078125,11.911687850952148
12,100,4,none,0,1048,26.4765625,112.7578125,0.0,74.13671875,12.01953411102295
12,100,4,none,0,1049,27.3125,112.52734375,0.0,73.99609375,11.982976913452148
12,100,4,none,0,1050,27.5234375,112.50390625,0.0,73.6953125,11.604103088378906
12,100,4,none,0,1051,27.6640625,114.09765625,0.0,73.64453125,12.048439025878906
12,100,4,none,0,1052,27.9375,113.6796875,0.0,73.59375,11.726336479187012
12,100,4,none,0,1053,27.203125,111.921875,0.0,74.2265625,11.880274772644043
12,100,4,none,0,1054,27.30078125,113.36328125,0.0,73.90234375,11.776369094848633
12,100,4,none,0,1055,28.85546875,111.8359375,0.0,74.01171875,11.627899169921875
12,100,4,none,0,1056,26.77734375,112.47265625,0.0,73.83203125,11.772951126098633
12,100,4,none,0,1057,26.57421875,113.69921875,0.0,74.1171875,12.12793254852295
12,100,4,none,0,1058,27.14453125,113.76171875,0.0,73.88671875,12.052248001098633
12,100,4,none,0,1059,26.24609375,113.84375,0.0,73.875,12.132781982421875
12,100,4,none,0,1060,26.671875,113.13671875,0.0,74.1640625,12.075912475585938
12,100,4,none,0,1061,27.56640625,113.9375,0.0,73.7578125,11.856803894042969
12,100,4,none,0,1062,26.51171875,112.58203125,0.0,74.6171875,12.211329460144043
12,100,4,none,0,1063,26.60546875,113.55859375,0.0,74.15625,12.07386302947998
12,100,4,none,0,1064,26.54296875,112.33203125,0.0,74.41015625,12.034995079040527
12,100,4,none,0,1065,26.515625,113.3984375,0.0,73.91015625,12.047592163085938
12,100,4,none,0,1066,26.296875,112.6875,0.0,74.59375,12.169273376464844
12,100,4,none,0,1067,26.234375,112.87109375,0.0,74.6796875,12.233660697937012
12,100,4,none,0,1068,26.359375,113.57421875,0.0,74.46484375,12.10224723815918
12,100,4,none,0,1069,26.44921875,113.25,0.0,73.8828125,11.911069869995117
12,100,4,none,0,1070,26.67578125,111.98046875,0.0,74.40625,11.928451538085938
12,100,4,none,0,1071,26.3828125,114.44921875,0.0,74.24609375,12.15540599822998
12,100,4,none,0,1072,25.98828125,113.68359375,0.0,74.37109375,12.040138244628906
12,100,4,none,0,1073,26.078125,113.203125,0.0,74.1015625,12.199514389038086
12,100,4,none,0,1074,26.34375,114.52734375,0.0,73.82421875,12.138641357421875
12,100,4,none,0,1075,28.0859375,116.1796875,0.0,73.7109375,12.074708938598633
12,100,4,none,0,1076,26.59375,114.96875,0.0,74.48828125,12.315528869628906
12,100,4,none,0,1077,25.5390625,115.63671875,0.0,74.44140625,12.60169506072998
12,100,4,none,0,1078,26.05078125,116.30859375,0.0,73.94921875,12.414226531982422
12,100,4,none,0,1079,26.18359375,116.765625,0.0,73.84765625,12.458334922790527
12,100,4,none,0,1080,27.5,115.6015625,0.0,73.828125,12.228354454040527
12,100,4,none,0,1081,27.21484375,114.25390625,0.0,74.21484375,12.15625286102295
12,100,4,none,0,1082,26.30078125,115.48046875,0.0,74.28515625,12.447626113891602
12,100,4,none,0,1083,26.68359375,115.609375,0.0,73.96484375,12.35706615447998
12,100,4,none,0,1084,26.125,114.984375,0.0,74.33203125,12.425848007202148
12,100,4,none,0,1085,26.2265625,116.21484375,0.0,74.65234375,12.604852676391602
12,100,4,none,0,1086,24.69140625,114.0703125,0.0,74.96484375,12.599285125732422
12,100,4,none,0,1087,24.828125,115.046875,0.0,74.4765625,12.609832763671875
12,100,4,none,0,1088,25.65234375,114.9296875,0.0,74.78125,12.41624641418457
12,100,4,none,0,1089,25.82421875,114.78125,0.0,74.5546875,12.419923782348633
12,100,4,none,0,1090,25.546875,115.46875,0.0,74.39453125,12.472755432128906
12,100,4,none,0,1091,25.5078125,115.125,0.0,74.69921875,12.418785095214844
12,100,4,none,0,1092,25.4453125,113.375,0.0,74.90234375,12.320411682128906
12,100,4,none,0,1093,25.2890625,115.578125,0.0,74.81640625,12.606513023376465
12,100,4,none,0,1094,25.28125,113.74609375,0.0,74.74609375,12.369468688964844
12,100,4,none,0,1095,26.3125,115.609375,0.0,74.73046875,12.265106201171875
12,100,4,none,0,1096,25.9375,115.2578125,0.0,74.35546875,12.390822410583496
12,100,4,none,0,1097,25.83203125,114.55859375,0.0,74.53125,12.290464401245117
12,100,4,none,0,1098,26.1640625,116.10546875,0.0,74.42578125,12.54902458190918
12,100,4,none,0,1099,25.3203125,114.31640625,0.0,75.11328125,12.46829605102539
12,100,4,none,0,1100,25.1015625,115.4765625,0.0,75.0390625,12.687566757202148
12,100,4,none,0,1101,24.91796875,115.23828125,0.0,74.92578125,12.677573204040527
12,100,4,none,0,1102,25.4375,115.859375,0.0,74.87890625,12.765562057495117
12,100,4,none,0,1103,24.92578125,115.2578125,0.0,74.9609375,12.662761688232422
12,100,4,none,0,1104,25.48828125,114.68359375,0.0,74.58984375,12.496746063232422
12,100,4,none,0,1105,25.3046875,115.93359375,0.0,75.03125,12.683465957641602
12,100,4,none,0,1106,25.19140625,115.2890625,0.0,74.78125,12.60957145690918
12,100,4,none,0,1107,25.2109375,115.0390625,0.0,74.875,12.586623191833496
12,100,4,none,0,1108,25.23828125,114.9921875,0.0,74.65625,12.42304801940918
12,100,4,none,0,1109,25.16796875,115.02734375,0.0,74.3984375,12.388510704040527
12,100,4,none,0,1110,23.82421875,115.6328125,0.0,75.1484375,12.863478660583496
12,100,4,none,0,1111,24.5859375,116.3359375,0.0,75.04296875,12.876238822937012
12,100,4,none,0,1112,24.43359375,115.734375,0.0,75.06640625,12.795313835144043
12,100,4,none,0,1113,24.3125,116.48046875,0.0,75.09765625,12.909051895141602
12,100,4,none,0,1114,24.94140625,118.09765625,0.0,74.86328125,12.884994506835938
12,100,4,none,0,1115,24.2265625,118.04296875,0.0,74.484375,12.979982376098633
12,100,4,none,0,1116,24.91015625,117.5390625,0.0,74.484375,12.821714401245117
12,100,4,none,0,1117,24.6640625,117.43359375,0.0,75.0625,12.974123001098633
12,100,4,none,0,1118,24.62109375,118.0,0.0,74.6953125,12.991018295288086
12,100,4,none,0,1119,25.09375,117.27734375,0.0,74.47265625,12.789129257202148
12,100,4,none,0,1120,26.10546875,118.01953125,0.0,74.51171875,12.706283569335938
12,100,4,none,0,1121,25.5078125,118.5,0.0,74.8984375,12.869012832641602
12,100,4,none,0,1122,25.40234375,118.015625,0.0,74.65234375,12.827606201171875
12,100,4,none,0,1123,25.99609375,118.24609375,0.0,74.7421875,12.902769088745117
12,100,4,none,0,1124,25.70703125,117.5078125,0.0,74.47265625,12.750880241394043
12,100,4,none,0,1125,25.23828125,117.95703125,0.0,74.671875,12.869110107421875
12,100,4,none,0,1126,24.58984375,117.765625,0.0,74.6875,12.869695663452148
12,100,4,none,0,1127,25.5625,117.3125,0.0,74.46484375,12.736265182495117
12,100,4,none,0,1128,24.9609375,119.3046875,0.0,74.90234375,13.118947982788086
12,100,4,none,0,1129,23.91796875,119.515625,0.0,74.8125,13.047462463378906
12,100,4,none,0,1130,24.1015625,117.703125,0.0,75.14453125,12.992416381835938
12,100,4,none,0,1131,24.203125,116.515625,0.0,75.140625,12.92793083190918
12,100,4,none,0,1132,24.98828125,117.3515625,0.0,75.04296875,12.71341323852539
12,100,4,none,0,1133,24.64453125,117.171875,0.0,74.7890625,12.731382369995117
12,100,4,none,0,1134,24.21875,117.32421875,0.0,74.97265625,12.801596641540527
12,100,4,none,0,1135,24.90234375,117.9609375,0.0,74.62890625,12.717645645141602
12,100,4,none,0,1136,24.18359375,117.3671875,0.0,74.96484375,12.86448860168457
12,100,4,none,0,1137,25.34765625,118.6328125,0.0,74.91015625,12.928778648376465
12,100,4,none,0,1138,23.44921875,117.85546875,0.0,75.20703125,13.004103660583496
12,100,4,none,0,1139,24.5859375,117.49609375,0.0,75.0703125,12.942937850952148
12,100,4,none,0,1140,24.625,118.73046875,0.0,75.33984375,12.974090576171875
12,100,4,none,0,1141,24.15234375,118.2890625,0.0,75.23828125,13.01907730102539
12,100,4,none,0,1142,23.78125,119.578125,0.0,75.359375,13.285320281982422
12,100,4,none,0,1143,23.8203125,118.2890625,0.0,75.14453125,13.103029251098633
12,100,4,none,0,1144,23.98046875,117.5859375,0.0,75.1953125,13.03538703918457
12,100,4,none,0,1145,24.13671875,118.703125,0.0,75.18359375,13.018263816833496
12,100,4,none,0,1146,24.0390625,117.640625,0.0,75.6015625,13.061687469482422
12,100,4,none,0,1147,23.17578125,117.53125,0.0,75.625,13.207000732421875
12,100,4,none,0,1148,23.36328125,117.35546875,0.0,75.78515625,13.212404251098633
12,100,4,none,0,1149,23.86328125,117.15234375,0.0,75.2578125,12.905569076538086
12,100,4,none,0,1150,23.546875,117.3359375,0.0,75.3359375,12.954559326171875
12,100,4,none,0,1151,23.859375,118.16015625,0.0,75.5703125,13.072982788085938
12,100,4,none,0,1152,23.30078125,118.16015625,0.0,75.390625,13.218002319335938
12,100,4,none,0,1153,23.4921875,117.953125,0.0,75.46484375,13.069174766540527
12,100,4,none,0,1154,23.703125,118.66796875,0.0,75.08984375,13.111068725585938
12,100,4,none,0,1155,23.2265625,118.5546875,0.0,75.328125,13.20400619506836
12,100,4,none,0,1156,23.35546875,118.90234375,0.0,75.13671875,13.14453411102295
12,100,4,none,0,1157,23.61328125,119.8046875,0.0,75.4375,13.253257751464844
12,100,4,none,0,1158,23.23046875,120.984375,0.0,75.3125,13.519662857055664
12,100,4,none,0,1159,23.4921875,119.3828125,0.0,75.20703125,13.354494094848633
12,100,4,none,0,1160,23.609375,118.453125,0.0,75.27734375,13.143850326538086
12,100,4,none,0,1161,24.484375,120.57421875,0.0,74.69921875,13.165594100952148
12,100,4,none,0,1162,23.875,119.54296875,0.0,75.35546875,13.373830795288086
12,100,4,none,0,1163,23.96875,120.5703125,0.0,75.31640625,13.43763256072998
12,100,4,none,0,1164,23.0703125,120.09765625,0.0,75.5546875,13.370119094848633
12,100,4,none,0,1165,22.96875,119.87109375,0.0,75.73828125,13.44651985168457
12,100,4,none,0,1166,23.44921875,119.66015625,0.0,75.33203125,13.34144115447998
12,100,4,none,0,1167,23.30859375,120.6875,0.0,75.3984375,13.500328063964844
12,100,4,none,0,1168,22.8359375,120.8359375,0.0,75.44921875,13.54609489440918
12,100,4,none,0,1169,24.56640625,119.93359375,0.0,75.58984375,13.22646713256836
12,100,4,none,0,1170,23.078125,119.3671875,0.0,75.84765625,13.48340129852295
12,100,4,none,0,1171,22.7734375,119.8359375,0.0,75.671875,13.536720275878906
12,100,4,none,0,1172,23.17578125,120.296875,0.0,75.70703125,13.55228042602539
12,100,4,none,0,1173,22.90625,119.7265625,0.0,75.48828125,13.423277854919434
12,100,4,none,0,1174,22.5390625,120.7421875,0.0,75.89453125,13.68118667602539
12,100,4,none,0,1175,22.703125,120.23828125,0.0,75.5390625,13.513705253601074
12,100,4,none,0,1176,22.984375,121.453125,0.0,75.640625,13.64075756072998
12,100,4,none,0,1177,23.16796875,121.63671875,0.0,75.4140625,13.501693725585938
12,100,4,none,0,1178,22.4921875,121.23046875,0.0,75.578125,13.613088607788086
12,100,4,none,0,1179,22.96484375,120.984375,0.0,75.91015625,13.663771629333496
12,100,4,none,0,1180,23.16015625,121.109375,0.0,75.56640625,13.55150032043457
12,100,4,none,0,1181,22.6328125,119.6640625,0.0,75.67578125,13.525554656982422
12,100,4,none,0,1182,22.76171875,121.92578125,0.0,75.8828125,13.77119255065918
12,100,4,none,0,1183,22.4375,122.3125,0.0,75.92578125,13.867612838745117
12,100,4,none,0,1184,22.51171875,121.078125,0.0,75.69921875,13.62034797668457
12,100,4,none,0,1185,22.38671875,121.80078125,0.0,75.81640625,13.754786491394043
12,100,4,none,0,1186,22.4921875,121.984375,0.0,75.84765625,13.82441520690918
12,100,4,none,0,1187,22.71484375,120.8984375,0.0,75.48828125,13.535614013671875
12,100,4,none,0,1188,22.32421875,121.3359375,0.0,76.07421875,13.845314025878906
12,100,4,none,0,1189,22.33984375,122.51953125,0.0,75.85546875,13.937925338745117
12,100,4,none,0,1190,22.89453125,120.921875,0.0,75.76953125,13.710809707641602
12,100,4,none,0,1191,22.08203125,121.42578125,0.0,75.8828125,13.810157775878906
12,100,4,none,0,1192,22.9765625,121.9765625,0.0,75.48828125,13.799186706542969
12,100,4,none,0,1193,22.78125,121.69921875,0.0,76.04296875,13.800684928894043
12,100,4,none,0,1194,22.75390625,121.828125,0.0,75.55859375,13.710906982421875
12,100,4,none,0,1195,22.48046875,122.99609375,0.0,75.98046875,14.054916381835938
12,100,4,none,0,1196,22.2734375,121.8828125,0.0,75.45703125,13.755796432495117
12,100,4,none,0,1197,21.94140625,121.9140625,0.0,76.25390625,13.960906982421875
12,100,4,none,0,1198,21.76953125,121.42578125,0.0,76.1953125,13.868101119995117
12,100,4,none,0,1199,22.25390625,121.5859375,0.0,75.76171875,13.605405807495117
12,100,4,none,0,1200,22.71875,121.03125,0.0,75.5625,13.53847885131836
12,100,4,none,0,1201,22.61328125,120.5859375,0.0,75.81640625,13.606740951538086
12,100,4,none,0,1202,22.640625,121.66796875,0.0,75.85546875,13.655210494995117
12,100,4,none,0,1203,22.34375,123.11328125,0.0,75.72265625,13.808204650878906
12,100,4,none,0,1204,22.4375,121.8359375,0.0,76.0234375,13.725424766540527
12,100,4,none,0,1205,21.96875,122.078125,0.0,76.1328125,13.819272994995117
12,100,4,none,0,1206,22.4296875,122.27734375,0.0,75.83984375,13.809669494628906
12,100,4,none,0,1207,22.4921875,123.97265625,0.0,75.6796875,13.824514389038086
12,100,4,none,0,1208,21.69140625,121.78515625,0.0,76.3046875,13.91419506072998
12,100,4,none,0,1209,21.85546875,122.30078125,0.0,75.9375,13.839683532714844
12,100,4,none,0,1210,21.984375,123.7265625,0.0,76.13671875,14.008563041687012
12,100,4,none,0,1211,22.39453125,122.41015625,0.0,75.66015625,13.843002319335938
12,100,4,none,0,1212,23.0859375,123.28125,0.0,76.03515625,13.792156219482422
12,100,4,none,0,1213,21.875,123.83203125,0.0,76.22265625,14.185028076171875
12,100,4,none,0,1214,22.21875,124.1015625,0.0,75.90625,14.00745677947998
12,100,4,none,0,1215,22.0625,122.56640625,0.0,76.06640625,14.005308151245117
12,100,4,none,0,1216,22.41015625,123.73046875,0.0,75.93359375,13.991147994995117
12,100,4,none,0,1217,22.7421875,123.2734375,0.0,75.83984375,13.918947219848633
12,100,4,none,0,1218,22.84765625,123.328125,0.0,76.30859375,14.019728660583496
12,100,4,none,0,1219,21.9609375,123.34765625,0.0,76.10546875,14.002931594848633
12,100,4,none,0,1220,22.93359375,124.15234375,0.0,75.7890625,13.915399551391602
12,100,4,none,0,1221,22.0859375,124.58203125,0.0,76.3125,14.216733932495117
12,100,4,none,0,1222,21.73828125,123.12890625,0.0,76.26953125,14.153648376464844
12,100,4,none,0,1223,21.99609375,123.25,0.0,76.05078125,14.03388786315918
12,100,4,none,0,1224,21.2421875,123.703125,0.0,76.40625,14.129331588745117
12,100,4,none,0,1225,22.3046875,123.26953125,0.0,76.33203125,14.003974914550781
12,100,4,none,0,1226,21.95703125,123.18359375,0.0,75.90625,13.942156791687012
12,100,4,none,0,1227,21.83984375,124.72265625,0.0,76.0390625,14.049773216247559
12,100,4,none,0,1228,21.12890625,123.49609375,0.0,76.40625,14.163576126098633
12,100,4,none,0,1229,21.140625,123.24609375,0.0,76.171875,14.03821849822998
12,100,4,none,0,1230,21.43359375,124.62109375,0.0,75.82421875,14.16526985168457
12,100,4,none,0,1231,21.35546875,123.046875,0.0,76.44140625,14.05286693572998
12,100,4,none,0,1232,21.70703125,124.23046875,0.0,76.0703125,13.958399772644043
12,100,4,none,0,1233,21.0078125,123.0234375,0.0,76.109375,14.05341911315918
12,100,4,none,0,1234,21.46875,123.46484375,0.0,76.05859375,14.043848991394043
12,100,4,none,0,1235,21.89453125,123.12109375,0.0,76.17578125,13.963054656982422
12,100,4,none,0,1236,20.89453125,124.796875,0.0,76.45703125,14.27308177947998
12,100,4,none,0,1237,21.640625,123.63671875,0.0,76.05078125,13.934019088745117
12,100,4,none,0,1238,20.7890625,123.171875,0.0,76.44921875,14.27454662322998
12,100,4,none,0,1239,21.390625,123.5703125,0.0,76.05078125,14.08655834197998
12,100,4,none,0,1240,20.98828125,124.19140625,0.0,76.5859375,14.25452709197998
12,100,4,none,0,1241,21.0546875,125.0078125,0.0,76.4140625,14.32864761352539
12,100,4,none,0,1242,21.02734375,126.22265625,0.0,76.2890625,14.352866172790527
12,100,4,none,0,1243,20.6484375,124.53515625,0.0,76.390625,14.388511657714844
12,100,4,none,0,1244,20.74609375,125.84765625,0.0,76.58984375,14.47949504852295
12,100,4,none,0,1245,21.12890625,124.8203125,0.0,76.5078125,14.303939819335938
12,100,4,none,0,1246,21.49609375,125.42578125,0.0,76.50390625,14.325098991394043
12,100,4,none,0,1247,21.5,124.46484375,0.0,76.4765625,14.311492919921875
12,100,4,none,0,1248,20.7890625,125.32421875,0.0,76.12890625,14.309995651245117
12,100,4,none,0,1249,21.28125,123.7734375,0.0,76.5,14.292287826538086
12,100,4,none,0,1250,21.5625,125.0234375,0.0,76.34765625,14.277345657348633
12,100,4,none,0,1251,22.08203125,124.87890625,0.0,76.21484375,14.06933879852295
12,100,4,none,0,1252,21.94921875,124.21875,0.0,76.28125,14.17373275756836
12,100,4,none,0,1253,21.2265625,125.62890625,0.0,76.46875,14.407163619995117
12,100,4,none,0,1254,21.5546875,125.6875,0.0,76.21484375,14.273048400878906
12,100,4,none,0,1255,20.84765625,123.73046875,0.0,76.546875,14.275880813598633
12,100,4,none,0,1256,21.4296875,126.91015625,0.0,76.08984375,14.391408920288086
12,100,4,none,0,1257,21.65234375,125.87109375,0.0,76.33203125,14.269142150878906
12,100,4,none,0,1258,21.11328125,125.25390625,0.0,76.65625,14.33792495727539
12,100,4,none,0,1259,21.87890625,125.68359375,0.0,76.16015625,14.167287826538086
12,100,4,none,0,1260,21.9296875,125.96484375,0.0,76.15625,14.279592514038086
12,100,4,none,0,1261,20.78515625,126.23046875,0.0,76.4453125,14.425196647644043
12,100,4,none,0,1262,21.35546875,126.41015625,0.0,76.10546875,14.423147201538086
12,100,4,none,0,1263,20.5078125,126.96484375,0.0,76.51953125,14.620020866394043
12,100,4,none,0,1264,21.203125,126.8984375,0.0,76.3984375,14.575522422790527
12,100,4,none,0,1265,21.3984375,127.6484375,0.0,76.7265625,14.724838256835938
12,100,4,none,0,1266,20.87109375,126.16796875,0.0,76.68359375,14.597559928894043
12,100,4,none,0,1267,20.69921875,126.15234375,0.0,76.65625,14.635841369628906
12,100,4,none,0,1268,20.1015625,127.125,0.0,76.7578125,14.75394058227539
12,100,4,none,0,1269,20.55078125,127.21484375,0.0,77.0546875,14.694206237792969
12,100,4,none,0,1270,21.1171875,128.3359375,0.0,76.44140625,14.55996322631836
12,100,4,none,0,1271,20.28125,127.55078125,0.0,76.84375,14.789487838745117
12,100,4,none,0,1272,21.09765625,126.66796875,0.0,76.75390625,14.620412826538086
12,100,4,none,0,1273,20.375,126.921875,0.0,76.76171875,14.563380241394043
12,100,4,none,0,1274,20.63671875,126.84765625,0.0,76.98828125,14.670672416687012
12,100,4,none,0,1275,20.40234375,126.3515625,0.0,76.73046875,14.589521408081055
12,100,4,none,0,1276,20.34375,128.703125,0.0,76.3671875,14.674643516540527
12,100,4,none,0,1277,20.69140625,127.125,0.0,76.65234375,14.494044303894043
12,100,4,none,0,1278,20.4375,127.46875,0.0,76.55078125,14.757164001464844
12,100,4,none,0,1279,20.58984375,127.78515625,0.0,76.3984375,14.748764038085938
12,100,4,none,0,1280,19.8984375,126.5078125,0.0,76.95703125,14.853973388671875
12,100,4,none,0,1281,20.89453125,128.26171875,0.0,76.5546875,14.843751907348633
12,100,4,none,0,1282,19.72265625,127.3125,0.0,77.046875,14.980567932128906
12,100,4,none,0,1283,19.625,127.5859375,0.0,76.8125,14.835874557495117
12,100,4,none,0,1284,20.4453125,127.84765625,0.0,76.87109375,14.900392532348633
12,100,4,none,0,1285,19.85546875,126.75390625,0.0,76.8671875,14.729820251464844
12,100,4,none,0,1286,20.73828125,127.609375,0.0,76.66015625,14.545768737792969
12,100,4,none,0,1287,20.5234375,127.71484375,0.0,77.06640625,14.785059928894043
12,100,4,none,0,1288,20.09765625,127.59375,0.0,76.828125,14.71045207977295
12,100,4,none,0,1289,20.15234375,128.46484375,0.0,76.59375,14.66604995727539
12,100,4,none,0,1290,20.390625,126.9765625,0.0,76.890625,14.658075332641602
12,100,4,none,0,1291,20.5625,128.20703125,0.0,76.89453125,14.622724533081055
12,100,4,none,0,1292,21.07421875,128.38671875,0.0,76.6875,14.644956588745117
12,100,4,none,0,1293,20.49609375,126.87890625,0.0,77.08984375,14.747039794921875
12,100,4,none,0,1294,19.80859375,128.13671875,0.0,76.90234375,14.811819076538086
12,100,4,none,0,1295,20.02734375,128.3984375,0.0,76.98828125,14.857684135437012
12,100,4,none,0,1296,20.41796875,127.86328125,0.0,76.70703125,14.862566947937012
12,100,4,none,0,1297,20.41796875,128.828125,0.0,76.8203125,14.890887260437012
12,100,4,none,0,1298,20.8515625,129.58203125,0.0,77.0078125,14.950620651245117
12,100,4,none,0,1299,20.14453125,129.984375,0.0,77.2109375,15.158660888671875
12,100,4,none,0,1300,21.19921875,131.74609375,0.0,76.4375,14.903060913085938
12,100,4,none,0,1301,20.7109375,130.00390625,0.0,76.84375,15.01123332977295
12,100,4,none,0,1302,19.94921875,129.6484375,0.0,76.56640625,15.063283920288086
12,100,4,none,0,1303,20.46875,131.53125,0.0,76.42578125,15.042221069335938
12,100,4,none,0,1304,20.5390625,131.33203125,0.0,76.49609375,15.055730819702148
12,100,4,none,0,1305,20.2734375,130.26953125,0.0,76.64453125,14.982292175292969
12,100,4,none,0,1306,20.22265625,130.24609375,0.0,77.03125,15.180959701538086
12,100,4,none,0,1307,19.67578125,130.96484375,0.0,77.00390625,15.215365409851074
12,100,4,none,0,1308,20.73828125,129.73828125,0.0,76.68359375,14.842514038085938
12,100,4,none,0,1309,20.04296875,130.7421875,0.0,76.78515625,15.03310775756836
12,100,4,none,0,1310,19.9765625,130.39453125,0.0,76.78125,14.974416732788086
12,100,4,none,0,1311,20.12109375,129.875,0.0,77.140625,15.039520263671875
12,100,4,none,0,1312,19.80859375,130.2578125,0.0,76.72265625,15.008855819702148
12,100,4,none,0,1313,19.0,131.953125,0.0,76.91796875,15.31888198852539
12,100,4,none,0,1314,19.640625,130.59375,0.0,76.6640625,15.027670860290527
12,100,4,none,0,1315,19.98046875,130.1796875,0.0,76.61328125,14.969402313232422
12,100,4,none,0,1316,19.34375,132.18359375,0.0,76.6328125,15.235939025878906
12,100,4,none,0,1317,19.484375,129.97265625,0.0,76.578125,15.106154441833496
12,100,4,none,0,1318,19.09375,130.6328125,0.0,76.984375,15.16126537322998
12,100,4,none,0,1319,18.68359375,131.5390625,0.0,77.07421875,15.380731582641602
12,100,4,none,0,1320,18.9296875,130.9453125,0.0,77.27734375,15.291376113891602
12,100,4,none,0,1321,18.8515625,131.4375,0.0,77.0703125,15.413413047790527
12,100,4,none,0,1322,19.8828125,129.91015625,0.0,76.796875,14.977866172790527
12,100,4,none,0,1323,18.79296875,130.734375,0.0,76.96875,15.340822219848633
12,100,4,none,0,1324,19.10546875,131.5390625,0.0,77.0859375,15.355209350585938
12,100,4,none,0,1325,18.99609375,131.89453125,0.0,76.99609375,15.316180229187012
12,100,4,none,0,1326,20.1171875,132.17578125,0.0,76.87109375,15.20673942565918
12,100,4,none,0,1327,19.12890625,132.13671875,0.0,76.88671875,15.390790939331055
12,100,4,none,0,1328,19.5390625,132.09375,0.0,76.74609375,15.29114818572998
12,100,4,none,0,1329,19.62890625,131.48046875,0.0,76.7890625,15.296323776245117
12,100,4,none,0,1330,19.3046875,131.234375,0.0,77.21875,15.31360912322998
12,100,4,none,0,1331,19.7890625,131.51171875,0.0,77.05078125,15.256023406982422
12,100,4,none,0,1332,19.35546875,131.9765625,0.0,77.2265625,15.364161491394043
12,100,4,none,0,1333,19.578125,131.48046875,0.0,76.9453125,15.287142753601074
12,100,4,none,0,1334,18.8984375,132.859375,0.0,77.11328125,15.583368301391602
12,100,4,none,0,1335,18.6875,131.54296875,0.0,77.73046875,15.518915176391602
12,100,4,none,0,1336,19.5,131.51171875,0.0,77.58984375,15.432326316833496
12,100,4,none,0,1337,19.05859375,131.1484375,0.0,77.65625,15.39124584197998
12,100,4,none,0,1338,19.3984375,131.3984375,0.0,77.72265625,15.469533920288086
12,100,4,none,0,1339,18.7890625,131.7109375,0.0,77.51171875,15.530470848083496
12,100,4,none,0,1340,18.9921875,133.56640625,0.0,77.3828125,15.543132781982422
12,100,4,none,0,1341,18.34765625,132.796875,0.0,77.1640625,15.55091381072998
12,100,4,none,0,1342,18.61328125,133.0390625,0.0,77.078125,15.527018547058105
12,100,4,none,0,1343,19.14453125,133.69921875,0.0,77.3671875,15.638900756835938
12,100,4,none,0,1344,18.69921875,133.24609375,0.0,77.24609375,15.582586288452148
12,100,4,none,0,1345,18.4765625,133.55078125,0.0,77.1875,15.623568534851074
12,100,4,none,0,1346,18.953125,133.80859375,0.0,77.3359375,15.592123985290527
12,100,4,none,0,1347,18.76171875,134.703125,0.0,77.328125,15.620933532714844
12,100,4,none,0,1348,19.828125,132.7890625,0.0,77.3671875,15.427671432495117
12,100,4,none,0,1349,19.19140625,135.48828125,0.0,77.14453125,15.640983581542969
12,100,4,none,0,1350,18.94140625,134.39453125,0.0,77.12109375,15.644434928894043
12,100,4,none,0,1351,19.05078125,133.3671875,0.0,76.99609375,15.633464813232422
12,100,4,none,0,1352,19.5,134.86328125,0.0,76.953125,15.565431594848633
12,100,4,none,0,1353,19.83984375,134.11328125,0.0,76.9375,15.490984916687012
12,100,4,none,0,1354,19.2421875,134.89453125,0.0,76.82421875,15.620965957641602
12,100,4,none,0,1355,18.75390625,133.07421875,0.0,77.31640625,15.506284713745117
12,100,4,none,0,1356,18.78125,133.8359375,0.0,77.0625,15.47923469543457
12,100,4,none,0,1357,19.1171875,131.89453125,0.0,77.61328125,15.513835906982422
12,100,4,none,0,1358,19.01171875,133.4609375,0.0,77.734375,15.64892864227295
12,100,4,none,0,1359,18.3125,133.7734375,0.0,77.3984375,15.677345275878906
12,100,4,none,0,1360,18.46484375,133.28515625,0.0,77.18359375,15.506088256835938
12,100,4,none,0,1361,18.37890625,133.59765625,0.0,77.76953125,15.630926132202148
12,100,4,none,0,1362,18.51171875,134.1640625,0.0,77.3828125,15.62649917602539
12,100,4,none,0,1363,18.8984375,133.59375,0.0,77.5625,15.481611251831055
12,100,4,none,0,1364,18.7890625,133.50390625,0.0,77.44921875,15.61478042602539
12,100,4,none,0,1365,18.98046875,134.5078125,0.0,77.5859375,15.74769115447998
12,100,4,none,0,1366,19.078125,135.5546875,0.0,77.2734375,15.834280014038086
12,100,4,none,0,1367,19.1875,135.4453125,0.0,77.44921875,15.818686485290527
12,100,4,none,0,1368,19.078125,134.68359375,0.0,77.48046875,15.74524974822998
12,100,4,none,0,1369,18.71484375,135.98828125,0.0,77.4296875,15.95032787322998
12,100,4,none,0,1370,18.8046875,134.55859375,0.0,77.62109375,15.843263626098633
12,100,4,none,0,1371,19.21875,134.8828125,0.0,77.16015625,15.552020072937012
12,100,4,none,0,1372,18.6640625,136.13671875,0.0,77.91015625,15.991376876831055
12,100,4,none,0,1373,18.6875,135.26953125,0.0,77.15625,15.706771850585938
12,100,4,none,0,1374,18.234375,135.41015625,0.0,77.41015625,15.859214782714844
12,100,4,none,0,1375,18.29296875,134.0390625,0.0,77.4609375,15.662501335144043
12,100,4,none,0,1376,17.2421875,135.515625,0.0,77.63671875,16.01129722595215
12,100,4,none,0,1377,17.9921875,133.96875,0.0,77.52734375,15.676238059997559
12,100,4,none,0,1378,18.12890625,134.1796875,0.0,77.48828125,15.701987266540527
12,100,4,none,0,1379,17.09765625,135.35546875,0.0,77.8359375,16.014423370361328
12,100,4,none,0,1380,17.95703125,135.71484375,0.0,77.765625,15.898115158081055
12,100,4,none,0,1381,17.21875,137.0390625,0.0,77.73828125,16.23346519470215
12,100,4,none,0,1382,17.11328125,134.83984375,0.0,77.91796875,16.041929244995117
12,100,4,none,0,1383,17.93359375,136.73046875,0.0,77.59765625,16.03326988220215
12,100,4,none,0,1384,18.03125,134.28125,0.0,77.421875,15.899839401245117
12,100,4,none,0,1385,18.46484375,135.4296875,0.0,77.5234375,15.908140182495117
12,100,4,none,0,1386,17.69921875,135.703125,0.0,77.703125,16.031871795654297
12,100,4,none,0,1387,18.15234375,137.70703125,0.0,77.7890625,16.204526901245117
12,100,4,none,0,1388,17.46875,137.0703125,0.0,77.5,16.094078063964844
12,100,4,none,0,1389,18.23046875,137.07421875,0.0,77.60546875,16.076534271240234
12,100,4,none,0,1390,18.24609375,137.1796875,0.0,77.73046875,16.162534713745117
12,100,4,none,0,1391,19.390625,137.92578125,0.0,77.3359375,16.010581970214844
12,100,4,none,0,1392,18.03515625,137.140625,0.0,77.359375,16.00687026977539
12,100,4,none,0,1393,18.70703125,136.859375,0.0,77.33984375,15.954038619995117
12,100,4,none,0,1394,18.24609375,136.7421875,0.0,77.62109375,16.064228057861328
12,100,4,none,0,1395,17.6953125,136.97265625,0.0,77.609375,16.078941345214844
12,100,4,none,0,1396,18.41015625,137.828125,0.0,77.62109375,16.154918670654297
12,100,4,none,0,1397,19.0078125,136.14453125,0.0,77.19921875,15.864943504333496
12,100,4,none,0,1398,18.02734375,136.60546875,0.0,77.27734375,16.052474975585938
12,100,4,none,0,1399,18.87890625,136.2890625,0.0,76.93359375,15.734766960144043
12,100,4,none,0,1400,17.78515625,137.9765625,0.0,77.59375,16.184280395507812
12,100,4,none,0,1401,18.23828125,138.3203125,0.0,77.59375,16.179298400878906
12,100,4,none,0,1402,17.6796875,139.296875,0.0,77.6328125,16.295120239257812
12,100,4,none,0,1403,18.3984375,136.80078125,0.0,77.484375,15.933334350585938
12,100,4,none,0,1404,18.203125,136.8828125,0.0,77.9296875,16.060483932495117
12,100,4,none,0,1405,18.41015625,137.12890625,0.0,77.68359375,16.047332763671875
12,100,4,none,0,1406,17.43359375,138.4921875,0.0,77.5390625,16.20319366455078
12,100,4,none,0,1407,17.6328125,135.34375,0.0,78.1328125,16.016538619995117
12,100,4,none,0,1408,18.1015625,139.0546875,0.0,77.765625,16.289520263671875
12,100,4,none,0,1409,17.87890625,138.84375,0.0,77.83203125,16.299253463745117
12,100,4,none,0,1410,18.046875,137.2734375,0.0,77.56640625,16.091995239257812
12,100,4,none,0,1411,18.09765625,138.9296875,0.0,77.7578125,16.22516441345215
12,100,4,none,0,1412,18.12890625,138.75390625,0.0,77.1796875,16.180471420288086
12,100,4,none,0,1413,17.54296875,137.96484375,0.0,77.953125,16.409896850585938
12,100,4,none,0,1414,18.61328125,139.5,0.0,77.36328125,16.342254638671875
12,100,4,none,0,1415,17.875,141.19140625,0.0,77.75,16.569011688232422
12,100,4,none,0,1416,18.2734375,139.97265625,0.0,77.75390625,16.477575302124023
12,100,4,none,0,1417,17.95703125,140.85546875,0.0,77.58984375,16.59671401977539
12,100,4,none,0,1418,18.5625,141.3125,0.0,77.421875,16.3831729888916
12,100,4,none,0,1419,17.796875,139.5859375,0.0,77.703125,16.529949188232422
12,100,4,none,0,1420,17.1953125,139.6640625,0.0,77.94140625,16.576955795288086
12,100,4,none,0,1421,16.8984375,140.05859375,0.0,77.9296875,16.678062438964844
12,100,4,none,0,1422,17.43359375,141.203125,0.0,77.765625,16.57021713256836
12,100,4,none,0,1423,16.98828125,139.234375,0.0,77.95703125,16.628517150878906
12,100,4,none,0,1424,17.1796875,140.0625,0.0,77.9375,16.5452823638916
12,100,4,none,0,1425,17.0859375,138.91796875,0.0,77.9453125,16.646095275878906
12,100,4,none,0,1426,16.02734375,138.95703125,0.0,78.05859375,16.500425338745117
12,100,4,none,0,1427,16.85546875,138.640625,0.0,78.109375,16.516571044921875
12,100,4,none,0,1428,16.984375,139.17578125,0.0,77.87890625,16.45612144470215
12,100,4,none,0,1429,17.0390625,139.96875,0.0,77.93359375,16.583921432495117
12,100,4,none,0,1430,16.65234375,139.79296875,0.0,77.546875,16.360647201538086
12,100,4,none,0,1431,16.8984375,138.765625,0.0,78.04296875,16.479461669921875
12,100,4,none,0,1432,16.515625,138.078125,0.0,77.9296875,16.515853881835938
12,100,4,none,0,1433,16.859375,139.9765625,0.0,78.3203125,16.750133514404297
12,100,4,none,0,1434,16.59765625,140.46875,0.0,78.328125,16.753355026245117
12,100,4,none,0,1435,16.69921875,139.97265625,0.0,78.1640625,16.527606964111328
12,100,4,none,0,1436,17.12109375,139.85546875,0.0,77.80078125,16.58356475830078
12,100,4,none,0,1437,16.38671875,139.4765625,0.0,77.67578125,16.553386688232422
12,100,4,none,0,1438,17.0,139.671875,0.0,78.0859375,16.525001525878906
12,100,4,none,0,1439,16.6953125,141.26171875,0.0,77.75,16.612438201904297
12,100,4,none,0,1440,17.0546875,139.3046875,0.0,78.125,16.47158432006836
12,100,4,none,0,1441,17.0234375,140.75390625,0.0,78.0078125,16.5980167388916
12,100,4,none,0,1442,17.5,139.20703125,0.0,78.2578125,16.462892532348633
12,100,4,none,0,1443,16.95703125,141.3671875,0.0,78.12890625,16.797658920288086
12,100,4,none,0,1444,16.08984375,140.95703125,0.0,78.546875,16.878225326538086
12,100,4,none,0,1445,17.015625,140.88671875,0.0,77.87109375,16.696388244628906
12,100,4,none,0,1446,16.3046875,140.87890625,0.0,77.8515625,16.725914001464844
12,100,4,none,0,1447,16.60546875,140.546875,0.0,78.3515625,16.76032066345215
12,100,4,none,0,1448,16.3125,141.00390625,0.0,78.30078125,16.794078826904297
12,100,4,none,0,1449,16.83984375,140.78125,0.0,78.3203125,16.766571044921875
12,100,4,none,0,1450,16.67578125,141.73828125,0.0,78.3046875,16.822072982788086
12,100,4,none,0,1451,16.3046875,143.9375,0.0,78.44140625,17.18805503845215
12,100,4,none,0,1452,16.80078125,141.60546875,0.0,78.52734375,16.831512451171875
12,100,4,none,0,1453,16.98046875,142.078125,0.0,78.1796875,16.85452651977539
12,100,4,none,0,1454,16.625,141.80078125,0.0,78.16796875,16.735288619995117
12,100,4,none,0,1455,16.62109375,141.3125,0.0,78.3046875,16.7767276763916
12,100,4,none,0,1456,17.171875,142.046875,0.0,77.99609375,16.7513370513916
12,100,4,none,0,1457,16.65234375,140.1796875,0.0,78.29296875,16.74941635131836
12,100,4,none,0,1458,16.28125,140.8046875,0.0,78.56640625,16.97060775756836
12,100,4,none,0,1459,16.21875,144.23046875,0.0,77.93359375,17.014585494995117
12,100,4,none,0,1460,16.0859375,143.79296875,0.0,78.03515625,16.963706970214844
12,100,4,none,0,1461,15.98828125,142.796875,0.0,78.09375,16.986003875732422
12,100,4,none,0,1462,15.8671875,141.87109375,0.0,78.5078125,17.051986694335938
12,100,4,none,0,1463,16.56640625,142.07421875,0.0,78.1953125,16.87291717529297
12,100,4,none,0,1464,16.48046875,143.66796875,0.0,78.3125,17.026824951171875
12,100,4,none,0,1465,16.0703125,143.20703125,0.0,78.5546875,17.134376525878906
12,100,4,none,0,1466,16.625,141.890625,0.0,78.1015625,16.770965576171875
12,100,4,none,0,1467,16.5703125,143.0546875,0.0,78.39453125,17.006057739257812
12,100,4,none,0,1468,16.51953125,142.34765625,0.0,78.4375,16.99466323852539
12,100,4,none,0,1469,16.171875,142.78125,0.0,78.22265625,16.979690551757812
12,100,4,none,0,1470,16.73828125,145.265625,0.0,78.0703125,17.117416381835938
12,100,4,none,0,1471,16.78125,142.5859375,0.0,78.5703125,17.025718688964844
12,100,4,none,0,1472,16.12109375,142.2421875,0.0,78.4609375,16.97610855102539
12,100,4,none,0,1473,16.0546875,142.7109375,0.0,78.45703125,17.009963989257812
12,100,4,none,0,1474,15.9375,143.7890625,0.0,78.2421875,17.120283126831055
12,100,4,none,0,1475,16.375,143.28125,0.0,78.37890625,17.063217163085938
12,100,4,none,0,1476,15.9921875,143.734375,0.0,78.16015625,16.989683151245117
12,100,4,none,0,1477,16.3515625,141.2734375,0.0,78.15625,16.87242889404297
12,100,4,none,0,1478,15.81640625,143.609375,0.0,78.34375,17.134605407714844
12,100,4,none,0,1479,16.02734375,145.18359375,0.0,78.04296875,17.148733139038086
12,100,4,none,0,1480,16.5,144.546875,0.0,78.3515625,17.041799545288086
12,100,4,none,0,1481,16.171875,145.1796875,0.0,78.34765625,17.285287857055664
12,100,4,none,0,1482,16.12109375,143.07421875,0.0,78.33984375,17.038314819335938
12,100,4,none,0,1483,16.19921875,143.9140625,0.0,78.65625,17.248992919921875
12,100,4,none,0,1484,16.1171875,143.50390625,0.0,78.16015625,17.070608139038086
12,100,4,none,0,1485,16.66796875,143.32421875,0.0,78.734375,17.121877670288086
12,100,4,none,0,1486,16.95703125,144.203125,0.0,78.37109375,17.077085494995117
12,100,4,none,0,1487,16.1640625,146.44921875,0.0,77.85546875,17.30947494506836
12,100,4,none,0,1488,16.4609375,144.44140625,0.0,78.29296875,17.184246063232422
12,100,4,none,0,1489,16.49609375,146.70703125,0.0,78.58203125,17.478256225585938
12,100,4,none,0,1490,16.19140625,147.546875,0.0,78.1953125,17.33987808227539
12,100,4,none,0,1491,16.01953125,144.57421875,0.0,78.21875,17.286884307861328
12,100,4,none,0,1492,16.07421875,145.2890625,0.0,78.2421875,17.195640563964844
12,100,4,none,0,1493,16.2734375,143.63671875,0.0,78.62109375,17.085124969482422
12,100,4,none,0,1494,15.55859375,145.66015625,0.0,78.34375,17.422950744628906
12,100,4,none,0,1495,16.0703125,142.80859375,0.0,78.4140625,17.04739761352539
12,100,4,none,0,1496,16.3671875,146.0078125,0.0,78.12890625,17.20221519470215
12,100,4,none,0,1497,15.8671875,145.4765625,0.0,78.46875,17.326467514038086
12,100,4,none,0,1498,16.67578125,145.86328125,0.0,78.50390625,17.37685775756836
12,100,4,none,0,1499,15.94921875,143.984375,0.0,78.3359375,17.102020263671875
12,100,4,none,1,0,59.4296875,58.32421875,0.0,40.8125,-0.07825438678264618
12,100,4,none,1,1,60.84765625,59.875,0.0,40.98828125,-0.21341054141521454
12,100,4,none,1,2,60.19140625,61.44921875,0.0,42.00390625,-0.008690516464412212
12,100,4,none,1,3,61.2890625,62.33203125,0.0,43.09765625,0.11367281526327133
12,100,4,none,1,4,62.6640625,62.4375,0.0,43.6875,-0.15986227989196777
12,100,4,none,1,5,62.421875,64.16015625,0.0,44.203125,0.03831474110484123
12,100,4,none,1,6,62.7578125,65.3828125,0.0,45.51953125,0.15791122615337372
12,100,4,none,1,7,63.6875,66.59765625,0.0,45.75390625,0.2128915786743164
12,100,4,none,1,8,63.91015625,67.43359375,0.0,46.71875,0.013542652130126953
12,100,4,none,1,9,64.77734375,68.24609375,0.0,47.4453125,-0.09534406661987305
12,100,4,none,1,10,64.765625,68.953125,0.0,48.17578125,0.15856234729290009
12,100,4,none,1,11,64.57421875,69.46484375,0.0,49.34765625,0.24710401892662048
12,100,4,none,1,12,64.83203125,69.96484375,0.0,49.53515625,0.12558715045452118
12,100,4,none,1,13,65.09375,70.8984375,0.0,50.13671875,0.2983736991882324
12,100,4,none,1,14,65.7109375,70.1484375,0.0,50.72265625,-0.1664702147245407
12,100,4,none,1,15,65.48828125,70.65234375,0.0,51.12890625,-0.030955791473388672
12,100,4,none,1,16,66.6015625,70.90234375,0.0,51.703125,-0.23427614569664001
12,100,4,none,1,17,66.71484375,70.1015625,0.0,52.34375,-0.4039050042629242
12,100,4,none,1,18,66.50390625,70.32421875,0.0,52.2421875,-0.5527006387710571
12,100,4,none,1,19,65.73046875,70.9921875,0.0,52.34375,-0.41441935300827026
12,100,4,none,1,20,66.515625,71.35546875,0.0,52.41015625,-0.5356758832931519
12,100,4,none,1,21,66.09375,71.6171875,0.0,53.078125,-0.5437161326408386
12,100,4,none,1,22,67.96875,71.77734375,0.0,52.37109375,-1.0807603597640991
12,100,4,none,1,23,67.16796875,71.0390625,0.0,52.95703125,-0.9536118507385254
12,100,4,none,1,24,66.22265625,71.8515625,0.0,53.18359375,-0.7727526426315308
12,100,4,none,1,25,66.296875,72.15234375,0.0,53.47265625,-0.5419585108757019
12,100,4,none,1,26,67.66796875,72.68359375,0.0,53.7109375,-0.6591783761978149
12,100,4,none,1,27,66.5078125,73.21484375,0.0,53.97265625,-0.46813029050827026
12,100,4,none,1,28,65.765625,72.80078125,0.0,54.2734375,-0.43277859687805176
12,100,4,none,1,29,66.1015625,75.1015625,0.0,54.3125,-0.20549988746643066
12,100,4,none,1,30,66.66015625,73.9921875,0.0,54.34765625,-0.40628117322921753
12,100,4,none,1,31,66.05078125,74.375,0.0,54.12109375,-0.36360543966293335
12,100,4,none,1,32,66.19921875,74.1328125,0.0,55.109375,-0.19579927623271942
12,100,4,none,1,33,66.87109375,73.37109375,0.0,55.1484375,-0.46389850974082947
12,100,4,none,1,34,66.140625,74.52734375,0.0,55.46875,-0.1909165382385254
12,100,4,none,1,35,66.28125,73.96484375,0.0,54.890625,-0.16314983367919922
12,100,4,none,1,36,65.65234375,73.9609375,0.0,55.34375,-0.1874985694885254
12,100,4,none,1,37,65.125,73.62890625,0.0,55.64453125,-0.14986833930015564
12,100,4,none,1,38,65.54296875,73.1015625,0.0,55.30078125,-0.41565632820129395
12,100,4,none,1,39,64.85546875,72.66796875,0.0,55.6640625,-0.18938660621643066
12,100,4,none,1,40,63.43359375,73.26953125,0.0,55.90234375,0.17435042560100555
12,100,4,none,1,41,64.609375,73.2109375,0.0,55.109375,-0.21041536331176758
12,100,4,none,1,42,63.87890625,73.91796875,0.0,55.53515625,0.027605533599853516
12,100,4,none,1,43,65.05078125,72.8125,0.0,55.4453125,-0.22760272026062012
12,100,4,none,1,44,64.390625,73.44921875,0.0,55.21875,-0.010122299194335938
12,100,4,none,1,45,63.953125,73.28125,0.0,55.80859375,0.08587392419576645
12,100,4,none,1,46,63.2578125,73.1328125,0.0,55.609375,0.05218243598937988
12,100,4,none,1,47,63.4921875,72.44140625,0.0,55.66015625,-0.08684754371643066
12,100,4,none,1,48,63.2578125,72.54296875,0.0,55.66015625,0.11145973205566406
12,100,4,none,1,49,63.953125,72.6875,0.0,55.97265625,0.16123175621032715
12,100,4,none,1,50,64.12109375,72.42578125,0.0,55.796875,0.021290462464094162
12,100,4,none,1,51,64.61328125,71.7890625,0.0,56.0234375,-0.05836447328329086
12,100,4,none,1,52,63.7890625,73.25390625,0.0,55.67578125,-0.056248586624860764
12,100,4,none,1,53,64.45703125,73.0703125,0.0,55.79296875,-0.11188014596700668
12,100,4,none,1,54,65.52734375,72.00390625,0.0,56.046875,-0.2765936255455017
12,100,4,none,1,55,64.078125,72.56640625,0.0,56.0703125,-0.10917830467224121
12,100,4,none,1,56,64.4375,72.375,0.0,56.2734375,-0.15240749716758728
12,100,4,none,1,57,64.65625,73.03515625,0.0,55.6171875,-0.07132037729024887
12,100,4,none,1,58,64.8828125,73.22265625,0.0,55.8828125,-0.13792181015014648
12,100,4,none,1,59,64.6171875,72.921875,0.0,56.27734375,-0.045994680374860764
12,100,4,none,1,60,63.5,73.2265625,0.0,56.2578125,0.07711736857891083
12,100,4,none,1,61,63.31640625,72.671875,0.0,56.59375,0.23134908080101013
12,100,4,none,1,62,64.234375,73.36328125,0.0,56.3515625,0.016407649964094162
12,100,4,none,1,63,63.3046875,73.2734375,0.0,56.3984375,0.07028134912252426
12,100,4,none,1,64,63.734375,72.90234375,0.0,56.5625,0.13304170966148376
12,100,4,none,1,65,64.37109375,73.35546875,0.0,56.18359375,0.006349086761474609
12,100,4,none,1,66,65.3046875,73.2578125,0.0,56.2578125,-0.07219910621643066
12,100,4,none,1,67,64.6328125,73.2734375,0.0,56.01953125,-0.1334947794675827
12,100,4,none,1,68,64.2109375,73.73046875,0.0,56.3359375,0.23831526935100555
12,100,4,none,1,69,64.0703125,74.01953125,0.0,55.90625,0.15263812243938446
12,100,4,none,1,70,63.59765625,73.9140625,0.0,56.65625,0.3020847737789154
12,100,4,none,1,71,64.02734375,73.06640625,0.0,56.79296875,0.06321748346090317
12,100,4,none,1,72,64.75,73.19921875,0.0,56.4296875,-0.10569517314434052
12,100,4,none,1,73,63.32421875,73.37890625,0.0,56.60546875,-0.0009752115001901984
12,100,4,none,1,74,63.640625,73.44140625,0.0,56.984375,0.1959974765777588
12,100,4,none,1,75,63.2734375,73.84375,0.0,56.4296875,0.20475396513938904
12,100,4,none,1,76,63.55078125,73.6953125,0.0,56.56640625,0.2090834081172943
12,100,4,none,1,77,63.78515625,73.48828125,0.0,56.54296875,0.18571099638938904
12,100,4,none,1,78,63.96484375,74.22265625,0.0,56.3984375,0.14362120628356934
12,100,4,none,1,79,63.375,74.7734375,0.0,56.60546875,0.2427748143672943
12,100,4,none,1,80,64.23828125,73.83203125,0.0,56.0859375,-0.1444646567106247
12,100,4,none,1,81,64.1953125,74.3359375,0.0,56.74609375,-0.022980373352766037
12,100,4,none,1,82,63.6875,75.09375,0.0,56.6328125,0.20325660705566406
12,100,4,none,1,83,64.43359375,73.671875,0.0,56.5078125,0.041277408599853516
12,100,4,none,1,84,64.00390625,74.10546875,0.0,56.43359375,0.12389461696147919
12,100,4,none,1,85,64.859375,73.41015625,0.0,56.41015625,-0.07353369891643524
12,100,4,none,1,86,64.3359375,74.63671875,0.0,56.390625,0.014649709686636925
12,100,4,none,1,87,63.53125,75.05859375,0.0,56.52734375,0.4131523072719574
12,100,4,none,1,88,65.0078125,75.16796875,0.0,56.0390625,0.05055483430624008
12,100,4,none,1,89,63.9140625,75.703125,0.0,56.50390625,0.28297656774520874
12,100,4,none,1,90,63.51953125,75.875,0.0,56.2265625,0.4930679202079773
12,100,4,none,1,91,63.34765625,74.7578125,0.0,56.75,0.45856255292892456
12,100,4,none,1,92,64.375,75.37109375,0.0,56.19921875,0.2695976197719574
12,100,4,none,1,93,64.07421875,76.0078125,0.0,56.6796875,0.35013169050216675
12,100,4,none,1,94,64.41015625,75.41796875,0.0,56.26953125,0.13089339435100555
12,100,4,none,1,95,65.03125,76.1015625,0.0,56.421875,0.1591811180114746
12,100,4,none,1,96,63.6328125,75.984375,0.0,56.703125,0.28548312187194824
12,100,4,none,1,97,64.78515625,75.375,0.0,56.12890625,0.11129697412252426
12,100,4,none,1,98,64.94140625,76.3046875,0.0,56.21875,0.15979957580566406
12,100,4,none,1,99,63.6953125,76.90234375,0.0,56.546875,0.5071629285812378
12,100,4,none,1,100,63.78125,77.43359375,0.0,56.1640625,0.39648574590682983
12,100,4,none,1,101,63.90625,76.40625,0.0,56.2578125,0.3050144612789154
12,100,4,none,1,102,64.46484375,75.94921875,0.0,56.625,0.21354302763938904
12,100,4,none,1,103,63.45703125,76.66796875,0.0,56.4375,0.369825541973114
12,100,4,none,1,104,63.54296875,76.5859375,0.0,56.67578125,0.43860816955566406
12,100,4,none,1,105,63.72265625,75.32421875,0.0,57.2734375,0.4657890796661377
12,100,4,none,1,106,63.58984375,76.921875,0.0,56.9765625,0.5355157852172852
12,100,4,none,1,107,62.984375,76.8203125,0.0,56.83984375,0.7348320484161377
12,100,4,none,1,108,63.9296875,76.39453125,0.0,56.515625,0.2203138768672943
12,100,4,none,1,109,64.390625,76.53125,0.0,56.4609375,0.1380547732114792
12,100,4,none,1,110,63.171875,77.42578125,0.0,56.69921875,0.6234714984893799
12,100,4,none,1,111,63.56640625,76.859375,0.0,56.625,0.6026381254196167
12,100,4,none,1,112,64.0078125,78.0546875,0.0,56.6484375,0.30833467841148376
12,100,4,none,1,113,63.546875,76.56640625,0.0,57.23046875,0.6124037504196167
12,100,4,none,1,114,64.67578125,77.1796875,0.0,56.87890625,0.3915054202079773
12,100,4,none,1,115,63.38671875,77.0703125,0.0,56.984375,0.7136732935905457
12,100,4,none,1,116,62.37890625,77.546875,0.0,57.3984375,0.9009453654289246
12,100,4,none,1,117,63.65234375,77.46484375,0.0,56.66796875,0.6725599765777588
12,100,4,none,1,118,63.0703125,76.75390625,0.0,57.16015625,0.6287121772766113
12,100,4,none,1,119,62.74609375,77.0859375,0.0,57.0546875,0.8108412623405457
12,100,4,none,1,120,63.5234375,76.4375,0.0,56.92578125,0.5725599527359009
12,100,4,none,1,121,63.53515625,77.1796875,0.0,56.8828125,0.6403984427452087
12,100,4,none,1,122,64.2265625,77.37109375,0.0,56.98828125,0.6248387098312378
12,100,4,none,1,123,63.671875,76.3984375,0.0,57.2265625,0.5392917394638062
12,100,4,none,1,124,62.61328125,77.2265625,0.0,57.546875,0.9244153499603271
12,100,4,none,1,125,61.9609375,77.359375,0.0,57.43359375,0.9783868193626404
12,100,4,none,1,126,62.91796875,76.97265625,0.0,57.4765625,0.9521172046661377
12,100,4,none,1,127,63.1328125,77.8671875,0.0,56.8671875,0.7695326209068298
12,100,4,none,1,128,62.640625,78.17578125,0.0,56.9140625,0.6464532613754272
12,100,4,none,1,129,63.91015625,77.98828125,0.0,56.7734375,0.5659844875335693
12,100,4,none,1,130,63.70703125,78.1796875,0.0,56.93359375,0.6581069231033325
12,100,4,none,1,131,63.6171875,77.109375,0.0,57.10546875,0.6354506015777588
12,100,4,none,1,132,63.3359375,78.28515625,0.0,56.80859375,0.8950209021568298
12,100,4,none,1,133,62.9296875,77.98828125,0.0,57.1328125,0.7890963554382324
12,100,4,none,1,134,63.98046875,78.36328125,0.0,56.91015625,0.5532565116882324
12,100,4,none,1,135,63.3359375,78.32421875,0.0,56.94921875,0.6104180216789246
12,100,4,none,1,136,63.66015625,77.46875,0.0,57.04296875,0.6070651412010193
12,100,4,none,1,137,62.96484375,77.03515625,0.0,57.41796875,0.7759453654289246
12,100,4,none,1,138,63.41015625,78.25390625,0.0,57.16015625,0.6059585809707642
12,100,4,none,1,139,63.19921875,78.12890625,0.0,57.23046875,0.7316092848777771
12,100,4,none,1,140,63.50390625,77.53515625,0.0,57.51953125,0.6009453535079956
12,100,4,none,1,141,62.0859375,77.57421875,0.0,57.17578125,0.895053505897522
12,100,4,none,1,142,63.6171875,78.0703125,0.0,57.57421875,0.8226251602172852
12,100,4,none,1,143,63.33984375,77.53125,0.0,57.671875,0.6874038577079773
12,100,4,none,1,144,63.46875,77.546875,0.0,57.28515625,0.6411473155021667
12,100,4,none,1,145,62.89453125,76.5390625,0.0,57.1953125,0.5024102926254272
12,100,4,none,1,146,61.37890625,77.37109375,0.0,57.70703125,1.091212511062622
12,100,4,none,1,147,63.33203125,77.890625,0.0,56.98828125,0.7387708425521851
12,100,4,none,1,148,61.7890625,78.53125,0.0,57.84765625,1.0063817501068115
12,100,4,none,1,149,63.1796875,78.28515625,0.0,57.08203125,0.7385431528091431
12,100,4,none,1,150,61.9609375,78.56640625,0.0,57.203125,1.0300143957138062
12,100,4,none,1,151,63.01953125,77.7578125,0.0,57.66015625,0.795932412147522
12,100,4,none,1,152,63.01953125,78.359375,0.0,57.48828125,0.6904963254928589
12,100,4,none,1,153,62.12890625,77.74609375,0.0,57.9609375,0.9605482816696167
12,100,4,none,1,154,62.46484375,77.74609375,0.0,57.78125,0.9507502913475037
12,100,4,none,1,155,61.9375,79.19921875,0.0,57.5859375,1.0427422523498535
12,100,4,none,1,156,61.92578125,78.1796875,0.0,57.52734375,0.9633803367614746
12,100,4,none,1,157,63.50390625,77.33203125,0.0,57.2109375,0.3466486930847168
12,100,4,none,1,158,62.421875,78.06640625,0.0,58.00390625,1.0740573406219482
12,100,4,none,1,159,63.12109375,77.81640625,0.0,57.9609375,0.8271174430847168
12,100,4,none,1,160,62.58203125,77.77734375,0.0,58.0390625,0.8049817085266113
12,100,4,none,1,161,63.07421875,77.9609375,0.0,57.94140625,0.8616225123405457
12,100,4,none,1,162,63.515625,77.703125,0.0,57.515625,0.5708348751068115
12,100,4,none,1,163,62.703125,78.31640625,0.0,57.953125,0.9399101138114929
12,100,4,none,1,164,62.41015625,78.25390625,0.0,58.0703125,1.0355483293533325
12,100,4,none,1,165,62.24609375,77.12890625,0.0,58.14453125,0.8605808615684509
12,100,4,none,1,166,62.328125,77.89453125,0.0,58.19921875,1.0287449359893799
12,100,4,none,1,167,62.4765625,78.3671875,0.0,57.86328125,0.9509455561637878
12,100,4,none,1,168,62.859375,78.11328125,0.0,58.109375,0.6942722201347351
12,100,4,none,1,169,61.62109375,78.203125,0.0,57.9375,1.1120132207870483
12,100,4,none,1,170,62.46484375,78.328125,0.0,58.04296875,1.0022475719451904
12,100,4,none,1,171,62.6640625,79.1015625,0.0,58.16796875,1.0534520149230957
12,100,4,none,1,172,62.59765625,78.5078125,0.0,57.81640625,1.0875990390777588
12,100,4,none,1,173,62.13671875,78.8515625,0.0,57.95703125,0.9606134295463562
12,100,4,none,1,174,62.703125,78.22265625,0.0,57.9609375,0.8972996473312378
12,100,4,none,1,175,62.33984375,77.83203125,0.0,57.94921875,0.8055025935173035
12,100,4,none,1,176,61.51953125,78.96875,0.0,58.125,1.2304702997207642
12,100,4,none,1,177,63.27734375,78.2109375,0.0,57.71875,0.8930352926254272
12,100,4,none,1,178,62.26953125,79.15234375,0.0,57.9765625,1.0161473751068115
12,100,4,none,1,179,62.6875,78.84765625,0.0,58.0,1.0686213970184326
12,100,4,none,1,180,62.53515625,78.84765625,0.0,58.28515625,0.9648451805114746
12,100,4,none,1,181,63.17578125,79.734375,0.0,57.765625,0.9935559630393982
12,100,4,none,1,182,61.9453125,78.80078125,0.0,58.1484375,1.153972864151001
12,100,4,none,1,183,62.875,79.03515625,0.0,58.18359375,1.104396104812622
12,100,4,none,1,184,62.23828125,79.19921875,0.0,58.25390625,1.1997736692428589
12,100,4,none,1,185,62.33203125,79.18359375,0.0,58.140625,1.1347670555114746
12,100,4,none,1,186,61.73046875,79.02734375,0.0,58.48046875,1.1211278438568115
12,100,4,none,1,187,61.39453125,78.94140625,0.0,58.3828125,1.3030288219451904
12,100,4,none,1,188,62.4375,78.9765625,0.0,58.20703125,1.0099624395370483
12,100,4,none,1,189,62.671875,78.91796875,0.0,58.25390625,0.8396824598312378
12,100,4,none,1,190,62.66796875,79.33984375,0.0,58.1484375,0.8332695364952087
12,100,4,none,1,191,63.375,78.66796875,0.0,58.1640625,0.9316097497940063
12,100,4,none,1,192,62.09375,79.203125,0.0,58.23046875,1.0459648370742798
12,100,4,none,1,193,61.39453125,78.85546875,0.0,58.671875,1.3528985977172852
12,100,4,none,1,194,61.75,79.0078125,0.0,58.16796875,1.1483087539672852
12,100,4,none,1,195,62.4453125,79.2265625,0.0,58.5390625,1.1496107578277588
12,100,4,none,1,196,61.29296875,79.19921875,0.0,58.7578125,1.3593114614486694
12,100,4,none,1,197,62.1875,79.609375,0.0,58.2890625,1.036264419555664
12,100,4,none,1,198,61.59765625,79.0703125,0.0,58.75,1.3507827520370483
12,100,4,none,1,199,60.87890625,79.4765625,0.0,58.609375,1.3141288757324219
12,100,4,none,1,200,60.88671875,79.73828125,0.0,58.921875,1.475098967552185
12,100,4,none,1,201,60.9140625,78.8046875,0.0,58.4296875,1.0097343921661377
12,100,4,none,1,202,61.3984375,79.8203125,0.0,58.5546875,1.230600357055664
12,100,4,none,1,203,61.43359375,79.46875,0.0,58.27734375,1.2975925207138062
12,100,4,none,1,204,61.26953125,78.8671875,0.0,58.65234375,1.1303074359893799
12,100,4,none,1,205,61.31640625,78.98046875,0.0,58.52734375,1.1992528438568115
12,100,4,none,1,206,60.9296875,79.5078125,0.0,58.55078125,1.399057388305664
12,100,4,none,1,207,62.78125,79.296875,0.0,58.33203125,0.95677250623703
12,100,4,none,1,208,60.953125,80.05078125,0.0,58.40234375,1.1545586585998535
12,100,4,none,1,209,60.60546875,80.31640625,0.0,58.7109375,1.422755241394043
12,100,4,none,1,210,61.11328125,78.91796875,0.0,59.08203125,1.4711930751800537
12,100,4,none,1,211,61.00390625,79.8515625,0.0,59.03515625,1.5405287742614746
12,100,4,none,1,212,61.51171875,79.32421875,0.0,58.8515625,1.1169283390045166
12,100,4,none,1,213,61.36328125,80.00390625,0.0,58.30859375,1.0969090461730957
12,100,4,none,1,214,61.83984375,79.44140625,0.0,58.57421875,1.1636407375335693
12,100,4,none,1,215,60.9453125,79.79296875,0.0,58.42578125,1.4007829427719116
12,100,4,none,1,216,61.2421875,80.42578125,0.0,58.46484375,1.363901138305664
12,100,4,none,1,217,60.99609375,79.70703125,0.0,58.5390625,1.3598647117614746
12,100,4,none,1,218,60.734375,79.4140625,0.0,58.6015625,1.3767592906951904
12,100,4,none,1,219,61.046875,80.4765625,0.0,58.55078125,1.4087255001068115
12,100,4,none,1,220,60.671875,80.6796875,0.0,58.62890625,1.5185561180114746
12,100,4,none,1,221,60.63671875,79.71484375,0.0,58.9609375,1.3673843145370483
12,100,4,none,1,222,60.86328125,79.734375,0.0,58.4765625,1.1984390020370483
12,100,4,none,1,223,61.04296875,80.1015625,0.0,58.51953125,1.3728854656219482
12,100,4,none,1,224,60.23828125,78.80078125,0.0,58.9609375,1.5862644910812378
12,100,4,none,1,225,60.0078125,79.5625,0.0,59.1171875,1.4168634414672852
12,100,4,none,1,226,61.14453125,79.875,0.0,58.80078125,1.4798517227172852
12,100,4,none,1,227,60.31640625,79.8828125,0.0,59.125,1.6150078773498535
12,100,4,none,1,228,60.7265625,79.765625,0.0,59.28515625,1.5366225242614746
12,100,4,none,1,229,60.41796875,80.12890625,0.0,59.0546875,1.4787124395370483
12,100,4,none,1,230,59.97265625,79.91796875,0.0,59.44921875,1.7806980609893799
12,100,4,none,1,231,60.6875,80.296875,0.0,58.91015625,1.474773645401001
12,100,4,none,1,232,59.40234375,80.6171875,0.0,59.3125,1.6552098989486694
12,100,4,none,1,233,60.39453125,80.41015625,0.0,59.16015625,1.6956396102905273
12,100,4,none,1,234,60.7734375,79.23046875,0.0,58.44140625,1.283367395401001
12,100,4,none,1,235,61.109375,80.8125,0.0,58.65234375,1.341928482055664
12,100,4,none,1,236,59.6328125,81.296875,0.0,58.73046875,1.5293960571289062
12,100,4,none,1,237,59.6328125,80.515625,0.0,58.703125,1.4422540664672852
12,100,4,none,1,238,61.05078125,80.421875,0.0,59.09375,1.5199885368347168
12,100,4,none,1,239,60.109375,80.359375,0.0,59.28125,1.5819025039672852
12,100,4,none,1,240,58.9765625,80.59765625,0.0,59.12109375,1.6971044540405273
12,100,4,none,1,241,59.421875,80.1796875,0.0,59.171875,1.6347346305847168
12,100,4,none,1,242,60.3671875,80.9609375,0.0,59.08984375,1.4860694408416748
12,100,4,none,1,243,58.71484375,80.3359375,0.0,59.4140625,1.8112645149230957
12,100,4,none,1,244,59.37890625,80.6640625,0.0,59.49609375,1.7509454488754272
12,100,4,none,1,245,59.30859375,81.08203125,0.0,59.34765625,1.982097864151001
12,100,4,none,1,246,60.01953125,80.14453125,0.0,59.4375,1.748178482055664
12,100,4,none,1,247,59.83984375,80.90234375,0.0,59.0625,1.7603530883789062
12,100,4,none,1,248,58.421875,82.0625,0.0,59.546875,2.0933609008789062
12,100,4,none,1,249,59.6875,81.02734375,0.0,59.84765625,1.8320001363754272
12,100,4,none,1,250,59.27734375,81.734375,0.0,59.6640625,2.073406457901001
12,100,4,none,1,251,59.53125,81.50390625,0.0,59.1640625,1.7481788396835327
12,100,4,none,1,252,60.83203125,80.88671875,0.0,59.71484375,1.867091417312622
12,100,4,none,1,253,58.84375,81.4140625,0.0,59.453125,1.7486343383789062
12,100,4,none,1,254,58.953125,80.984375,0.0,59.484375,1.6717461347579956
12,100,4,none,1,255,59.8359375,80.5703125,0.0,59.62890625,1.7654311656951904
12,100,4,none,1,256,58.3671875,81.3203125,0.0,59.52734375,1.9300144910812378
12,100,4,none,1,257,58.4921875,81.1484375,0.0,60.0234375,2.127800941467285
12,100,4,none,1,258,58.85546875,81.109375,0.0,59.5546875,1.965235948562622
12,100,4,none,1,259,58.99609375,81.71875,0.0,60.07421875,2.1269872188568115
12,100,4,none,1,260,58.95703125,80.828125,0.0,59.71875,1.8765640258789062
12,100,4,none,1,261,58.76953125,81.32421875,0.0,59.64453125,1.7865575551986694
12,100,4,none,1,262,58.91796875,80.82421875,0.0,60.00390625,2.016733169555664
12,100,4,none,1,263,58.71875,81.51953125,0.0,60.00390625,1.9739272594451904
12,100,4,none,1,264,58.77734375,80.3125,0.0,59.984375,2.0237319469451904
12,100,4,none,1,265,58.6171875,82.0546875,0.0,59.78515625,1.9578139781951904
12,100,4,none,1,266,58.578125,81.40234375,0.0,59.55078125,1.8235042095184326
12,100,4,none,1,267,57.6328125,81.61328125,0.0,59.4921875,2.0611343383789062
12,100,4,none,1,268,56.9921875,80.921875,0.0,60.16015625,2.2551774978637695
12,100,4,none,1,269,57.89453125,80.69140625,0.0,59.84765625,2.0308284759521484
12,100,4,none,1,270,58.20703125,81.78515625,0.0,59.71484375,2.1753921508789062
12,100,4,none,1,271,57.984375,81.0078125,0.0,59.875,2.079461097717285
12,100,4,none,1,272,59.36328125,80.5390625,0.0,59.89453125,1.8319025039672852
12,100,4,none,1,273,58.32421875,81.0703125,0.0,59.98828125,1.9872735738754272
12,100,4,none,1,274,58.87109375,81.08984375,0.0,59.796875,1.8273777961730957
12,100,4,none,1,275,57.75390625,81.36328125,0.0,60.140625,2.1162123680114746
12,100,4,none,1,276,58.921875,80.51953125,0.0,59.9921875,1.8590185642242432
12,100,4,none,1,277,57.375,81.34765625,0.0,60.15625,2.2473649978637695
12,100,4,none,1,278,58.5546875,81.6484375,0.0,60.16015625,1.950099229812622
12,100,4,none,1,279,57.6328125,81.0546875,0.0,59.87890625,1.9957698583602905
12,100,4,none,1,280,57.26171875,81.578125,0.0,59.93359375,2.1343438625335693
12,100,4,none,1,281,57.5859375,81.31640625,0.0,60.23828125,2.1491878032684326
12,100,4,none,1,282,57.1953125,81.4921875,0.0,60.45703125,2.26897931098938
12,100,4,none,1,283,56.96484375,82.16796875,0.0,60.046875,2.2556004524230957
12,100,4,none,1,284,57.95703125,81.421875,0.0,60.09375,2.182097911834717
12,100,4,none,1,285,57.375,81.4921875,0.0,60.08203125,2.21868634223938
12,100,4,none,1,286,57.37109375,81.77734375,0.0,60.6484375,2.346388101577759
12,100,4,none,1,287,57.95703125,82.046875,0.0,60.15625,2.2317073345184326
12,100,4,none,1,288,57.73046875,82.01953125,0.0,60.1796875,2.4197280406951904
12,100,4,none,1,289,56.796875,82.234375,0.0,60.5,2.4590508937835693
12,100,4,none,1,290,58.19140625,82.91015625,0.0,59.90625,2.26458477973938
12,100,4,none,1,291,59.01171875,82.34375,0.0,59.984375,2.069239854812622
12,100,4,none,1,292,56.51953125,82.29296875,0.0,60.01171875,2.440593957901001
12,100,4,none,1,293,58.63671875,82.51953125,0.0,59.58984375,2.0442073345184326
12,100,4,none,1,294,57.01171875,82.67578125,0.0,60.0,2.355144739151001
12,100,4,none,1,295,56.4375,82.87109375,0.0,60.6796875,2.7351577281951904
12,100,4,none,1,296,56.88671875,82.8046875,0.0,60.390625,2.5293309688568115
12,100,4,none,1,297,56.8046875,82.58203125,0.0,60.1953125,2.4592788219451904
12,100,4,none,1,298,57.59375,83.48828125,0.0,60.2578125,2.446030378341675
12,100,4,none,1,299,57.1328125,83.17578125,0.0,60.42578125,2.4529638290405273
12,100,4,none,1,300,57.5703125,82.92578125,0.0,60.15625,2.3448259830474854
12,100,4,none,1,301,57.24609375,83.19921875,0.0,60.19921875,2.3251967430114746
12,100,4,none,1,302,57.12109375,81.76953125,0.0,60.4453125,2.4250340461730957
12,100,4,none,1,303,56.11328125,83.390625,0.0,60.8671875,2.7786474227905273
12,100,4,none,1,304,56.45703125,83.140625,0.0,60.34375,2.5159521102905273
12,100,4,none,1,305,55.72265625,83.078125,0.0,61.13671875,2.986003875732422
12,100,4,none,1,306,56.4921875,82.5234375,0.0,60.9921875,2.650815486907959
12,100,4,none,1,307,56.69921875,82.65625,0.0,60.7109375,2.654493808746338
12,100,4,none,1,308,56.0234375,83.3515625,0.0,60.76171875,2.623210906982422
12,100,4,none,1,309,56.09375,83.19921875,0.0,60.88671875,2.7375667095184326
12,100,4,none,1,310,56.43359375,82.890625,0.0,60.71484375,2.5266616344451904
12,100,4,none,1,311,55.97265625,82.671875,0.0,60.48828125,2.4590508937835693
12,100,4,none,1,312,56.11328125,82.51171875,0.0,61.15234375,2.7803726196289062
12,100,4,none,1,313,56.26953125,83.20703125,0.0,60.484375,2.405242443084717
12,100,4,none,1,314,56.08203125,83.70703125,0.0,60.875,2.74723482131958
12,100,4,none,1,315,56.04296875,83.19921875,0.0,60.66015625,2.4802424907684326
12,100,4,none,1,316,55.609375,83.01171875,0.0,60.81640625,2.640333652496338
12,100,4,none,1,317,55.21484375,83.16796875,0.0,60.76171875,2.638120174407959
12,100,4,none,1,318,54.78515625,83.109375,0.0,61.3359375,2.900587558746338
12,100,4,none,1,319,55.1953125,83.0390625,0.0,61.3203125,2.790919780731201
12,100,4,none,1,320,55.39453125,82.68359375,0.0,61.00390625,2.7477879524230957
12,100,4,none,1,321,55.125,82.2421875,0.0,60.9140625,2.7924818992614746
12,100,4,none,1,322,54.65234375,83.23046875,0.0,61.171875,2.972299575805664
12,100,4,none,1,323,55.9921875,83.14453125,0.0,61.046875,2.760678768157959
12,100,4,none,1,324,55.75390625,83.34375,0.0,61.03515625,2.8829116821289062
12,100,4,none,1,325,55.53515625,83.23828125,0.0,60.59375,2.6634130477905273
12,100,4,none,1,326,55.90234375,82.7890625,0.0,60.41015625,2.6204442977905273
12,100,4,none,1,327,55.92578125,83.515625,0.0,61.2265625,2.6943700313568115
12,100,4,none,1,328,54.76953125,83.5625,0.0,60.80859375,2.8092141151428223
12,100,4,none,1,329,55.3046875,83.09375,0.0,61.02734375,2.763315200805664
12,100,4,none,1,330,55.61328125,83.0078125,0.0,60.93359375,2.7754247188568115
12,100,4,none,1,331,54.92578125,83.19140625,0.0,60.6796875,2.7068049907684326
12,100,4,none,1,332,54.09765625,82.9921875,0.0,61.55078125,2.933562755584717
12,100,4,none,1,333,54.50390625,82.8984375,0.0,61.44921875,2.8196630477905273
12,100,4,none,1,334,54.9296875,83.4609375,0.0,61.1953125,2.7424495220184326
12,100,4,none,1,335,53.49609375,82.9609375,0.0,61.80859375,3.013120174407959
12,100,4,none,1,336,54.36328125,83.515625,0.0,61.6953125,2.9902684688568115
12,100,4,none,1,337,54.6171875,82.71484375,0.0,61.74609375,3.007683753967285
12,100,4,none,1,338,53.55859375,83.07421875,0.0,61.42578125,3.1399755477905273
12,100,4,none,1,339,54.5234375,82.88671875,0.0,61.609375,3.061655044555664
12,100,4,none,1,340,55.1875,82.24609375,0.0,61.55078125,2.7317399978637695
12,100,4,none,1,341,54.44140625,83.87109375,0.0,61.37109375,3.205047130584717
12,100,4,none,1,342,55.34765625,83.24609375,0.0,61.26953125,2.886655330657959
12,100,4,none,1,343,55.51953125,84.3125,0.0,61.0390625,2.6824233531951904
12,100,4,none,1,344,54.484375,83.96875,0.0,61.41796875,3.137111186981201
12,100,4,none,1,345,55.44140625,83.94140625,0.0,61.109375,2.819011688232422
12,100,4,none,1,346,55.2578125,83.95703125,0.0,61.39453125,2.979395866394043
12,100,4,none,1,347,55.09375,83.55078125,0.0,61.1875,2.8584649562835693
12,100,4,none,1,348,55.45703125,83.8125,0.0,61.484375,2.932033061981201
12,100,4,none,1,349,54.85546875,83.52734375,0.0,61.609375,2.9584977626800537
12,100,4,none,1,350,54.8046875,84.1484375,0.0,61.3203125,2.9438490867614746
12,100,4,none,1,351,55.6328125,83.91796875,0.0,61.48828125,2.9095396995544434
12,100,4,none,1,352,54.37109375,84.921875,0.0,61.2734375,3.047983169555664
12,100,4,none,1,353,54.16015625,84.2734375,0.0,61.390625,3.042221784591675
12,100,4,none,1,354,54.63671875,83.05859375,0.0,61.94140625,3.1018569469451904
12,100,4,none,1,355,53.94140625,83.65625,0.0,61.8671875,2.980600357055664
12,100,4,none,1,356,54.7265625,85.125,0.0,61.56640625,3.1263036727905273
12,100,4,none,1,357,54.84375,84.328125,0.0,61.76171875,3.09977388381958
12,100,4,none,1,358,53.89453125,84.4453125,0.0,61.62890625,3.134018659591675
12,100,4,none,1,359,54.4140625,84.51953125,0.0,61.390625,3.199676036834717
12,100,4,none,1,360,54.23828125,85.6484375,0.0,61.55859375,3.433074712753296
12,100,4,none,1,361,53.98046875,84.7734375,0.0,61.828125,3.286362409591675
12,100,4,none,1,362,54.39453125,85.25,0.0,61.74609375,3.3078465461730957
12,100,4,none,1,363,53.81640625,85.00390625,0.0,61.89453125,3.4429054260253906
12,100,4,none,1,364,54.640625,84.20703125,0.0,61.734375,3.1570327281951904
12,100,4,none,1,365,53.4921875,84.859375,0.0,61.96484375,3.3173844814300537
12,100,4,none,1,366,54.328125,83.54296875,0.0,61.79296875,3.180568218231201
12,100,4,none,1,367,54.53125,84.625,0.0,61.59375,3.105340003967285
12,100,4,none,1,368,53.7265625,84.02734375,0.0,62.03515625,3.3472347259521484
12,100,4,none,1,369,53.48828125,83.48046875,0.0,62.015625,3.199155330657959
12,100,4,none,1,370,54.109375,84.0625,0.0,61.6953125,3.0834977626800537
12,100,4,none,1,371,52.86328125,84.58203125,0.0,62.078125,3.486297369003296
12,100,4,none,1,372,52.75390625,84.54296875,0.0,61.875,3.2685890197753906
12,100,4,none,1,373,53.23828125,84.0234375,0.0,61.8359375,3.136362075805664
12,100,4,none,1,374,54.16015625,85.04296875,0.0,61.67578125,3.2363619804382324
12,100,4,none,1,375,52.72265625,84.3671875,0.0,61.6953125,3.4394545555114746
12,100,4,none,1,376,52.73828125,84.796875,0.0,61.8828125,3.3101253509521484
12,100,4,none,1,377,52.6640625,85.2890625,0.0,62.0234375,3.5547540187835693
12,100,4,none,1,378,52.6484375,84.46484375,0.0,62.27734375,3.5434913635253906
12,100,4,none,1,379,52.296875,85.25390625,0.0,62.46875,3.71940279006958
12,100,4,none,1,380,52.23046875,85.73828125,0.0,62.08984375,3.6071956157684326
12,100,4,none,1,381,52.625,84.29296875,0.0,62.55078125,3.538022518157959
12,100,4,none,1,382,51.80078125,85.8203125,0.0,62.59765625,3.8271498680114746
12,100,4,none,1,383,51.48828125,84.54296875,0.0,62.73046875,3.6431005001068115
12,100,4,none,1,384,51.484375,84.8828125,0.0,62.3125,3.535581111907959
12,100,4,none,1,385,52.06640625,85.65625,0.0,62.578125,3.671811580657959
12,100,4,none,1,386,51.7734375,84.1640625,0.0,62.5,3.537013530731201
12,100,4,none,1,387,51.93359375,84.23828125,0.0,62.51953125,3.425652265548706
12,100,4,none,1,388,51.33203125,85.1015625,0.0,62.484375,3.546290397644043
12,100,4,none,1,389,51.91015625,84.890625,0.0,62.546875,3.6167330741882324
12,100,4,none,1,390,51.62890625,84.0390625,0.0,62.28515625,3.613999128341675
12,100,4,none,1,391,51.82421875,85.1953125,0.0,62.5703125,3.555567741394043
12,100,4,none,1,392,51.34375,85.3671875,0.0,62.4140625,3.756023406982422
12,100,4,none,1,393,51.56640625,84.796875,0.0,62.7265625,3.738185405731201
12,100,4,none,1,394,50.984375,85.1796875,0.0,62.77734375,3.8357112407684326
12,100,4,none,1,395,51.13671875,84.83984375,0.0,62.3203125,3.728874921798706
12,100,4,none,1,396,51.3125,85.21484375,0.0,62.45703125,3.7614924907684326
12,100,4,none,1,397,50.8984375,85.08203125,0.0,62.734375,3.776564121246338
12,100,4,none,1,398,51.125,85.61328125,0.0,62.46484375,3.80729341506958
12,100,4,none,1,399,51.14453125,85.5703125,0.0,62.625,3.8198256492614746
12,100,4,none,1,400,51.59765625,84.97265625,0.0,62.4140625,3.3792006969451904
12,100,4,none,1,401,52.19921875,85.06640625,0.0,62.18359375,3.5608413219451904
12,100,4,none,1,402,51.27734375,85.41796875,0.0,62.7109375,3.9455745220184326
12,100,4,none,1,403,51.25,85.2265625,0.0,62.58203125,3.8341808319091797
12,100,4,none,1,404,51.2109375,86.05078125,0.0,62.34765625,3.877377986907959
12,100,4,none,1,405,51.4765625,86.6640625,0.0,62.65625,4.000229835510254
12,100,4,none,1,406,51.171875,86.33984375,0.0,62.3828125,3.9575212001800537
12,100,4,none,1,407,51.5234375,85.25390625,0.0,62.8125,3.8792333602905273
12,100,4,none,1,408,51.59765625,85.58984375,0.0,62.671875,3.627833843231201
12,100,4,none,1,409,50.18359375,86.1875,0.0,62.89453125,4.073211193084717
12,100,4,none,1,410,51.26953125,86.26953125,0.0,62.56640625,3.808009624481201
12,100,4,none,1,411,51.359375,85.48046875,0.0,62.73828125,3.6712253093719482
12,100,4,none,1,412,51.6640625,83.90625,0.0,62.875,3.6575536727905273
12,100,4,none,1,413,51.125,85.47265625,0.0,62.81640625,3.922755241394043
12,100,4,none,1,414,50.921875,86.02734375,0.0,62.9609375,3.849578380584717
12,100,4,none,1,415,51.1015625,85.375,0.0,63.16796875,3.926694393157959
12,100,4,none,1,416,51.140625,86.33984375,0.0,62.72265625,3.8518245220184326
12,100,4,none,1,417,49.55078125,85.7734375,0.0,63.46484375,4.296030044555664
12,100,4,none,1,418,50.59375,86.15625,0.0,63.28515625,3.949611186981201
12,100,4,none,1,419,50.72265625,85.734375,0.0,62.96875,4.096258163452148
12,100,4,none,1,420,49.86328125,85.76171875,0.0,63.40625,4.184701919555664
12,100,4,none,1,421,51.109375,86.203125,0.0,63.109375,3.9404964447021484
12,100,4,none,1,422,50.4765625,85.703125,0.0,63.07421875,3.8396174907684326
12,100,4,none,1,423,49.97265625,85.7265625,0.0,63.125,3.8609063625335693
12,100,4,none,1,424,50.203125,86.16015625,0.0,63.5390625,4.177345275878906
12,100,4,none,1,425,50.9765625,86.0859375,0.0,63.04296875,3.8687515258789062
12,100,4,none,1,426,50.6328125,85.73828125,0.0,63.05078125,3.7945003509521484
12,100,4,none,1,427,50.0703125,85.73046875,0.0,62.9609375,3.8406596183776855
12,100,4,none,1,428,49.6953125,86.171875,0.0,63.55078125,4.188022613525391
12,100,4,none,1,429,51.2578125,85.2890625,0.0,63.2578125,3.9581069946289062
12,100,4,none,1,430,50.49609375,87.01171875,0.0,63.2421875,4.263706207275391
12,100,4,none,1,431,50.515625,85.88671875,0.0,63.609375,4.083367347717285
12,100,4,none,1,432,51.0234375,86.11328125,0.0,63.1640625,3.9207701683044434
12,100,4,none,1,433,50.546875,87.65234375,0.0,62.82421875,4.215497016906738
12,100,4,none,1,434,50.53125,87.12890625,0.0,62.91015625,4.126336097717285
12,100,4,none,1,435,49.69921875,86.67578125,0.0,63.453125,4.3977556228637695
12,100,4,none,1,436,50.40234375,86.5859375,0.0,63.1953125,4.216212749481201
12,100,4,none,1,437,51.4453125,87.46484375,0.0,63.140625,4.0486345291137695
12,100,4,none,1,438,51.9296875,87.6796875,0.0,63.01171875,3.958465099334717
12,100,4,none,1,439,50.19140625,87.59765625,0.0,63.3515625,4.357000350952148
12,100,4,none,1,440,50.6484375,86.96875,0.0,63.36328125,4.094435691833496
12,100,4,none,1,441,49.37890625,87.984375,0.0,63.20703125,4.4703145027160645
12,100,4,none,1,442,49.45703125,88.0078125,0.0,63.7578125,4.456577301025391
12,100,4,none,1,443,49.39453125,86.89453125,0.0,63.3671875,4.238739013671875
12,100,4,none,1,444,49.953125,86.48828125,0.0,63.7578125,4.266700744628906
12,100,4,none,1,445,49.9609375,87.24609375,0.0,63.81640625,4.483009338378906
12,100,4,none,1,446,49.06640625,87.1953125,0.0,63.2109375,4.411330223083496
12,100,4,none,1,447,49.0234375,87.359375,0.0,63.87890625,4.60514497756958
12,100,4,none,1,448,49.43359375,87.91796875,0.0,63.52734375,4.464129447937012
12,100,4,none,1,449,49.92578125,87.38671875,0.0,63.51953125,4.3835625648498535
12,100,4,none,1,450,49.5234375,88.23828125,0.0,63.59765625,4.387664318084717
12,100,4,none,1,451,49.33984375,87.45703125,0.0,63.6953125,4.604721546173096
12,100,4,none,1,452,49.34375,87.69140625,0.0,63.71875,4.485678672790527
12,100,4,none,1,453,49.55859375,87.390625,0.0,63.6015625,4.5427751541137695
12,100,4,none,1,454,50.71875,87.578125,0.0,63.16015625,4.034214019775391
12,100,4,none,1,455,48.98828125,87.43359375,0.0,63.91015625,4.613608360290527
12,100,4,none,1,456,49.9375,86.5859375,0.0,63.5234375,4.267091274261475
12,100,4,none,1,457,48.890625,86.33984375,0.0,64.09765625,4.500033855438232
12,100,4,none,1,458,48.515625,86.83203125,0.0,64.03125,4.478679656982422
12,100,4,none,1,459,49.48828125,88.70703125,0.0,63.609375,4.565073013305664
12,100,4,none,1,460,49.2890625,87.51953125,0.0,63.9296875,4.668035507202148
12,100,4,none,1,461,49.1875,87.234375,0.0,64.09375,4.561037063598633
12,100,4,none,1,462,49.38671875,87.3046875,0.0,63.6640625,4.536850929260254
12,100,4,none,1,463,48.8515625,87.78515625,0.0,64.015625,4.674448490142822
12,100,4,none,1,464,48.40234375,87.08984375,0.0,64.35546875,4.5657243728637695
12,100,4,none,1,465,48.47265625,88.93359375,0.0,63.55078125,4.664389610290527
12,100,4,none,1,466,48.3046875,88.578125,0.0,63.62890625,4.737664222717285
12,100,4,none,1,467,48.2890625,88.01953125,0.0,64.25390625,4.759376525878906
12,100,4,none,1,468,48.67578125,87.22265625,0.0,63.859375,4.2795915603637695
12,100,4,none,1,469,48.57421875,87.55859375,0.0,64.18359375,4.668523788452148
12,100,4,none,1,470,48.9296875,87.82421875,0.0,63.92578125,4.670119285583496
12,100,4,none,1,471,49.03515625,88.01171875,0.0,63.85546875,4.599578857421875
12,100,4,none,1,472,49.30078125,88.7109375,0.0,63.625,4.578452110290527
12,100,4,none,1,473,47.94140625,87.99609375,0.0,63.98046875,4.820183753967285
12,100,4,none,1,474,48.16015625,88.80859375,0.0,64.10546875,4.863640785217285
12,100,4,none,1,475,47.16796875,88.9765625,0.0,64.49609375,5.102736473083496
12,100,4,none,1,476,47.8671875,88.72265625,0.0,64.0859375,4.786687850952148
12,100,4,none,1,477,48.0625,88.4609375,0.0,64.2890625,4.933660507202148
12,100,4,none,1,478,47.71484375,89.34765625,0.0,64.06640625,4.954428672790527
12,100,4,none,1,479,48.68359375,88.4140625,0.0,64.18359375,4.750196933746338
12,100,4,none,1,480,49.1328125,88.12890625,0.0,64.05078125,4.53825044631958
12,100,4,none,1,481,47.23046875,89.46875,0.0,64.734375,5.10504674911499
12,100,4,none,1,482,49.46875,89.83984375,0.0,63.6953125,4.645509243011475
12,100,4,none,1,483,47.62890625,88.0703125,0.0,64.3671875,4.874285697937012
12,100,4,none,1,484,48.33984375,88.41796875,0.0,64.24609375,4.8313493728637695
12,100,4,none,1,485,48.16796875,89.0625,0.0,64.08203125,4.666114807128906
12,100,4,none,1,486,49.12890625,88.33984375,0.0,63.7421875,4.554363250732422
12,100,4,none,1,487,47.77734375,88.703125,0.0,64.63671875,5.128614902496338
12,100,4,none,1,488,47.33203125,88.828125,0.0,64.2734375,4.9739274978637695
12,100,4,none,1,489,47.5546875,88.125,0.0,64.69140625,5.085190773010254
12,100,4,none,1,490,48.078125,89.34375,0.0,64.28125,4.909669876098633
12,100,4,none,1,491,47.1015625,89.53515625,0.0,64.26953125,5.001531600952148
12,100,4,none,1,492,48.02734375,87.90625,0.0,64.5,4.664552211761475
12,100,4,none,1,493,47.6640625,87.93359375,0.0,64.31640625,5.026889324188232
12,100,4,none,1,494,47.56640625,88.14453125,0.0,64.83203125,4.919956207275391
12,100,4,none,1,495,47.0859375,89.18359375,0.0,64.94140625,5.179168224334717
12,100,4,none,1,496,46.37109375,88.74609375,0.0,64.78515625,5.169793128967285
12,100,4,none,1,497,47.109375,88.6328125,0.0,64.71484375,5.039487361907959
12,100,4,none,1,498,47.8359375,88.69140625,0.0,64.3125,4.713803768157959
12,100,4,none,1,499,47.13671875,87.33984375,0.0,64.8359375,4.987501621246338
12,100,4,none,1,500,46.375,89.1875,0.0,64.51171875,5.203485012054443
12,100,4,none,1,501,47.51171875,88.484375,0.0,64.66796875,4.993556499481201
12,100,4,none,1,502,46.60546875,88.77734375,0.0,64.84765625,5.153680324554443
12,100,4,none,1,503,47.62109375,89.0,0.0,64.38671875,4.842710018157959
12,100,4,none,1,504,46.16015625,89.03125,0.0,65.22265625,5.341147422790527
12,100,4,none,1,505,46.7734375,89.01171875,0.0,64.91796875,5.216863632202148
12,100,4,none,1,506,46.859375,89.37109375,0.0,65.0859375,5.104884624481201
12,100,4,none,1,507,47.2421875,88.2890625,0.0,64.97265625,4.962501525878906
12,100,4,none,1,508,46.9765625,90.0703125,0.0,64.66796875,5.157553672790527
12,100,4,none,1,509,46.31640625,90.296875,0.0,65.140625,5.352963924407959
12,100,4,none,1,510,45.71484375,90.1015625,0.0,64.69140625,5.363803863525391
12,100,4,none,1,511,46.52734375,89.609375,0.0,65.15234375,5.371713638305664
12,100,4,none,1,512,45.91015625,89.33203125,0.0,65.40234375,5.234409332275391
12,100,4,none,1,513,45.9140625,90.20703125,0.0,65.01953125,5.410157680511475
12,100,4,none,1,514,45.53515625,90.03515625,0.0,65.00390625,5.375977993011475
12,100,4,none,1,515,46.63671875,89.6953125,0.0,65.375,5.340756893157959
12,100,4,none,1,516,46.234375,89.76171875,0.0,65.0,5.3167009353637695
12,100,4,none,1,517,46.33984375,89.4453125,0.0,65.11328125,5.212273597717285
12,100,4,none,1,518,44.84765625,89.58203125,0.0,65.5703125,5.49908971786499
12,100,4,none,1,519,45.32421875,89.89453125,0.0,65.62890625,5.582423686981201
12,100,4,none,1,520,45.62890625,88.875,0.0,65.625,5.312078475952148
12,100,4,none,1,521,45.38671875,88.328125,0.0,65.92578125,5.644923686981201
12,100,4,none,1,522,45.4296875,89.578125,0.0,65.3671875,5.470378875732422
12,100,4,none,1,523,46.09375,90.0078125,0.0,65.296875,5.259963035583496
12,100,4,none,1,524,45.32421875,89.38671875,0.0,65.3359375,5.530730724334717
12,100,4,none,1,525,45.69140625,90.09765625,0.0,65.3359375,5.423764705657959
12,100,4,none,1,526,46.58984375,89.74609375,0.0,64.98046875,5.1209001541137695
12,100,4,none,1,527,46.88671875,90.66015625,0.0,64.86328125,5.353679656982422
12,100,4,none,1,528,45.8984375,90.671875,0.0,65.30078125,5.656284332275391
12,100,4,none,1,529,46.21484375,90.5625,0.0,65.19921875,5.493882656097412
12,100,4,none,1,530,45.47265625,91.171875,0.0,65.41015625,5.627605438232422
12,100,4,none,1,531,46.69921875,90.5,0.0,64.76953125,5.091831207275391
12,100,4,none,1,532,45.765625,90.5078125,0.0,65.375,5.46308708190918
12,100,4,none,1,533,45.10546875,90.2421875,0.0,65.32421875,5.589520454406738
12,100,4,none,1,534,45.1484375,90.60546875,0.0,65.5546875,5.713542938232422
12,100,4,none,1,535,44.63671875,91.02734375,0.0,65.84765625,5.790692329406738
12,100,4,none,1,536,45.51953125,89.9765625,0.0,65.5234375,5.593165874481201
12,100,4,none,1,537,44.8125,90.64453125,0.0,65.87890625,5.769240379333496
12,100,4,none,1,538,44.25390625,90.00390625,0.0,65.8125,5.739845275878906
12,100,4,none,1,539,44.91015625,91.0625,0.0,65.5078125,5.492612361907959
12,100,4,none,1,540,45.02734375,89.49609375,0.0,65.41015625,5.509441375732422
12,100,4,none,1,541,45.765625,89.61328125,0.0,65.6484375,5.411296844482422
12,100,4,none,1,542,45.578125,90.07421875,0.0,65.65234375,5.484799861907959
12,100,4,none,1,543,44.6640625,90.58203125,0.0,65.55078125,5.642189025878906
12,100,4,none,1,544,46.3125,90.06640625,0.0,65.76171875,5.566245079040527
12,100,4,none,1,545,45.10546875,90.6875,0.0,65.578125,5.642579555511475
12,100,4,none,1,546,46.21484375,90.73046875,0.0,65.3984375,5.420835018157959
12,100,4,none,1,547,45.328125,90.96875,0.0,65.33203125,5.617579936981201
12,100,4,none,1,548,44.98828125,90.46875,0.0,66.1171875,5.681902885437012
12,100,4,none,1,549,44.45703125,91.7265625,0.0,65.65234375,5.783041954040527
12,100,4,none,1,550,44.8203125,91.4140625,0.0,65.66796875,5.720639705657959
12,100,4,none,1,551,44.59375,91.23046875,0.0,65.921875,5.78717565536499
12,100,4,none,1,552,44.35546875,91.71484375,0.0,65.78125,5.8273773193359375
12,100,4,none,1,553,44.23046875,91.765625,0.0,66.03125,6.008302211761475
12,100,4,none,1,554,45.60546875,91.3515625,0.0,65.984375,5.7190446853637695
12,100,4,none,1,555,44.1484375,91.90625,0.0,66.1875,6.092514991760254
12,100,4,none,1,556,44.5078125,90.54296875,0.0,65.578125,5.5784196853637695
12,100,4,none,1,557,45.2421875,90.61328125,0.0,65.87890625,5.799188137054443
12,100,4,none,1,558,44.8828125,90.4921875,0.0,65.9765625,5.746291160583496
12,100,4,none,1,559,45.47265625,90.73046875,0.0,66.0234375,5.632163047790527
12,100,4,none,1,560,44.96484375,90.625,0.0,66.02734375,5.672332763671875
12,100,4,none,1,561,44.16015625,91.08203125,0.0,66.41796875,5.957098007202148
12,100,4,none,1,562,44.83203125,91.375,0.0,66.30859375,5.880633354187012
12,100,4,none,1,563,45.1015625,91.31640625,0.0,66.10546875,5.765659332275391
12,100,4,none,1,564,44.62890625,91.28125,0.0,66.0859375,5.958562850952148
12,100,4,none,1,565,45.640625,91.37890625,0.0,65.609375,5.5970072746276855
12,100,4,none,1,566,44.9140625,90.2578125,0.0,66.3984375,5.753191947937012
12,100,4,none,1,567,44.05859375,91.5,0.0,66.46484375,6.128191947937012
12,100,4,none,1,568,44.41015625,91.9140625,0.0,66.00390625,6.082520961761475
12,100,4,none,1,569,43.78515625,92.0390625,0.0,66.03515625,6.1819353103637695
12,100,4,none,1,570,43.890625,91.70703125,0.0,66.15234375,5.976759910583496
12,100,4,none,1,571,44.30078125,91.625,0.0,66.03125,5.908953666687012
12,100,4,none,1,572,43.80078125,92.09765625,0.0,65.6953125,5.960744380950928
12,100,4,none,1,573,44.4375,91.703125,0.0,65.75,5.815398693084717
12,100,4,none,1,574,43.75,92.30859375,0.0,66.4296875,6.210938930511475
12,100,4,none,1,575,43.98046875,91.44921875,0.0,66.25,6.014780044555664
12,100,4,none,1,576,43.203125,90.6796875,0.0,66.4375,5.946974754333496
12,100,4,none,1,577,43.53125,91.953125,0.0,66.57421875,6.214259624481201
12,100,4,none,1,578,43.96484375,92.30078125,0.0,66.03515625,6.128517150878906
12,100,4,none,1,579,43.73828125,92.0546875,0.0,66.29296875,6.004949569702148
12,100,4,none,1,580,43.03515625,92.01171875,0.0,66.40625,6.204265594482422
12,100,4,none,1,581,44.23828125,92.203125,0.0,66.2578125,5.969760894775391
12,100,4,none,1,582,43.33984375,92.31640625,0.0,66.5859375,6.225750923156738
12,100,4,none,1,583,43.12109375,92.2890625,0.0,66.4453125,6.110548973083496
12,100,4,none,1,584,42.87890625,91.609375,0.0,66.8828125,6.347592830657959
12,100,4,none,1,585,43.30078125,92.45703125,0.0,66.84375,6.306121349334717
12,100,4,none,1,586,42.18359375,92.2578125,0.0,67.1796875,6.514520168304443
12,100,4,none,1,587,43.08984375,91.421875,0.0,66.7734375,6.160386085510254
12,100,4,none,1,588,43.765625,92.33203125,0.0,66.4765625,6.267840385437012
12,100,4,none,1,589,43.53125,91.55078125,0.0,66.69140625,6.138381004333496
12,100,4,none,1,590,42.9765625,91.98046875,0.0,66.796875,6.240138530731201
12,100,4,none,1,591,42.6640625,92.31640625,0.0,66.84765625,6.350327491760254
12,100,4,none,1,592,42.77734375,92.66015625,0.0,66.2890625,6.250424861907959
12,100,4,none,1,593,42.2890625,92.484375,0.0,66.91015625,6.455535888671875
12,100,4,none,1,594,42.375,93.34765625,0.0,66.94140625,6.4757184982299805
12,100,4,none,1,595,42.4375,93.046875,0.0,66.12109375,6.316603660583496
12,100,4,none,1,596,44.0234375,91.9140625,0.0,66.92578125,5.980567932128906
12,100,4,none,1,597,43.078125,92.22265625,0.0,66.96484375,6.216896057128906
12,100,4,none,1,598,43.13671875,92.453125,0.0,66.61328125,6.191473007202148
12,100,4,none,1,599,43.07421875,92.6484375,0.0,66.6328125,6.323178768157959
12,100,4,none,1,600,43.546875,93.6875,0.0,66.20703125,6.299741268157959
12,100,4,none,1,601,43.17578125,92.66796875,0.0,66.828125,6.293067932128906
12,100,4,none,1,602,42.91015625,93.91015625,0.0,66.8828125,6.4732770919799805
12,100,4,none,1,603,43.69140625,92.22265625,0.0,67.171875,6.303745269775391
12,100,4,none,1,604,42.2734375,92.359375,0.0,66.79296875,6.341050148010254
12,100,4,none,1,605,43.046875,92.10546875,0.0,67.09375,6.354396343231201
12,100,4,none,1,606,42.38671875,92.2890625,0.0,66.859375,6.374806880950928
12,100,4,none,1,607,42.3671875,93.04296875,0.0,67.0703125,6.484116554260254
12,100,4,none,1,608,43.203125,93.43359375,0.0,66.93359375,6.558042049407959
12,100,4,none,1,609,42.28125,94.5625,0.0,67.18359375,6.792449951171875
12,100,4,none,1,610,43.015625,93.5234375,0.0,67.11328125,6.419858455657959
12,100,4,none,1,611,41.5625,93.7421875,0.0,67.2109375,6.911199569702148
12,100,4,none,1,612,42.64453125,94.26171875,0.0,66.72265625,6.5071306228637695
12,100,4,none,1,613,42.22265625,93.4140625,0.0,67.0625,6.519728660583496
12,100,4,none,1,614,42.5546875,92.9375,0.0,67.3125,6.568426132202148
12,100,4,none,1,615,43.5234375,93.90234375,0.0,66.671875,6.276303768157959
12,100,4,none,1,616,42.1953125,94.99609375,0.0,66.74609375,6.6570329666137695
12,100,4,none,1,617,42.2734375,93.52734375,0.0,67.0546875,6.6173200607299805
12,100,4,none,1,618,42.16015625,95.1875,0.0,67.3046875,6.865691661834717
12,100,4,none,1,619,42.03515625,94.96484375,0.0,67.0625,6.9226579666137695
12,100,4,none,1,620,41.16015625,95.2421875,0.0,67.25390625,7.040236473083496
12,100,4,none,1,621,41.13671875,94.37109375,0.0,67.41796875,7.018816947937012
12,100,4,none,1,622,41.1953125,94.11328125,0.0,67.4375,6.929526329040527
12,100,4,none,1,623,42.21484375,94.71484375,0.0,67.4921875,6.974286079406738
12,100,4,none,1,624,41.296875,95.37890625,0.0,67.51171875,7.108985900878906
12,100,4,none,1,625,41.80078125,94.6796875,0.0,67.42578125,7.015300750732422
12,100,4,none,1,626,41.96875,95.65625,0.0,67.3359375,6.872592449188232
12,100,4,none,1,627,41.69921875,94.06640625,0.0,67.3671875,6.854428768157959
12,100,4,none,1,628,40.78515625,94.234375,0.0,67.56640625,7.017482280731201
12,100,4,none,1,629,41.65625,94.92578125,0.0,67.6015625,6.928126811981201
12,100,4,none,1,630,42.140625,93.5078125,0.0,67.42578125,6.774676322937012
12,100,4,none,1,631,41.6640625,94.8125,0.0,67.6328125,7.040496826171875
12,100,4,none,1,632,42.015625,94.7734375,0.0,67.27734375,6.8951520919799805
12,100,4,none,1,633,41.61328125,94.96484375,0.0,67.55078125,6.888250350952148
12,100,4,none,1,634,41.83203125,94.29296875,0.0,67.30078125,6.8240580558776855
12,100,4,none,1,635,41.81640625,94.40625,0.0,67.3125,6.801856994628906
12,100,4,none,1,636,41.89453125,93.921875,0.0,67.22265625,6.5403666496276855
12,100,4,none,1,637,41.71484375,94.05078125,0.0,67.578125,6.845574855804443
12,100,4,none,1,638,41.66796875,94.0703125,0.0,67.60546875,6.8055033683776855
12,100,4,none,1,639,41.89453125,94.9296875,0.0,67.546875,6.907977104187012
12,100,4,none,1,640,41.52734375,95.11328125,0.0,67.78125,7.101466178894043
12,100,4,none,1,641,41.33984375,94.76953125,0.0,67.91015625,7.149188041687012
12,100,4,none,1,642,39.61328125,95.43359375,0.0,68.296875,7.433856010437012
12,100,4,none,1,643,40.83984375,94.83984375,0.0,68.05078125,7.252898693084717
12,100,4,none,1,644,40.953125,96.5,0.0,67.625,7.42780065536499
12,100,4,none,1,645,40.28125,95.47265625,0.0,68.01171875,7.268296241760254
12,100,4,none,1,646,40.25,94.75390625,0.0,68.66015625,7.422299861907959
12,100,4,none,1,647,40.421875,94.93359375,0.0,68.0390625,7.132065773010254
12,100,4,none,1,648,40.76953125,95.04296875,0.0,68.0546875,7.057651519775391
12,100,4,none,1,649,40.7734375,94.43359375,0.0,67.92578125,6.953875541687012
12,100,4,none,1,650,40.74609375,95.22265625,0.0,67.91796875,7.278484344482422
12,100,4,none,1,651,40.86328125,95.49609375,0.0,68.04296875,7.196778774261475
12,100,4,none,1,652,40.9609375,95.33203125,0.0,67.640625,7.227508068084717
12,100,4,none,1,653,41.1640625,95.56640625,0.0,67.69140625,7.155665874481201
12,100,4,none,1,654,40.8828125,95.08984375,0.0,67.96875,7.322007179260254
12,100,4,none,1,655,41.76953125,94.85546875,0.0,67.99609375,7.2112650871276855
12,100,4,none,1,656,40.76171875,95.953125,0.0,67.84375,7.326173782348633
12,100,4,none,1,657,40.8203125,96.26953125,0.0,67.56640625,7.015626430511475
12,100,4,none,1,658,40.2890625,96.74609375,0.0,67.8125,7.400783538818359
12,100,4,none,1,659,41.34765625,96.03125,0.0,67.97265625,7.216375350952148
12,100,4,none,1,660,40.4921875,95.11328125,0.0,67.8984375,7.165040493011475
12,100,4,none,1,661,40.9609375,94.9140625,0.0,67.9921875,7.231805324554443
12,100,4,none,1,662,40.9453125,94.859375,0.0,68.22265625,7.193654537200928
12,100,4,none,1,663,40.2421875,96.609375,0.0,68.3125,7.493100643157959
12,100,4,none,1,664,40.95703125,95.46484375,0.0,68.0,7.151889801025391
12,100,4,none,1,665,39.44921875,96.4765625,0.0,68.25,7.490952491760254
12,100,4,none,1,666,39.06640625,96.75,0.0,68.30078125,7.7473649978637695
12,100,4,none,1,667,40.1796875,96.59375,0.0,68.33984375,7.579363822937012
12,100,4,none,1,668,40.02734375,95.69140625,0.0,68.26953125,7.462176322937012
12,100,4,none,1,669,39.73046875,96.01171875,0.0,68.3359375,7.538608551025391
12,100,4,none,1,670,39.17578125,95.6015625,0.0,68.57421875,7.598992824554443
12,100,4,none,1,671,39.79296875,96.984375,0.0,68.140625,7.551955223083496
12,100,4,none,1,672,40.484375,97.484375,0.0,67.61328125,7.363706111907959
12,100,4,none,1,673,40.7890625,97.0,0.0,68.02734375,7.467742919921875
12,100,4,none,1,674,40.0078125,96.578125,0.0,68.42578125,7.538381099700928
12,100,4,none,1,675,40.265625,97.05859375,0.0,68.0546875,7.497983455657959
12,100,4,none,1,676,40.9921875,96.7890625,0.0,67.91015625,7.279721736907959
12,100,4,none,1,677,39.70703125,96.48046875,0.0,68.2265625,7.478094100952148
12,100,4,none,1,678,40.1171875,96.50390625,0.0,68.328125,7.352704048156738
12,100,4,none,1,679,40.01953125,96.61328125,0.0,68.5859375,7.437404155731201
12,100,4,none,1,680,40.00390625,96.77734375,0.0,68.16015625,7.412274360656738
12,100,4,none,1,681,39.8671875,96.12109375,0.0,68.3046875,7.3609724044799805
12,100,4,none,1,682,40.171875,96.82421875,0.0,68.25390625,7.522006988525391
12,100,4,none,1,683,40.19921875,96.7890625,0.0,68.43359375,7.434571743011475
12,100,4,none,1,684,39.109375,96.37890625,0.0,68.55859375,7.6060895919799805
12,100,4,none,1,685,39.859375,96.7890625,0.0,68.27734375,7.679559230804443
12,100,4,none,1,686,38.86328125,97.24609375,0.0,68.32421875,7.745444297790527
12,100,4,none,1,687,39.58203125,96.8046875,0.0,68.25,7.541049957275391
12,100,4,none,1,688,39.4921875,96.39453125,0.0,68.5625,7.466082572937012
12,100,4,none,1,689,39.3984375,97.1640625,0.0,68.77734375,7.890887260437012
12,100,4,none,1,690,39.78125,97.4609375,0.0,68.26953125,7.67451286315918
12,100,4,none,1,691,41.0234375,97.5390625,0.0,68.3671875,7.524969100952148
12,100,4,none,1,692,39.640625,97.55078125,0.0,68.76171875,7.952150344848633
12,100,4,none,1,693,39.3046875,97.49609375,0.0,68.5234375,7.886362075805664
12,100,4,none,1,694,39.125,96.64453125,0.0,68.765625,7.785743713378906
12,100,4,none,1,695,39.1953125,97.19140625,0.0,69.1015625,7.879233360290527
12,100,4,none,1,696,39.5,97.0625,0.0,68.74609375,7.705112457275391
12,100,4,none,1,697,39.359375,97.859375,0.0,68.390625,7.733758449554443
12,100,4,none,1,698,38.08203125,98.25,0.0,68.87890625,8.122137069702148
12,100,4,none,1,699,38.51953125,98.203125,0.0,68.89453125,7.970314979553223
12,100,4,none,1,700,39.73828125,97.45703125,0.0,68.5078125,7.786687850952148
12,100,4,none,1,701,39.234375,97.734375,0.0,68.4609375,7.680274963378906
12,100,4,none,1,702,38.89453125,96.046875,0.0,68.578125,7.622462272644043
12,100,4,none,1,703,39.6796875,96.9140625,0.0,69.125,7.614780426025391
12,100,4,none,1,704,39.1171875,96.9140625,0.0,68.9140625,7.682814598083496
12,100,4,none,1,705,39.0625,96.89453125,0.0,68.59375,7.761037349700928
12,100,4,none,1,706,39.07421875,96.48046875,0.0,68.859375,7.758822917938232
12,100,4,none,1,707,38.90625,97.1796875,0.0,68.90234375,7.793035507202148
12,100,4,none,1,708,38.25390625,98.3203125,0.0,69.2578125,8.14310073852539
12,100,4,none,1,709,37.76171875,97.6953125,0.0,69.33203125,8.140789031982422
12,100,4,none,1,710,37.328125,98.796875,0.0,69.20703125,8.290040969848633
12,100,4,none,1,711,37.89453125,97.18359375,0.0,69.7890625,8.310157775878906
12,100,4,none,1,712,37.55078125,97.8203125,0.0,69.23828125,8.00947380065918
12,100,4,none,1,713,37.39453125,97.9375,0.0,69.46875,8.287795066833496
12,100,4,none,1,714,37.26953125,97.2109375,0.0,69.625,8.036036491394043
12,100,4,none,1,715,36.90234375,97.01953125,0.0,69.83984375,8.168686866760254
12,100,4,none,1,716,36.9296875,97.12109375,0.0,69.71875,8.240626335144043
12,100,4,none,1,717,36.7109375,98.22265625,0.0,69.625,8.239683151245117
12,100,4,none,1,718,37.1171875,98.05078125,0.0,69.7734375,8.326597213745117
12,100,4,none,1,719,36.96484375,98.421875,0.0,69.69921875,8.344565391540527
12,100,4,none,1,720,37.37890625,97.83984375,0.0,69.34765625,8.165399551391602
12,100,4,none,1,721,37.17578125,98.0859375,0.0,69.78515625,8.379755020141602
12,100,4,none,1,722,36.546875,98.76171875,0.0,69.95703125,8.662795066833496
12,100,4,none,1,723,37.29296875,98.56640625,0.0,69.4453125,8.163446426391602
12,100,4,none,1,724,36.69921875,98.80859375,0.0,69.5703125,8.390300750732422
12,100,4,none,1,725,37.40625,97.9375,0.0,69.41796875,8.26504135131836
12,100,4,none,1,726,36.4453125,98.08984375,0.0,69.46875,8.351011276245117
12,100,4,none,1,727,37.12109375,98.38671875,0.0,69.24609375,8.131935119628906
12,100,4,none,1,728,36.8203125,98.40234375,0.0,69.34375,8.227995872497559
12,100,4,none,1,729,36.2734375,99.8125,0.0,69.51953125,8.567612648010254
12,100,4,none,1,730,36.01171875,98.51953125,0.0,69.765625,8.532944679260254
12,100,4,none,1,731,37.328125,98.61328125,0.0,69.4140625,8.345151901245117
12,100,4,none,1,732,37.66015625,98.609375,0.0,69.59765625,8.204363822937012
12,100,4,none,1,733,37.1796875,98.65234375,0.0,69.53515625,8.278907775878906
12,100,4,none,1,734,36.59765625,98.84765625,0.0,69.7265625,8.415529251098633
12,100,4,none,1,735,37.02734375,100.00390625,0.0,69.29296875,8.367514610290527
12,100,4,none,1,736,36.8359375,99.2734375,0.0,69.8671875,8.62539291381836
12,100,4,none,1,737,36.5546875,100.4765625,0.0,69.56640625,8.715171813964844
12,100,4,none,1,738,36.4765625,101.11328125,0.0,69.47265625,8.539389610290527
12,100,4,none,1,739,36.6640625,99.89453125,0.0,69.5703125,8.67259407043457
12,100,4,none,1,740,36.9140625,100.546875,0.0,69.32421875,8.603680610656738
12,100,4,none,1,741,36.91015625,99.84765625,0.0,69.89453125,8.568914413452148
12,100,4,none,1,742,36.6484375,100.0,0.0,69.84375,8.64287281036377
12,100,4,none,1,743,37.40234375,100.515625,0.0,69.375,8.425131797790527
12,100,4,none,1,744,36.28125,99.8515625,0.0,70.00390625,8.655210494995117
12,100,4,none,1,745,37.1328125,99.625,0.0,69.4296875,8.380730628967285
12,100,4,none,1,746,36.3515625,99.328125,0.0,69.98828125,8.559181213378906
12,100,4,none,1,747,36.73046875,99.875,0.0,69.8671875,8.463607788085938
12,100,4,none,1,748,35.55078125,99.16796875,0.0,70.1640625,8.733823776245117
12,100,4,none,1,749,35.41015625,98.578125,0.0,70.06640625,8.539324760437012
12,100,4,none,1,750,35.88671875,99.12890625,0.0,70.36328125,8.738056182861328
12,100,4,none,1,751,36.078125,99.47265625,0.0,70.2578125,8.597299575805664
12,100,4,none,1,752,36.23828125,98.1875,0.0,70.46484375,8.631317138671875
12,100,4,none,1,753,35.81640625,99.74609375,0.0,70.09765625,8.82620620727539
12,100,4,none,1,754,35.52734375,99.00390625,0.0,70.546875,8.68069839477539
12,100,4,none,1,755,35.29296875,99.92578125,0.0,69.921875,8.903387069702148
12,100,4,none,1,756,35.5390625,99.78125,0.0,70.26953125,8.712860107421875
12,100,4,none,1,757,34.859375,100.6796875,0.0,70.4453125,8.969923973083496
12,100,4,none,1,758,35.36328125,100.78515625,0.0,70.12109375,8.918685913085938
12,100,4,none,1,759,34.85546875,100.36328125,0.0,70.05859375,8.677248001098633
12,100,4,none,1,760,36.15625,100.11328125,0.0,69.83984375,8.516050338745117
12,100,4,none,1,761,36.0625,99.0546875,0.0,70.046875,8.701597213745117
12,100,4,none,1,762,36.078125,100.421875,0.0,70.12109375,8.73720932006836
12,100,4,none,1,763,35.515625,101.62890625,0.0,69.859375,9.040399551391602
12,100,4,none,1,764,35.57421875,101.37890625,0.0,69.87890625,8.805145263671875
12,100,4,none,1,765,35.72265625,101.6328125,0.0,70.09375,9.00540542602539
12,100,4,none,1,766,35.2890625,100.4296875,0.0,69.93359375,8.841212272644043
12,100,4,none,1,767,34.95703125,101.6875,0.0,70.2109375,8.90937614440918
12,100,4,none,1,768,35.765625,101.23828125,0.0,69.828125,8.89082145690918
12,100,4,none,1,769,34.90625,101.11328125,0.0,70.25,9.121551513671875
12,100,4,none,1,770,35.52734375,101.16015625,0.0,70.12890625,9.106805801391602
12,100,4,none,1,771,35.7109375,102.078125,0.0,70.0390625,8.942580223083496
12,100,4,none,1,772,35.86328125,102.1953125,0.0,70.46484375,9.076791763305664
12,100,4,none,1,773,35.4765625,101.2890625,0.0,69.953125,8.915040969848633
12,100,4,none,1,774,35.54296875,101.7109375,0.0,70.0078125,9.006967544555664
12,100,4,none,1,775,35.4765625,101.56640625,0.0,70.5703125,9.088706016540527
12,100,4,none,1,776,34.41015625,102.6015625,0.0,70.44921875,9.273406982421875
12,100,4,none,1,777,33.58984375,101.671875,0.0,70.484375,9.343523979187012
12,100,4,none,1,778,33.78125,101.79296875,0.0,70.84375,9.337404251098633
12,100,4,none,1,779,34.96484375,102.265625,0.0,70.60546875,9.118654251098633
12,100,4,none,1,780,34.4921875,101.26953125,0.0,70.828125,9.240138053894043
12,100,4,none,1,781,34.34765625,100.76953125,0.0,70.95703125,9.154070854187012
12,100,4,none,1,782,34.7109375,101.73828125,0.0,70.3828125,9.137925148010254
12,100,4,none,1,783,34.3125,101.33984375,0.0,70.640625,9.015497207641602
12,100,4,none,1,784,34.3984375,102.265625,0.0,70.36328125,9.19511890411377
12,100,4,none,1,785,34.62890625,102.0078125,0.0,70.46875,9.029397010803223
12,100,4,none,1,786,34.5546875,101.76171875,0.0,70.59375,9.12334156036377
12,100,4,none,1,787,35.33203125,103.19921875,0.0,70.265625,9.1063814163208
12,100,4,none,1,788,34.56640625,101.74609375,0.0,70.71875,9.123146057128906
12,100,4,none,1,789,34.17578125,102.05859375,0.0,70.65234375,9.39134407043457
12,100,4,none,1,790,33.39453125,102.4609375,0.0,71.08984375,9.526369094848633
12,100,4,none,1,791,33.67578125,103.21875,0.0,70.921875,9.526108741760254
12,100,4,none,1,792,34.24609375,102.4296875,0.0,70.79296875,9.36194896697998
12,100,4,none,1,793,34.3125,103.09765625,0.0,70.66015625,9.366374969482422
12,100,4,none,1,794,33.9296875,102.703125,0.0,70.875,9.47500228881836
12,100,4,none,1,795,35.04296875,102.78125,0.0,70.58984375,9.39026927947998
12,100,4,none,1,796,35.0859375,101.79296875,0.0,70.69140625,9.169794082641602
12,100,4,none,1,797,34.0078125,104.01171875,0.0,70.84375,9.54690933227539
12,100,4,none,1,798,33.58984375,102.2109375,0.0,71.41015625,9.806382179260254
12,100,4,none,1,799,34.22265625,102.40625,0.0,71.00390625,9.39661693572998
12,100,4,none,1,800,35.02734375,101.84765625,0.0,71.07421875,9.225814819335938
12,100,4,none,1,801,34.10546875,101.80859375,0.0,71.421875,9.540138244628906
12,100,4,none,1,802,34.5859375,102.98046875,0.0,70.765625,9.35208511352539
12,100,4,none,1,803,33.97265625,102.55859375,0.0,71.11328125,9.406153678894043
12,100,4,none,1,804,34.484375,102.21484375,0.0,70.66796875,9.332489013671875
12,100,4,none,1,805,32.69140625,103.8515625,0.0,70.87109375,9.533140182495117
12,100,4,none,1,806,33.4296875,102.8828125,0.0,70.99609375,9.533400535583496
12,100,4,none,1,807,33.80859375,101.6484375,0.0,71.05859375,9.355438232421875
12,100,4,none,1,808,33.43359375,103.90625,0.0,71.015625,9.626206398010254
12,100,4,none,1,809,33.58984375,101.703125,0.0,70.97265625,9.418785095214844
12,100,4,none,1,810,33.55859375,102.51171875,0.0,71.4296875,9.669435501098633
12,100,4,none,1,811,32.5703125,102.8515625,0.0,71.25,9.645411491394043
12,100,4,none,1,812,33.09375,102.7578125,0.0,71.2109375,9.550718307495117
12,100,4,none,1,813,33.3671875,102.703125,0.0,71.1953125,9.625131607055664
12,100,4,none,1,814,32.671875,103.08984375,0.0,71.2734375,9.688218116760254
12,100,4,none,1,815,33.0703125,101.83984375,0.0,71.54296875,9.71328353881836
12,100,4,none,1,816,32.61328125,102.9453125,0.0,71.421875,9.787826538085938
12,100,4,none,1,817,32.36328125,103.75390625,0.0,71.5703125,9.907000541687012
12,100,4,none,1,818,32.48828125,103.33984375,0.0,71.5859375,9.857651710510254
12,100,4,none,1,819,32.703125,102.63671875,0.0,71.7109375,9.823308944702148
12,100,4,none,1,820,33.3359375,103.56640625,0.0,71.58203125,9.79983901977539
12,100,4,none,1,821,32.27734375,103.3984375,0.0,71.85546875,10.15986442565918
12,100,4,none,1,822,32.4765625,104.0546875,0.0,71.89453125,10.076987266540527
12,100,4,none,1,823,31.95703125,103.44921875,0.0,71.7734375,9.958856582641602
12,100,4,none,1,824,32.9140625,103.8515625,0.0,71.640625,9.763022422790527
12,100,4,none,1,825,33.1484375,102.67578125,0.0,71.5,9.622528076171875
12,100,4,none,1,826,33.046875,102.609375,0.0,71.52734375,9.652606010437012
12,100,4,none,1,827,32.98046875,104.2421875,0.0,71.3125,9.861818313598633
12,100,4,none,1,828,32.30078125,104.671875,0.0,71.35546875,9.965204238891602
12,100,4,none,1,829,32.84765625,103.953125,0.0,71.12890625,9.678550720214844
12,100,4,none,1,830,31.16796875,103.93359375,0.0,71.7421875,10.09365463256836
12,100,4,none,1,831,33.14453125,103.078125,0.0,71.421875,9.665626525878906
12,100,4,none,1,832,32.8125,103.1484375,0.0,71.16796875,9.641277313232422
12,100,4,none,1,833,33.40234375,103.98046875,0.0,71.5390625,9.717025756835938
12,100,4,none,1,834,32.6640625,103.50390625,0.0,71.3046875,9.680471420288086
12,100,4,none,1,835,32.1953125,103.67578125,0.0,71.38671875,9.867027282714844
12,100,4,none,1,836,32.78125,103.76953125,0.0,71.1875,9.682391166687012
12,100,4,none,1,837,32.6484375,105.05078125,0.0,71.4296875,9.977149963378906
12,100,4,none,1,838,31.88671875,104.76171875,0.0,71.96484375,10.061850547790527
12,100,4,none,1,839,32.0859375,104.15234375,0.0,71.515625,9.90273666381836
12,100,4,none,1,840,32.33984375,104.72265625,0.0,71.4375,9.825294494628906
12,100,4,none,1,841,31.9453125,104.80859375,0.0,71.41015625,9.952704429626465
12,100,4,none,1,842,32.42578125,105.0546875,0.0,71.7890625,10.022494316101074
12,100,4,none,1,843,32.09765625,104.734375,0.0,71.53125,10.050294876098633
12,100,4,none,1,844,32.015625,105.60546875,0.0,71.59375,10.121291160583496
12,100,4,none,1,845,32.02734375,104.9296875,0.0,71.85546875,10.020998001098633
12,100,4,none,1,846,32.30859375,105.796875,0.0,71.67578125,10.13056755065918
12,100,4,none,1,847,32.2890625,105.23046875,0.0,71.74609375,10.091669082641602
12,100,4,none,1,848,32.4140625,105.484375,0.0,71.85546875,10.325653076171875
12,100,4,none,1,849,32.359375,105.8984375,0.0,71.87109375,10.29238510131836
12,100,4,none,1,850,33.328125,105.4921875,0.0,71.3046875,9.922365188598633
12,100,4,none,1,851,33.16015625,105.8046875,0.0,71.70703125,10.143752098083496
12,100,4,none,1,852,32.14453125,105.828125,0.0,71.703125,10.203615188598633
12,100,4,none,1,853,32.1640625,104.83203125,0.0,71.49609375,10.013641357421875
12,100,4,none,1,854,32.59375,105.1015625,0.0,71.87109375,10.08623218536377
12,100,4,none,1,855,31.58984375,106.5390625,0.0,71.87890625,10.411330223083496
12,100,4,none,1,856,31.984375,105.44140625,0.0,72.12890625,10.182001113891602
12,100,4,none,1,857,32.37109375,105.62109375,0.0,71.22265625,10.074382781982422
12,100,4,none,1,858,32.3671875,105.5234375,0.0,72.07421875,10.34013843536377
12,100,4,none,1,859,32.40234375,105.265625,0.0,71.90234375,10.25429916381836
12,100,4,none,1,860,32.546875,105.85546875,0.0,71.59765625,10.119501113891602
12,100,4,none,1,861,32.05859375,106.06640625,0.0,71.76171875,10.333953857421875
12,100,4,none,1,862,31.73828125,105.0,0.0,71.70703125,10.084214210510254
12,100,4,none,1,863,32.27734375,105.546875,0.0,71.95703125,10.201532363891602
12,100,4,none,1,864,31.62890625,105.671875,0.0,72.18359375,10.271356582641602
12,100,4,none,1,865,32.4609375,105.93359375,0.0,71.55859375,10.189584732055664
12,100,4,none,1,866,31.7109375,106.16015625,0.0,71.640625,10.283172607421875
12,100,4,none,1,867,31.0078125,106.609375,0.0,72.21875,10.559897422790527
12,100,4,none,1,868,32.54296875,105.81640625,0.0,71.98828125,10.08672046661377
12,100,4,none,1,869,30.328125,105.6484375,0.0,72.29296875,10.616050720214844
12,100,4,none,1,870,31.3125,106.52734375,0.0,71.984375,10.393491744995117
12,100,4,none,1,871,31.5625,105.96484375,0.0,71.6796875,10.225522994995117
12,100,4,none,1,872,31.640625,106.16015625,0.0,72.04296875,10.37503433227539
12,100,4,none,1,873,31.23046875,106.75390625,0.0,72.2265625,10.301141738891602
12,100,4,none,1,874,31.6875,106.125,0.0,71.9453125,10.24954605102539
12,100,4,none,1,875,31.1484375,107.15234375,0.0,71.921875,10.30052375793457
12,100,4,none,1,876,31.53515625,106.40625,0.0,72.3359375,10.484962463378906
12,100,4,none,1,877,31.08984375,106.5859375,0.0,72.25390625,10.357585906982422
12,100,4,none,1,878,32.08984375,107.07421875,0.0,72.17578125,10.41067886352539
12,100,4,none,1,879,31.41015625,107.4921875,0.0,72.125,10.461721420288086
12,100,4,none,1,880,31.390625,106.76171875,0.0,72.04296875,10.386167526245117
12,100,4,none,1,881,31.2265625,106.171875,0.0,72.1796875,10.461362838745117
12,100,4,none,1,882,30.734375,106.98828125,0.0,71.96875,10.503158569335938
12,100,4,none,1,883,30.89453125,105.61328125,0.0,72.37890625,10.515203475952148
12,100,4,none,1,884,31.34375,105.90625,0.0,72.17578125,10.198472023010254
12,100,4,none,1,885,30.703125,106.5390625,0.0,72.125,10.400782585144043
12,100,4,none,1,886,30.6953125,107.5625,0.0,72.1171875,10.446714401245117
12,100,4,none,1,887,30.9453125,106.90625,0.0,72.125,10.478354454040527
12,100,4,none,1,888,30.83203125,106.109375,0.0,72.421875,10.39423942565918
12,100,4,none,1,889,30.95703125,106.9140625,0.0,72.58984375,10.61465072631836
12,100,4,none,1,890,30.828125,107.44140625,0.0,72.6953125,10.659540176391602
12,100,4,none,1,891,29.7265625,107.58984375,0.0,72.671875,10.83242416381836
12,100,4,none,1,892,29.3984375,107.08203125,0.0,72.65625,10.783628463745117
12,100,4,none,1,893,30.13671875,107.1796875,0.0,72.41796875,10.762632369995117
12,100,4,none,1,894,29.94140625,106.37109375,0.0,72.6640625,10.77881145477295
12,100,4,none,1,895,30.71484375,107.74609375,0.0,72.3125,10.546844482421875
12,100,4,none,1,896,30.61328125,107.66796875,0.0,72.58984375,10.691375732421875
12,100,4,none,1,897,30.265625,107.65234375,0.0,72.046875,10.609832763671875
12,100,4,none,1,898,30.6015625,107.92578125,0.0,72.8671875,10.771681785583496
12,100,4,none,1,899,30.58984375,108.33984375,0.0,72.265625,10.66338062286377
12,100,4,none,1,900,31.703125,107.0,0.0,71.71875,10.293685913085938
12,100,4,none,1,901,29.9921875,105.8671875,0.0,72.32421875,10.555014610290527
12,100,4,none,1,902,30.4453125,107.39453125,0.0,72.1484375,10.620933532714844
12,100,4,none,1,903,29.89453125,108.28125,0.0,72.28515625,10.898927688598633
12,100,4,none,1,904,30.1015625,108.29296875,0.0,72.22265625,10.574057579040527
12,100,4,none,1,905,29.6640625,106.9296875,0.0,72.68359375,10.813837051391602
12,100,4,none,1,906,29.08203125,107.453125,0.0,72.84375,10.766473770141602
12,100,4,none,1,907,30.1953125,107.85546875,0.0,72.2109375,10.681414604187012
12,100,4,none,1,908,29.93359375,107.703125,0.0,72.64453125,10.826597213745117
12,100,4,none,1,909,30.29296875,108.48828125,0.0,72.42578125,10.877996444702148
12,100,4,none,1,910,30.3203125,108.4375,0.0,72.5625,10.756025314331055
12,100,4,none,1,911,29.94921875,107.671875,0.0,72.609375,10.770899772644043
12,100,4,none,1,912,29.83984375,109.88671875,0.0,72.16015625,10.94095230102539
12,100,4,none,1,913,30.04296875,107.91796875,0.0,72.6796875,10.729331016540527
12,100,4,none,1,914,29.48046875,108.73046875,0.0,72.8046875,11.04749584197998
12,100,4,none,1,915,30.0,108.72265625,0.0,72.77734375,11.065725326538086
12,100,4,none,1,916,29.1953125,108.91796875,0.0,72.76171875,11.207618713378906
12,100,4,none,1,917,29.53515625,109.55078125,0.0,72.640625,11.088380813598633
12,100,4,none,1,918,29.5546875,109.30078125,0.0,72.56640625,11.008855819702148
12,100,4,none,1,919,28.66796875,109.91796875,0.0,72.48046875,11.125327110290527
12,100,4,none,1,920,29.921875,108.32421875,0.0,72.66015625,10.959083557128906
12,100,4,none,1,921,29.625,109.55078125,0.0,72.69921875,11.015953063964844
12,100,4,none,1,922,28.94921875,110.46875,0.0,72.78125,11.071127891540527
12,100,4,none,1,923,29.4609375,108.4609375,0.0,72.69921875,10.886199951171875
12,100,4,none,1,924,29.0,108.91015625,0.0,72.703125,11.061556816101074
12,100,4,none,1,925,29.59375,110.29296875,0.0,72.47265625,10.94241714477539
12,100,4,none,1,926,29.08203125,110.1875,0.0,72.5234375,11.084409713745117
12,100,4,none,1,927,29.55859375,109.91015625,0.0,73.0625,11.218523979187012
12,100,4,none,1,928,29.94140625,108.94921875,0.0,72.5859375,10.939682006835938
12,100,4,none,1,929,29.3984375,111.9140625,0.0,72.72265625,11.178094863891602
12,100,4,none,1,930,29.41015625,110.734375,0.0,72.6640625,11.192221641540527
12,100,4,none,1,931,29.8984375,110.5859375,0.0,72.75,11.148374557495117
12,100,4,none,1,932,30.09375,110.5625,0.0,72.49609375,11.26028823852539
12,100,4,none,1,933,29.14453125,111.453125,0.0,73.04296875,11.298927307128906
12,100,4,none,1,934,29.5078125,112.1640625,0.0,72.69921875,11.430046081542969
12,100,4,none,1,935,29.38671875,111.87890625,0.0,72.546875,11.336721420288086
12,100,4,none,1,936,29.36328125,110.203125,0.0,72.8671875,11.130243301391602
12,100,4,none,1,937,28.94140625,110.3828125,0.0,73.0234375,11.301824569702148
12,100,4,none,1,938,28.73828125,110.91015625,0.0,72.71484375,11.205340385437012
12,100,4,none,1,939,29.1484375,109.84765625,0.0,72.62890625,11.083724975585938
12,100,4,none,1,940,28.47265625,110.296875,0.0,73.08984375,11.33167552947998
12,100,4,none,1,941,28.67578125,110.88671875,0.0,72.6328125,11.307228088378906
12,100,4,none,1,942,28.8046875,111.4765625,0.0,72.90625,11.410028457641602
12,100,4,none,1,943,28.06640625,110.7421875,0.0,73.2421875,11.488639831542969
12,100,4,none,1,944,28.18359375,110.125,0.0,73.328125,11.493979454040527
12,100,4,none,1,945,28.8671875,109.62109375,0.0,73.1328125,11.371681213378906
12,100,4,none,1,946,28.5390625,110.37890625,0.0,73.3671875,11.289779663085938
12,100,4,none,1,947,28.76171875,110.44921875,0.0,73.140625,11.277280807495117
12,100,4,none,1,948,28.05859375,111.87109375,0.0,73.3046875,11.610092163085938
12,100,4,none,1,949,27.734375,111.6875,0.0,73.21875,11.713706970214844
12,100,4,none,1,950,28.4765625,111.2890625,0.0,73.33203125,11.431510925292969
12,100,4,none,1,951,28.03125,110.01171875,0.0,73.59765625,11.534049987792969
12,100,4,none,1,952,27.9453125,112.015625,0.0,72.98828125,11.536752700805664
12,100,4,none,1,953,28.55078125,111.12890625,0.0,73.37109375,11.461915969848633
12,100,4,none,1,954,27.86328125,110.36328125,0.0,73.53125,11.504135131835938
12,100,4,none,1,955,27.796875,111.95703125,0.0,73.30078125,11.783400535583496
12,100,4,none,1,956,27.2109375,110.94921875,0.0,73.35546875,11.522364616394043
12,100,4,none,1,957,28.75390625,109.67578125,0.0,73.296875,11.29349136352539
12,100,4,none,1,958,28.359375,111.54296875,0.0,73.1796875,11.50635051727295
12,100,4,none,1,959,27.78125,110.97265625,0.0,73.64453125,11.66308879852295
12,100,4,none,1,960,28.03125,111.80859375,0.0,73.05078125,11.426368713378906
12,100,4,none,1,961,27.98828125,110.84765625,0.0,72.9609375,11.371877670288086
12,100,4,none,1,962,28.625,110.96484375,0.0,73.33203125,11.377019882202148
12,100,4,none,1,963,27.76171875,112.671875,0.0,73.31640625,11.670867919921875
12,100,4,none,1,964,27.8046875,110.66015625,0.0,73.4453125,11.56116771697998
12,100,4,none,1,965,28.12890625,111.51171875,0.0,72.95703125,11.380796432495117
12,100,4,none,1,966,27.36328125,112.32421875,0.0,73.41796875,11.662338256835938
12,100,4,none,1,967,28.09375,111.94140625,0.0,72.90234375,11.549189567565918
12,100,4,none,1,968,27.6328125,113.49609375,0.0,73.7421875,11.951141357421875
12,100,4,none,1,969,28.10546875,112.3203125,0.0,72.9921875,11.473569869995117
12,100,4,none,1,970,27.4296875,112.484375,0.0,73.3828125,11.766279220581055
12,100,4,none,1,971,28.23828125,112.9140625,0.0,72.98046875,11.599806785583496
12,100,4,none,1,972,27.97265625,112.05078125,0.0,73.359375,11.722006797790527
12,100,4,none,1,973,27.93359375,112.16796875,0.0,73.125,11.692611694335938
12,100,4,none,1,974,27.765625,112.99609375,0.0,73.19921875,11.815366744995117
12,100,4,none,1,975,27.96484375,113.43359375,0.0,73.08984375,11.74124526977539
12,100,4,none,1,976,28.3671875,113.3203125,0.0,73.31640625,11.783790588378906
12,100,4,none,1,977,27.89453125,113.2890625,0.0,73.23046875,11.65888786315918
12,100,4,none,1,978,27.6171875,114.58984375,0.0,73.21875,11.961915969848633
12,100,4,none,1,979,28.76171875,113.12890625,0.0,73.03125,11.693426132202148
12,100,4,none,1,980,27.6640625,113.6484375,0.0,73.4296875,11.810744285583496
12,100,4,none,1,981,27.9921875,113.21875,0.0,73.62109375,11.973373413085938
12,100,4,none,1,982,27.5234375,113.6484375,0.0,73.25390625,11.910483360290527
12,100,4,none,1,983,27.62109375,112.47265625,0.0,73.171875,11.74759292602539
12,100,4,none,1,984,27.19140625,112.8984375,0.0,73.8125,11.931577682495117
12,100,4,none,1,985,27.921875,113.12890625,0.0,73.2421875,11.71644115447998
12,100,4,none,1,986,27.62109375,112.82421875,0.0,73.5390625,11.828387260437012
12,100,4,none,1,987,27.59375,113.84375,0.0,73.70703125,11.874838829040527
12,100,4,none,1,988,26.95703125,114.35546875,0.0,73.84375,12.139422416687012
12,100,4,none,1,989,26.70703125,114.640625,0.0,73.75390625,12.099937438964844
12,100,4,none,1,990,27.6640625,114.0625,0.0,73.2109375,11.828420639038086
12,100,4,none,1,991,26.80859375,114.50390625,0.0,73.74609375,12.173731803894043
12,100,4,none,1,992,27.20703125,112.77734375,0.0,73.84375,11.933172225952148
12,100,4,none,1,993,26.9609375,114.3203125,0.0,73.44921875,11.999415397644043
12,100,4,none,1,994,26.9375,113.1171875,0.0,73.45703125,11.880274772644043
12,100,4,none,1,995,27.04296875,114.328125,0.0,73.41015625,11.955862045288086
12,100,4,none,1,996,26.84765625,115.63671875,0.0,73.36328125,12.143556594848633
12,100,4,none,1,997,26.765625,114.78125,0.0,73.6484375,12.269207000732422
12,100,4,none,1,998,27.1640625,115.17578125,0.0,73.60546875,12.067449569702148
12,100,4,none,1,999,27.4453125,114.953125,0.0,73.234375,12.10371208190918
12,100,4,none,1,1000,26.8359375,115.9609375,0.0,73.6640625,12.311752319335938
12,100,4,none,1,1001,27.6328125,115.078125,0.0,73.38671875,12.081024169921875
12,100,4,none,1,1002,27.66015625,114.8515625,0.0,73.25,12.02431869506836
12,100,4,none,1,1003,26.3359375,113.73828125,0.0,74.2578125,12.23890209197998
12,100,4,none,1,1004,26.41015625,115.484375,0.0,73.68359375,12.127248764038086
12,100,4,none,1,1005,27.421875,114.9765625,0.0,73.390625,12.084799766540527
12,100,4,none,1,1006,27.51171875,113.44140625,0.0,73.5625,11.862112045288086
12,100,4,none,1,1007,27.859375,114.42578125,0.0,73.3671875,11.777931213378906
12,100,4,none,1,1008,27.328125,114.38671875,0.0,73.0546875,11.885255813598633
12,100,4,none,1,1009,26.2578125,114.03125,0.0,73.8671875,12.159246444702148
12,100,4,none,1,1010,26.99609375,114.515625,0.0,73.75390625,12.051336288452148
12,100,4,none,1,1011,26.7421875,114.77734375,0.0,73.6875,12.200164794921875
12,100,4,none,1,1012,27.4140625,114.87890625,0.0,73.58203125,12.146486282348633
12,100,4,none,1,1013,26.6640625,116.1953125,0.0,73.36328125,12.274351119995117
12,100,4,none,1,1014,26.40234375,115.07421875,0.0,73.78125,12.215984344482422
12,100,4,none,1,1015,26.171875,115.0,0.0,74.19140625,12.394697189331055
12,100,4,none,1,1016,26.25390625,115.23828125,0.0,73.81640625,12.29075813293457
12,100,4,none,1,1017,26.4296875,115.62890625,0.0,73.9921875,12.304004669189453
12,100,4,none,1,1018,26.578125,114.56640625,0.0,74.08203125,12.074089050292969
12,100,4,none,1,1019,26.25390625,115.109375,0.0,74.015625,12.306577682495117
12,100,4,none,1,1020,25.12109375,115.04296875,0.0,74.234375,12.400164604187012
12,100,4,none,1,1021,25.609375,115.0625,0.0,74.14453125,12.308692932128906
12,100,4,none,1,1022,26.26953125,115.09375,0.0,73.7265625,12.114096641540527
12,100,4,none,1,1023,25.5859375,116.41015625,0.0,73.91796875,12.525751113891602
12,100,4,none,1,1024,26.046875,116.359375,0.0,73.94140625,12.469923973083496
12,100,4,none,1,1025,26.703125,116.77734375,0.0,73.625,12.353094100952148
12,100,4,none,1,1026,26.4609375,115.03515625,0.0,73.5625,12.292287826538086
12,100,4,none,1,1027,26.08203125,116.359375,0.0,74.44921875,12.638315200805664
12,100,4,none,1,1028,26.7265625,116.765625,0.0,73.72265625,12.235158920288086
12,100,4,none,1,1029,25.95703125,116.14453125,0.0,73.703125,12.41458511352539
12,100,4,none,1,1030,26.57421875,117.03125,0.0,73.4609375,12.337892532348633
12,100,4,none,1,1031,26.2109375,117.484375,0.0,73.80859375,12.62109661102295
12,100,4,none,1,1032,26.07421875,118.12109375,0.0,73.68359375,12.602832794189453
12,100,4,none,1,1033,26.48828125,116.75,0.0,74.015625,12.579916954040527
12,100,4,none,1,1034,26.49609375,116.50390625,0.0,73.8828125,12.445541381835938
12,100,4,none,1,1035,26.5390625,116.3984375,0.0,74.109375,12.406055450439453
12,100,4,none,1,1036,26.55078125,116.72265625,0.0,74.06640625,12.552149772644043
12,100,4,none,1,1037,26.40625,116.91796875,0.0,73.95703125,12.488543510437012
12,100,4,none,1,1038,26.52734375,117.23046875,0.0,73.859375,12.413185119628906
12,100,4,none,1,1039,26.4375,116.484375,0.0,74.1640625,12.458693504333496
12,100,4,none,1,1040,26.3046875,117.00390625,0.0,73.80078125,12.552051544189453
12,100,4,none,1,1041,26.34375,116.984375,0.0,74.24609375,12.656512260437012
12,100,4,none,1,1042,27.0078125,116.8046875,0.0,74.1328125,12.391082763671875
12,100,4,none,1,1043,25.34765625,116.9375,0.0,73.93359375,12.606935501098633
12,100,4,none,1,1044,25.93359375,116.375,0.0,74.234375,12.523048400878906
12,100,4,none,1,1045,25.90625,115.7578125,0.0,74.203125,12.46546459197998
12,100,4,none,1,1046,25.4453125,116.03515625,0.0,74.171875,12.603940963745117
12,100,4,none,1,1047,25.23828125,116.71484375,0.0,74.48046875,12.550684928894043
12,100,4,none,1,1048,25.52734375,117.13671875,0.0,74.4921875,12.73157787322998
12,100,4,none,1,1049,25.66015625,116.53125,0.0,74.17578125,12.506284713745117
12,100,4,none,1,1050,25.015625,117.1328125,0.0,74.21484375,12.770183563232422
12,100,4,none,1,1051,24.89453125,116.2734375,0.0,74.39453125,12.74134349822998
12,100,4,none,1,1052,25.5234375,116.30078125,0.0,74.09765625,12.541311264038086
12,100,4,none,1,1053,25.49609375,116.43359375,0.0,74.13671875,12.570541381835938
12,100,4,none,1,1054,25.37109375,116.4375,0.0,74.47265625,12.780210494995117
12,100,4,none,1,1055,24.87890625,117.26171875,0.0,74.49609375,12.72217082977295
12,100,4,none,1,1056,25.95703125,117.26953125,0.0,74.3359375,12.552996635437012
12,100,4,none,1,1057,25.390625,117.50390625,0.0,74.4375,12.691603660583496
12,100,4,none,1,1058,25.99609375,116.87890625,0.0,74.1484375,12.556251525878906
12,100,4,none,1,1059,25.29296875,116.9453125,0.0,74.4921875,12.800262451171875
12,100,4,none,1,1060,25.54296875,118.37890625,0.0,74.5546875,12.864096641540527
12,100,4,none,1,1061,24.87890625,117.12109375,0.0,74.3671875,12.694696426391602
12,100,4,none,1,1062,26.23046875,116.65625,0.0,74.359375,12.53877067565918
12,100,4,none,1,1063,24.56640625,117.578125,0.0,74.33984375,12.78919506072998
12,100,4,none,1,1064,25.4140625,117.2890625,0.0,74.58203125,12.758237838745117
12,100,4,none,1,1065,24.64453125,118.0234375,0.0,74.765625,13.013837814331055
12,100,4,none,1,1066,25.39453125,118.58203125,0.0,74.76171875,12.916732788085938
12,100,4,none,1,1067,24.9765625,118.10546875,0.0,74.52734375,12.835386276245117
12,100,4,none,1,1068,24.37890625,117.3828125,0.0,74.4921875,12.812338829040527
12,100,4,none,1,1069,24.6171875,119.16796875,0.0,74.59375,13.06839370727539
12,100,4,none,1,1070,24.94921875,115.91015625,0.0,74.98046875,12.768035888671875
12,100,4,none,1,1071,24.17578125,117.4375,0.0,74.6015625,12.848308563232422
12,100,4,none,1,1072,23.58203125,119.1328125,0.0,74.6328125,13.179494857788086
12,100,4,none,1,1073,24.07421875,117.5859375,0.0,74.7109375,12.906251907348633
12,100,4,none,1,1074,25.0078125,117.33984375,0.0,74.625,12.84427261352539
12,100,4,none,1,1075,24.3046875,118.9375,0.0,74.48828125,12.989584922790527
12,100,4,none,1,1076,24.59765625,117.734375,0.0,74.84375,12.826597213745117
12,100,4,none,1,1077,24.21875,118.734375,0.0,74.48046875,12.966604232788086
12,100,4,none,1,1078,24.453125,116.6640625,0.0,74.859375,12.874122619628906
12,100,4,none,1,1079,24.54296875,117.54296875,0.0,74.47265625,12.782554626464844
12,100,4,none,1,1080,24.671875,119.6875,0.0,74.421875,13.102411270141602
12,100,4,none,1,1081,24.69140625,120.078125,0.0,74.46875,13.050100326538086
12,100,4,none,1,1082,24.94921875,119.35546875,0.0,74.3984375,12.975489616394043
12,100,4,none,1,1083,25.82421875,119.44921875,0.0,74.5234375,12.905470848083496
12,100,4,none,1,1084,24.890625,119.4609375,0.0,74.140625,12.938772201538086
12,100,4,none,1,1085,25.390625,119.73828125,0.0,73.91796875,12.835615158081055
12,100,4,none,1,1086,24.65234375,118.578125,0.0,74.796875,13.114943504333496
12,100,4,none,1,1087,24.01171875,120.03125,0.0,74.7734375,13.274774551391602
12,100,4,none,1,1088,24.3359375,120.70703125,0.0,74.6015625,13.270477294921875
12,100,4,none,1,1089,24.50390625,118.37109375,0.0,74.984375,13.077247619628906
12,100,4,none,1,1090,24.44140625,118.8828125,0.0,74.765625,13.014715194702148
12,100,4,none,1,1091,23.4765625,120.50390625,0.0,75.20703125,13.436427116394043
12,100,4,none,1,1092,24.640625,119.5390625,0.0,74.6328125,13.081642150878906
12,100,4,none,1,1093,24.171875,118.91796875,0.0,74.875,13.15970230102539
12,100,4,none,1,1094,24.328125,119.796875,0.0,74.6015625,13.189715385437012
12,100,4,none,1,1095,23.70703125,119.8203125,0.0,74.68359375,13.271583557128906
12,100,4,none,1,1096,23.8125,119.5234375,0.0,75.01171875,13.295282363891602
12,100,4,none,1,1097,23.73828125,118.703125,0.0,75.203125,13.134051322937012
12,100,4,none,1,1098,23.4453125,118.30859375,0.0,75.09375,13.119728088378906
12,100,4,none,1,1099,23.1953125,117.87890625,0.0,75.37109375,13.341148376464844
12,100,4,none,1,1100,23.69140625,119.75390625,0.0,75.21875,13.385126113891602
12,100,4,none,1,1101,23.68359375,120.6640625,0.0,75.27734375,13.547529220581055
12,100,4,none,1,1102,23.02734375,120.13671875,0.0,75.29296875,13.627443313598633
12,100,4,none,1,1103,23.21484375,120.33984375,0.0,75.203125,13.529363632202148
12,100,4,none,1,1104,23.734375,120.859375,0.0,75.109375,13.589910507202148
12,100,4,none,1,1105,24.08984375,119.98046875,0.0,75.0,13.380599975585938
12,100,4,none,1,1106,23.80078125,120.17578125,0.0,75.08203125,13.31106948852539
12,100,4,none,1,1107,23.7265625,120.8671875,0.0,75.08984375,13.42470932006836
12,100,4,none,1,1108,23.9609375,120.48828125,0.0,74.8828125,13.319011688232422
12,100,4,none,1,1109,23.40234375,119.515625,0.0,75.12109375,13.29150676727295
12,100,4,none,1,1110,23.0859375,120.61328125,0.0,75.2734375,13.494402885437012
12,100,4,none,1,1111,24.0078125,120.49609375,0.0,75.0390625,13.251043319702148
12,100,4,none,1,1112,23.5859375,120.7734375,0.0,75.2265625,13.498113632202148
12,100,4,none,1,1113,23.23828125,121.05078125,0.0,74.7265625,13.320379257202148
12,100,4,none,1,1114,23.87109375,120.73046875,0.0,75.01953125,13.322657585144043
12,100,4,none,1,1115,24.125,120.6484375,0.0,75.20703125,13.269859313964844
12,100,4,none,1,1116,23.7578125,120.24609375,0.0,75.1328125,13.33730697631836
12,100,4,none,1,1117,23.40625,121.8515625,0.0,75.22265625,13.469337463378906
12,100,4,none,1,1118,23.5,121.546875,0.0,75.03125,13.51419448852539
12,100,4,none,1,1119,23.25,119.95703125,0.0,75.359375,13.519533157348633
12,100,4,none,1,1120,23.671875,121.4765625,0.0,74.9453125,13.470054626464844
12,100,4,none,1,1121,23.82421875,121.11328125,0.0,75.17578125,13.469923973083496
12,100,4,none,1,1122,23.265625,121.4140625,0.0,75.1875,13.553061485290527
12,100,4,none,1,1123,23.453125,121.56640625,0.0,75.3203125,13.532293319702148
12,100,4,none,1,1124,23.81640625,122.28125,0.0,75.01171875,13.482032775878906
12,100,4,none,1,1125,23.671875,120.828125,0.0,74.98828125,13.34671401977539
12,100,4,none,1,1126,23.4765625,121.0234375,0.0,75.2734375,13.565333366394043
12,100,4,none,1,1127,23.79296875,120.6015625,0.0,75.23828125,13.393362045288086
12,100,4,none,1,1128,23.9765625,121.19140625,0.0,75.10546875,13.446943283081055
12,100,4,none,1,1129,23.62109375,121.1796875,0.0,75.46484375,13.486590385437012
12,100,4,none,1,1130,23.2578125,121.140625,0.0,75.14453125,13.440398216247559
12,100,4,none,1,1131,23.375,121.0859375,0.0,75.3046875,13.415008544921875
12,100,4,none,1,1132,23.6484375,120.8359375,0.0,75.078125,13.312860488891602
12,100,4,none,1,1133,23.359375,120.94921875,0.0,75.13671875,13.430404663085938
12,100,4,none,1,1134,23.48828125,120.20703125,0.0,75.03125,13.35013198852539
12,100,4,none,1,1135,22.95703125,122.703125,0.0,75.125,13.585352897644043
12,100,4,none,1,1136,23.40625,122.48828125,0.0,75.109375,13.70120620727539
12,100,4,none,1,1137,23.30078125,121.8203125,0.0,75.20703125,13.580080032348633
12,100,4,none,1,1138,23.5234375,121.421875,0.0,75.4765625,13.712339401245117
12,100,4,none,1,1139,23.16015625,122.1328125,0.0,75.01171875,13.63720989227295
12,100,4,none,1,1140,23.00390625,121.90234375,0.0,75.40625,13.73310661315918
12,100,4,none,1,1141,22.30859375,122.7890625,0.0,75.7109375,14.100261688232422
12,100,4,none,1,1142,23.5234375,122.875,0.0,75.69921875,13.909995079040527
12,100,4,none,1,1143,23.4609375,122.96484375,0.0,75.5390625,13.825424194335938
12,100,4,none,1,1144,23.0234375,122.76171875,0.0,75.4296875,13.832683563232422
12,100,4,none,1,1145,23.1328125,124.0078125,0.0,75.2265625,13.915366172790527
12,100,4,none,1,1146,22.90625,122.00390625,0.0,75.38671875,13.605796813964844
12,100,4,none,1,1147,22.37890625,123.34375,0.0,75.51953125,13.908888816833496
12,100,4,none,1,1148,22.66796875,121.8203125,0.0,75.6328125,13.884116172790527
12,100,4,none,1,1149,22.66015625,122.5390625,0.0,75.4375,13.692481994628906
12,100,4,none,1,1150,22.5546875,122.8203125,0.0,75.54296875,13.802801132202148
12,100,4,none,1,1151,22.2578125,122.8828125,0.0,75.46875,13.68528938293457
12,100,4,none,1,1152,23.15625,122.328125,0.0,75.078125,13.775915145874023
12,100,4,none,1,1153,21.953125,122.65625,0.0,75.5625,13.946584701538086
12,100,4,none,1,1154,21.98828125,124.5,0.0,75.36328125,14.072592735290527
12,100,4,none,1,1155,22.1484375,123.1015625,0.0,75.9453125,14.05726146697998
12,100,4,none,1,1156,22.4765625,124.30859375,0.0,75.484375,14.042938232421875
12,100,4,none,1,1157,22.5234375,124.09375,0.0,75.59765625,14.070574760437012
12,100,4,none,1,1158,22.2109375,124.25390625,0.0,75.390625,13.94388198852539
12,100,4,none,1,1159,22.12109375,124.08203125,0.0,75.45703125,13.914129257202148
12,100,4,none,1,1160,22.12109375,123.58984375,0.0,75.7890625,14.080373764038086
12,100,4,none,1,1161,22.6875,123.3515625,0.0,75.3828125,13.795313835144043
12,100,4,none,1,1162,21.65234375,124.6171875,0.0,75.4140625,14.025327682495117
12,100,4,none,1,1163,22.09375,123.625,0.0,75.76953125,13.921778678894043
12,100,4,none,1,1164,22.63671875,126.0,0.0,75.64453125,14.209864616394043
12,100,4,none,1,1165,21.89453125,125.54296875,0.0,75.85546875,14.277313232421875
12,100,4,none,1,1166,22.32421875,125.3984375,0.0,75.37890625,14.02783489227295
12,100,4,none,1,1167,21.90625,124.984375,0.0,75.8203125,14.234670639038086
12,100,4,none,1,1168,22.0703125,124.38671875,0.0,75.54296875,14.155437469482422
12,100,4,none,1,1169,22.61328125,123.91796875,0.0,75.8125,13.891342163085938
12,100,4,none,1,1170,22.71875,123.203125,0.0,75.90234375,14.051239013671875
12,100,4,none,1,1171,21.62890625,125.0078125,0.0,75.79296875,14.162795066833496
12,100,4,none,1,1172,21.734375,123.79296875,0.0,75.796875,14.138641357421875
12,100,4,none,1,1173,21.875,124.53125,0.0,75.7578125,14.167905807495117
12,100,4,none,1,1174,22.01171875,123.8203125,0.0,75.75,14.099089622497559
12,100,4,none,1,1175,21.54296875,123.74609375,0.0,75.8125,14.08349895477295
12,100,4,none,1,1176,21.74609375,124.171875,0.0,75.47265625,13.960451126098633
12,100,4,none,1,1177,22.7421875,123.74609375,0.0,75.640625,13.96438980102539
12,100,4,none,1,1178,21.90234375,122.9296875,0.0,76.05859375,14.034181594848633
12,100,4,none,1,1179,21.97265625,123.83203125,0.0,75.7421875,14.055339813232422
12,100,4,none,1,1180,21.921875,123.90234375,0.0,75.9140625,14.070379257202148
12,100,4,none,1,1181,21.66796875,125.5703125,0.0,76.01171875,14.357977867126465
12,100,4,none,1,1182,22.23046875,125.83984375,0.0,75.53125,14.172821044921875
12,100,4,none,1,1183,23.09375,124.74609375,0.0,75.2734375,13.96243667602539
12,100,4,none,1,1184,21.7265625,125.46875,0.0,75.62890625,14.193719863891602
12,100,4,none,1,1185,22.0234375,125.86328125,0.0,75.78125,14.294599533081055
12,100,4,none,1,1186,22.15625,125.40625,0.0,75.17578125,13.983302116394043
12,100,4,none,1,1187,22.95703125,126.00390625,0.0,75.65625,14.082748413085938
12,100,4,none,1,1188,22.69140625,126.796875,0.0,75.296875,14.110906600952148
12,100,4,none,1,1189,22.5625,125.890625,0.0,75.5390625,14.09033489227295
12,100,4,none,1,1190,21.83203125,127.296875,0.0,75.515625,14.293264389038086
12,100,4,none,1,1191,22.1953125,127.2734375,0.0,75.7109375,14.369826316833496
12,100,4,none,1,1192,22.1015625,125.98046875,0.0,75.80859375,14.295476913452148
12,100,4,none,1,1193,22.07421875,128.640625,0.0,75.8203125,14.634929656982422
12,100,4,none,1,1194,22.73046875,126.34375,0.0,75.703125,14.275686264038086
12,100,4,none,1,1195,22.79296875,127.33984375,0.0,75.61328125,14.289389610290527
12,100,4,none,1,1196,22.47265625,128.046875,0.0,75.546875,14.366147994995117
12,100,4,none,1,1197,22.6484375,128.04296875,0.0,75.58984375,14.380438804626465
12,100,4,none,1,1198,21.296875,128.5703125,0.0,75.66796875,14.542872428894043
12,100,4,none,1,1199,22.08203125,126.68359375,0.0,75.83984375,14.42158317565918
12,100,4,none,1,1200,22.64453125,126.79296875,0.0,75.91796875,14.321127891540527
12,100,4,none,1,1201,21.78515625,128.546875,0.0,76.125,14.592092514038086
12,100,4,none,1,1202,21.59375,127.62890625,0.0,75.8828125,14.612045288085938
12,100,4,none,1,1203,21.63671875,126.8046875,0.0,75.97265625,14.496648788452148
12,100,4,none,1,1204,21.84375,128.44140625,0.0,76.13671875,14.513087272644043
12,100,4,none,1,1205,22.46875,127.03125,0.0,75.82421875,14.391342163085938
12,100,4,none,1,1206,22.1953125,126.8515625,0.0,75.7890625,14.367709159851074
12,100,4,none,1,1207,22.1015625,127.57421875,0.0,75.80859375,14.416017532348633
12,100,4,none,1,1208,21.52734375,128.89453125,0.0,75.90234375,14.61426067352295
12,100,4,none,1,1209,21.1484375,128.1171875,0.0,75.9140625,14.543947219848633
12,100,4,none,1,1210,21.15234375,126.5,0.0,76.4921875,14.514032363891602
12,100,4,none,1,1211,20.94921875,128.0625,0.0,75.9765625,14.61640739440918
12,100,4,none,1,1212,21.06640625,126.03515625,0.0,76.40234375,14.516539573669434
12,100,4,none,1,1213,20.80078125,127.26953125,0.0,76.51953125,14.657618522644043
12,100,4,none,1,1214,20.890625,128.08984375,0.0,75.9609375,14.639910697937012
12,100,4,none,1,1215,20.12109375,128.7734375,0.0,76.203125,14.812599182128906
12,100,4,none,1,1216,20.2578125,128.03515625,0.0,76.37890625,14.81142807006836
12,100,4,none,1,1217,20.375,128.6484375,0.0,76.43359375,14.884994506835938
12,100,4,none,1,1218,20.34765625,127.546875,0.0,76.23828125,14.63037395477295
12,100,4,none,1,1219,20.9296875,127.15234375,0.0,76.125,14.47366714477539
12,100,4,none,1,1220,21.46875,127.1640625,0.0,76.07421875,14.633466720581055
12,100,4,none,1,1221,20.90234375,126.94140625,0.0,76.42578125,14.608694076538086
12,100,4,none,1,1222,20.55078125,128.40625,0.0,76.140625,14.57392692565918
12,100,4,none,1,1223,20.76953125,126.546875,0.0,76.0859375,14.470248222351074
12,100,4,none,1,1224,20.43359375,127.59765625,0.0,76.49609375,14.792905807495117
12,100,4,none,1,1225,20.7265625,128.76171875,0.0,76.16796875,14.671584129333496
12,100,4,none,1,1226,20.68359375,127.80078125,0.0,76.390625,14.647299766540527
12,100,4,none,1,1227,20.2890625,128.25,0.0,76.26953125,14.702932357788086
12,100,4,none,1,1228,20.859375,126.6796875,0.0,76.34375,14.657390594482422
12,100,4,none,1,1229,20.64453125,128.7890625,0.0,76.04296875,14.741602897644043
12,100,4,none,1,1230,20.29296875,129.12109375,0.0,76.21875,14.807032585144043
12,100,4,none,1,1231,20.16796875,128.46875,0.0,76.0546875,14.728517532348633
12,100,4,none,1,1232,20.6953125,129.3203125,0.0,76.0390625,14.791440963745117
12,100,4,none,1,1233,20.14453125,129.41015625,0.0,76.38671875,14.840757369995117
12,100,4,none,1,1234,21.01953125,129.20703125,0.0,76.3828125,14.86689567565918
12,100,4,none,1,1235,20.44140625,130.3046875,0.0,76.2109375,14.878875732421875
12,100,4,none,1,1236,20.25390625,127.96875,0.0,76.45703125,14.759571075439453
12,100,4,none,1,1237,20.37890625,130.1328125,0.0,76.25,15.036036491394043
12,100,4,none,1,1238,20.0546875,131.12890625,0.0,76.203125,14.994924545288086
12,100,4,none,1,1239,21.02734375,128.671875,0.0,76.22265625,14.794207572937012
12,100,4,none,1,1240,21.17578125,130.18359375,0.0,76.21875,14.790984153747559
12,100,4,none,1,1241,20.359375,129.15625,0.0,76.578125,14.89505386352539
12,100,4,none,1,1242,20.15625,130.14453125,0.0,76.609375,15.081642150878906
12,100,4,none,1,1243,20.34375,128.765625,0.0,76.47265625,14.940333366394043
12,100,4,none,1,1244,20.68359375,130.0234375,0.0,76.69921875,14.979169845581055
12,100,4,none,1,1245,20.78125,130.890625,0.0,76.1875,14.993036270141602
12,100,4,none,1,1246,21.08203125,130.609375,0.0,76.15625,14.962142944335938
12,100,4,none,1,1247,21.5,130.984375,0.0,76.3046875,14.810842514038086
12,100,4,none,1,1248,20.65234375,131.09375,0.0,76.59765625,15.027898788452148
12,100,4,none,1,1249,20.265625,130.19140625,0.0,76.51953125,15.006576538085938
12,100,4,none,1,1250,21.27734375,130.484375,0.0,76.15234375,14.935809135437012
12,100,4,none,1,1251,20.67578125,131.4921875,0.0,76.1875,15.030860900878906
12,100,4,none,1,1252,20.63671875,131.3125,0.0,76.31640625,15.057912826538086
12,100,4,none,1,1253,20.1875,130.23828125,0.0,76.5859375,15.086101531982422
12,100,4,none,1,1254,20.33203125,129.8359375,0.0,76.8125,15.086915969848633
12,100,4,none,1,1255,20.81640625,132.23828125,0.0,76.15625,14.975814819335938
12,100,4,none,1,1256,20.95703125,130.65234375,0.0,76.1328125,14.878875732421875
12,100,4,none,1,1257,19.7109375,131.515625,0.0,76.6015625,15.293262481689453
12,100,4,none,1,1258,20.33203125,130.1484375,0.0,76.40625,14.951467514038086
12,100,4,none,1,1259,20.16796875,130.36328125,0.0,76.58203125,15.10986614227295
12,100,4,none,1,1260,20.51171875,130.3984375,0.0,76.88671875,15.094923973083496
12,100,4,none,1,1261,19.76171875,130.4375,0.0,76.4609375,15.00355052947998
12,100,4,none,1,1262,20.61328125,132.51171875,0.0,76.55078125,15.334311485290527
12,100,4,none,1,1263,20.41796875,132.5546875,0.0,76.46875,15.20960521697998
12,100,4,none,1,1264,20.0703125,129.51953125,0.0,76.3203125,14.944664001464844
12,100,4,none,1,1265,20.37109375,129.22265625,0.0,76.8828125,14.95814037322998
12,100,4,none,1,1266,20.38671875,130.8203125,0.0,76.89453125,15.115171432495117
12,100,4,none,1,1267,19.390625,130.578125,0.0,76.72265625,15.055536270141602
12,100,4,none,1,1268,19.53515625,132.171875,0.0,76.703125,15.208758354187012
12,100,4,none,1,1269,19.8203125,131.2890625,0.0,76.484375,15.201726913452148
12,100,4,none,1,1270,20.3203125,131.2265625,0.0,76.48828125,15.16553020477295
12,100,4,none,1,1271,19.48828125,132.75,0.0,76.80078125,15.474416732788086
12,100,4,none,1,1272,20.078125,133.125,0.0,76.375,15.306414604187012
12,100,4,none,1,1273,19.56640625,134.53515625,0.0,76.8125,15.590202331542969
12,100,4,none,1,1274,19.7265625,133.71484375,0.0,77.01953125,15.65843391418457
12,100,4,none,1,1275,19.18359375,134.2421875,0.0,76.62890625,15.499122619628906
12,100,4,none,1,1276,19.16796875,132.91796875,0.0,76.77734375,15.494467735290527
12,100,4,none,1,1277,19.54296875,133.53515625,0.0,76.703125,15.577085494995117
12,100,4,none,1,1278,18.87890625,132.88671875,0.0,76.81640625,15.550392150878906
12,100,4,none,1,1279,19.390625,133.68359375,0.0,76.6484375,15.458368301391602
12,100,4,none,1,1280,19.5234375,133.74609375,0.0,76.7890625,15.52851676940918
12,100,4,none,1,1281,20.2265625,133.6015625,0.0,76.48046875,15.304365158081055
12,100,4,none,1,1282,19.68359375,132.8203125,0.0,76.6484375,15.37939739227295
12,100,4,none,1,1283,19.46484375,133.1328125,0.0,76.62109375,15.220151901245117
12,100,4,none,1,1284,20.0234375,132.4375,0.0,76.59375,15.256284713745117
12,100,4,none,1,1285,19.8671875,133.47265625,0.0,76.57421875,15.346843719482422
12,100,4,none,1,1286,19.5546875,133.0234375,0.0,76.57421875,15.387567520141602
12,100,4,none,1,1287,18.88671875,133.35546875,0.0,77.02734375,15.65491771697998
12,100,4,none,1,1288,19.5,131.46484375,0.0,76.84375,15.29642105102539
12,100,4,none,1,1289,18.8359375,132.171875,0.0,76.8203125,15.354917526245117
12,100,4,none,1,1290,19.3359375,132.93359375,0.0,77.0703125,15.600359916687012
12,100,4,none,1,1291,19.0,130.42578125,0.0,77.23046875,15.325262069702148
12,100,4,none,1,1292,19.1328125,131.8203125,0.0,77.22265625,15.498405456542969
12,100,4,none,1,1293,18.671875,133.3125,0.0,77.0859375,15.562078475952148
12,100,4,none,1,1294,19.10546875,132.4140625,0.0,76.9140625,15.367416381835938
12,100,4,none,1,1295,18.765625,134.484375,0.0,77.16015625,15.75625228881836
12,100,4,none,1,1296,19.15234375,132.24609375,0.0,76.8203125,15.318133354187012
12,100,4,none,1,1297,19.625,133.32421875,0.0,76.79296875,15.423568725585938
12,100,4,none,1,1298,19.08203125,132.23828125,0.0,76.90625,15.461329460144043
12,100,4,none,1,1299,19.25,131.53515625,0.0,76.98828125,15.316017150878906
12,100,4,none,1,1300,18.94140625,134.23046875,0.0,76.76953125,15.54505443572998
12,100,4,none,1,1301,19.01953125,134.125,0.0,76.62109375,15.497820854187012
12,100,4,none,1,1302,19.359375,133.078125,0.0,77.04296875,15.44404411315918
12,100,4,none,1,1303,18.84375,132.73046875,0.0,77.1640625,15.553289413452148
12,100,4,none,1,1304,19.48828125,134.80859375,0.0,76.59765625,15.50511360168457
12,100,4,none,1,1305,19.41015625,132.42578125,0.0,77.13671875,15.462207794189453
12,100,4,none,1,1306,19.1328125,134.2890625,0.0,77.1328125,15.62112808227539
12,100,4,none,1,1307,19.06640625,134.22265625,0.0,76.8671875,15.555926322937012
12,100,4,none,1,1308,18.890625,134.17578125,0.0,77.3515625,15.702215194702148
12,100,4,none,1,1309,19.8828125,134.5546875,0.0,76.66015625,15.322072982788086
12,100,4,none,1,1310,19.421875,135.6015625,0.0,77.05859375,15.627313613891602
12,100,4,none,1,1311,19.5,134.2421875,0.0,77.0625,15.523600578308105
12,100,4,none,1,1312,19.46484375,134.2734375,0.0,76.9375,15.633172988891602
12,100,4,none,1,1313,18.88671875,134.9296875,0.0,77.28515625,15.796194076538086
12,100,4,none,1,1314,19.0,134.80859375,0.0,76.90234375,15.55127239227295
12,100,4,none,1,1315,19.49609375,134.63671875,0.0,77.09765625,15.632781982421875
12,100,4,none,1,1316,19.0625,135.234375,0.0,77.06640625,15.843523979187012
12,100,4,none,1,1317,19.22265625,135.640625,0.0,77.3984375,15.941408157348633
12,100,4,none,1,1318,19.30078125,136.0859375,0.0,76.93359375,15.772234916687012
12,100,4,none,1,1319,19.16015625,136.359375,0.0,76.90625,15.810222625732422
12,100,4,none,1,1320,18.703125,135.7265625,0.0,76.94921875,15.802183151245117
12,100,4,none,1,1321,19.42578125,137.921875,0.0,76.9609375,15.972332000732422
12,100,4,none,1,1322,18.57421875,135.171875,0.0,77.30859375,15.972137451171875
12,100,4,none,1,1323,18.5234375,136.6328125,0.0,77.04296875,15.912306785583496
12,100,4,none,1,1324,19.2734375,134.953125,0.0,77.2578125,15.721160888671875
12,100,4,none,1,1325,18.62109375,135.70703125,0.0,77.12109375,15.88685131072998
12,100,4,none,1,1326,18.55859375,136.29296875,0.0,77.3046875,15.970508575439453
12,100,4,none,1,1327,18.08203125,135.63671875,0.0,77.625,16.08222770690918
12,100,4,none,1,1328,18.4921875,136.65625,0.0,77.0859375,16.036884307861328
12,100,4,none,1,1329,18.30078125,136.67578125,0.0,77.4296875,16.054916381835938
12,100,4,none,1,1330,18.62890625,135.578125,0.0,77.3359375,15.901304244995117
12,100,4,none,1,1331,18.5078125,137.13671875,0.0,77.57421875,16.166507720947266
12,100,4,none,1,1332,17.87890625,136.38671875,0.0,77.32421875,16.198406219482422
12,100,4,none,1,1333,17.8359375,135.02734375,0.0,77.234375,15.96888256072998
12,100,4,none,1,1334,18.53125,136.46484375,0.0,77.3359375,16.09430503845215
12,100,4,none,1,1335,18.390625,134.890625,0.0,77.71875,16.006317138671875
12,100,4,none,1,1336,18.16796875,137.81640625,0.0,77.359375,16.206838607788086
12,100,4,none,1,1337,18.15625,136.08203125,0.0,77.6171875,16.177509307861328
12,100,4,none,1,1338,17.9921875,136.16796875,0.0,77.2265625,16.01552963256836
12,100,4,none,1,1339,17.953125,135.96875,0.0,77.6640625,16.014358520507812
12,100,4,none,1,1340,18.52734375,135.5390625,0.0,77.52734375,15.97425365447998
12,100,4,none,1,1341,18.0,138.98828125,0.0,77.546875,16.333824157714844
12,100,4,none,1,1342,17.55078125,136.46484375,0.0,77.671875,16.219337463378906
12,100,4,none,1,1343,17.77734375,137.9375,0.0,77.48828125,16.301597595214844
12,100,4,none,1,1344,17.6875,137.23828125,0.0,77.6953125,16.253908157348633
12,100,4,none,1,1345,17.44140625,138.390625,0.0,77.85546875,16.400068283081055
12,100,4,none,1,1346,18.2421875,137.34375,0.0,77.68359375,16.231056213378906
12,100,4,none,1,1347,17.91796875,136.79296875,0.0,77.51171875,16.137372970581055
12,100,4,none,1,1348,17.9296875,136.97265625,0.0,77.3359375,16.17548942565918
12,100,4,none,1,1349,18.453125,137.80078125,0.0,77.19140625,16.00979995727539
12,100,4,none,1,1350,18.0859375,136.0546875,0.0,77.91015625,16.1922550201416
12,100,4,none,1,1351,18.55078125,138.453125,0.0,77.4453125,16.201370239257812
12,100,4,none,1,1352,18.65234375,137.67578125,0.0,77.40625,16.100555419921875
12,100,4,none,1,1353,18.48828125,137.375,0.0,76.9765625,15.962697982788086
12,100,4,none,1,1354,18.59765625,137.41796875,0.0,77.453125,16.187828063964844
12,100,4,none,1,1355,18.8359375,138.47265625,0.0,77.5390625,16.13838005065918
12,100,4,none,1,1356,18.34375,136.21484375,0.0,77.62890625,16.081253051757812
12,100,4,none,1,1357,18.171875,138.87109375,0.0,77.3828125,16.367645263671875
12,100,4,none,1,1358,18.484375,138.21484375,0.0,77.640625,16.238576889038086
12,100,4,none,1,1359,18.05859375,138.67578125,0.0,77.26953125,16.15566635131836
12,100,4,none,1,1360,17.88671875,138.55859375,0.0,77.65625,16.396617889404297
12,100,4,none,1,1361,17.40625,137.58984375,0.0,77.69921875,16.411916732788086
12,100,4,none,1,1362,17.5390625,138.0078125,0.0,78.14453125,16.44697380065918
12,100,4,none,1,1363,18.02734375,138.6171875,0.0,77.5859375,16.24843978881836
12,100,4,none,1,1364,17.38671875,138.45703125,0.0,77.87890625,16.417221069335938
12,100,4,none,1,1365,17.6484375,140.13671875,0.0,77.625,16.49160385131836
12,100,4,none,1,1366,17.43359375,139.40625,0.0,77.70703125,16.51178741455078
12,100,4,none,1,1367,17.625,136.54296875,0.0,77.75390625,16.203908920288086
12,100,4,none,1,1368,17.62890625,140.296875,0.0,77.6796875,16.353452682495117
12,100,4,none,1,1369,17.53125,138.96875,0.0,77.796875,16.470184326171875
12,100,4,none,1,1370,17.25,138.84375,0.0,77.59765625,16.408693313598633
12,100,4,none,1,1371,17.5078125,138.01171875,0.0,77.8046875,16.364259719848633
12,100,4,none,1,1372,17.62890625,139.61328125,0.0,77.63671875,16.460874557495117
12,100,4,none,1,1373,17.8515625,139.76171875,0.0,77.73828125,16.538511276245117
12,100,4,none,1,1374,17.828125,139.2890625,0.0,77.7578125,16.480405807495117
12,100,4,none,1,1375,17.44921875,139.99609375,0.0,77.51171875,16.449644088745117
12,100,4,none,1,1376,17.03125,141.3203125,0.0,77.73046875,16.66543197631836
12,100,4,none,1,1377,17.50390625,139.9765625,0.0,77.8359375,16.497983932495117
12,100,4,none,1,1378,17.26953125,140.1640625,0.0,77.36328125,16.515302658081055
12,100,4,none,1,1379,16.80078125,140.203125,0.0,78.05859375,16.795053482055664
12,100,4,none,1,1380,17.48046875,141.48828125,0.0,77.59765625,16.722625732421875
12,100,4,none,1,1381,17.1484375,141.19921875,0.0,77.61328125,16.677183151245117
12,100,4,none,1,1382,17.14453125,140.609375,0.0,77.734375,16.687990188598633
12,100,4,none,1,1383,17.93359375,141.53125,0.0,77.6796875,16.742027282714844
12,100,4,none,1,1384,16.98046875,139.9296875,0.0,78.1015625,16.739356994628906
12,100,4,none,1,1385,17.0859375,141.97265625,0.0,78.00390625,17.013381958007812
12,100,4,none,1,1386,17.8203125,142.3125,0.0,77.59375,16.68737030029297
12,100,4,none,1,1387,17.69921875,139.77734375,0.0,77.6953125,16.60143280029297
12,100,4,none,1,1388,17.18359375,140.4296875,0.0,78.14453125,16.82282066345215
12,100,4,none,1,1389,17.08984375,141.109375,0.0,77.78125,16.86334800720215
12,100,4,none,1,1390,17.3359375,142.12890625,0.0,78.00390625,16.83662223815918
12,100,4,none,1,1391,16.5546875,142.09765625,0.0,77.921875,16.84345817565918
12,100,4,none,1,1392,17.0703125,140.796875,0.0,78.125,16.76813507080078
12,100,4,none,1,1393,17.13671875,139.51171875,0.0,77.95703125,16.682716369628906
12,100,4,none,1,1394,16.9296875,141.58984375,0.0,77.77734375,16.800003051757812
12,100,4,none,1,1395,17.1796875,142.67578125,0.0,78.140625,16.997722625732422
12,100,4,none,1,1396,16.79296875,141.86328125,0.0,77.76953125,17.00214958190918
12,100,4,none,1,1397,17.11328125,142.56640625,0.0,77.79296875,16.794696807861328
12,100,4,none,1,1398,16.96484375,141.0859375,0.0,78.3125,16.90078353881836
12,100,4,none,1,1399,16.47265625,141.07421875,0.0,78.34375,16.90924644470215
12,100,4,none,1,1400,17.03515625,141.9296875,0.0,77.9609375,16.901010513305664
12,100,4,none,1,1401,16.62890625,141.3671875,0.0,77.7734375,16.695770263671875
12,100,4,none,1,1402,17.33203125,143.6796875,0.0,78.1328125,16.941604614257812
12,100,4,none,1,1403,17.1484375,141.66796875,0.0,78.203125,16.832748413085938
12,100,4,none,1,1404,16.12890625,140.59765625,0.0,78.20703125,16.887208938598633
12,100,4,none,1,1405,16.6953125,142.50390625,0.0,78.0546875,16.951629638671875
12,100,4,none,1,1406,16.98828125,141.44140625,0.0,77.84375,16.834636688232422
12,100,4,none,1,1407,17.19140625,142.78125,0.0,77.78125,16.843395233154297
12,100,4,none,1,1408,16.3984375,142.75390625,0.0,78.1171875,16.98961639404297
12,100,4,none,1,1409,16.7578125,140.21875,0.0,78.0234375,16.596128463745117
12,100,4,none,1,1410,17.16015625,142.140625,0.0,78.1171875,16.87601089477539
12,100,4,none,1,1411,17.27734375,140.57421875,0.0,78.01953125,16.658206939697266
12,100,4,none,1,1412,16.828125,140.4296875,0.0,78.171875,16.70856285095215
12,100,4,none,1,1413,16.5,140.640625,0.0,78.3046875,16.73867416381836
12,100,4,none,1,1414,17.140625,142.75,0.0,78.265625,16.928909301757812
12,100,4,none,1,1415,16.69140625,141.5859375,0.0,78.0390625,16.785322189331055
12,100,4,none,1,1416,16.44921875,143.60546875,0.0,78.01171875,16.935712814331055
12,100,4,none,1,1417,16.93359375,142.99609375,0.0,77.8515625,16.889585494995117
12,100,4,none,1,1418,17.0390625,142.390625,0.0,78.0,16.81989097595215
12,100,4,none,1,1419,16.87109375,144.61328125,0.0,77.828125,17.006481170654297
12,100,4,none,1,1420,16.9921875,141.73046875,0.0,78.09765625,16.811851501464844
12,100,4,none,1,1421,17.40234375,142.89453125,0.0,78.30859375,17.02249526977539
12,100,4,none,1,1422,16.4375,143.91796875,0.0,78.1796875,17.170185089111328
12,100,4,none,1,1423,17.65234375,144.30859375,0.0,78.05078125,17.184736251831055
12,100,4,none,1,1424,17.203125,143.0546875,0.0,77.671875,16.8709659576416
12,100,4,none,1,1425,16.92578125,144.31640625,0.0,77.9921875,17.101987838745117
12,100,4,none,1,1426,16.91015625,144.6328125,0.0,78.20703125,17.17568588256836
12,100,4,none,1,1427,17.37109375,145.81640625,0.0,77.97265625,17.23245620727539
12,100,4,none,1,1428,17.53515625,143.921875,0.0,77.62109375,17.026533126831055
12,100,4,none,1,1429,17.55859375,145.2109375,0.0,77.8359375,17.043720245361328
12,100,4,none,1,1430,17.4296875,142.515625,0.0,78.3125,16.976890563964844
12,100,4,none,1,1431,16.625,143.3515625,0.0,78.22265625,17.1209659576416
12,100,4,none,1,1432,16.421875,144.90625,0.0,78.140625,17.143753051757812
12,100,4,none,1,1433,16.8359375,144.48046875,0.0,78.37890625,17.15810775756836
12,100,4,none,1,1434,16.375,142.26171875,0.0,78.36328125,16.992124557495117
12,100,4,none,1,1435,16.625,146.421875,0.0,77.9375,17.200849533081055
12,100,4,none,1,1436,16.51171875,143.9609375,0.0,77.859375,17.0008487701416
12,100,4,none,1,1437,16.93359375,145.3671875,0.0,78.328125,17.02822494506836
12,100,4,none,1,1438,16.6875,144.5703125,0.0,78.02734375,16.955829620361328
12,100,4,none,1,1439,16.6171875,144.76171875,0.0,78.015625,17.15530776977539
12,100,4,none,1,1440,16.83203125,147.33203125,0.0,78.0,17.252410888671875
12,100,4,none,1,1441,16.37109375,145.46875,0.0,77.78515625,17.19961166381836
12,100,4,none,1,1442,16.359375,144.85546875,0.0,78.34375,17.230438232421875
12,100,4,none,1,1443,16.5390625,146.88671875,0.0,78.25,17.438217163085938
12,100,4,none,1,1444,16.09765625,146.3125,0.0,78.3828125,17.372854232788086
12,100,4,none,1,1445,16.30078125,145.8515625,0.0,78.56640625,17.517515182495117
12,100,4,none,1,1446,16.50390625,146.9453125,0.0,78.03515625,17.37262535095215
12,100,4,none,1,1447,17.0,146.10546875,0.0,78.08984375,17.260417938232422
12,100,4,none,1,1448,16.28515625,146.015625,0.0,78.00390625,17.30263900756836
12,100,4,none,1,1449,16.703125,145.171875,0.0,78.02734375,17.227346420288086
12,100,4,none,1,1450,16.2734375,147.08984375,0.0,78.05859375,17.554332733154297
12,100,4,none,1,1451,15.7890625,145.5390625,0.0,78.03515625,17.372203826904297
12,100,4,none,1,1452,16.1328125,145.87890625,0.0,78.078125,17.437374114990234
12,100,4,none,1,1453,15.9453125,145.984375,0.0,77.92578125,17.407455444335938
12,100,4,none,1,1454,15.7421875,146.203125,0.0,78.0546875,17.477216720581055
12,100,4,none,1,1455,15.66015625,145.0703125,0.0,78.08203125,17.43118667602539
12,100,4,none,1,1456,15.0859375,146.203125,0.0,78.71875,17.65973472595215
12,100,4,none,1,1457,15.23828125,146.04296875,0.0,78.34765625,17.467742919921875
12,100,4,none,1,1458,16.29296875,145.70703125,0.0,78.2578125,17.312599182128906
12,100,4,none,1,1459,16.06640625,145.14453125,0.0,78.73046875,17.381546020507812
12,100,4,none,1,1460,15.42578125,145.734375,0.0,78.48828125,17.425718307495117
12,100,4,none,1,1461,15.54296875,144.2734375,0.0,78.45703125,17.25687026977539
12,100,4,none,1,1462,16.42578125,146.6015625,0.0,78.26171875,17.38515853881836
12,100,4,none,1,1463,15.94140625,145.68359375,0.0,78.5703125,17.426597595214844
12,100,4,none,1,1464,15.8671875,144.83203125,0.0,78.36328125,17.279884338378906
12,100,4,none,1,1465,15.82421875,145.98046875,0.0,78.5546875,17.425621032714844
12,100,4,none,1,1466,16.01171875,147.03515625,0.0,78.42578125,17.57086753845215
12,100,4,none,1,1467,16.5625,145.46875,0.0,78.046875,17.273048400878906
12,100,4,none,1,1468,16.30859375,147.59765625,0.0,78.2109375,17.410972595214844
12,100,4,none,1,1469,15.68359375,145.015625,0.0,78.2109375,17.269241333007812
12,100,4,none,1,1470,15.390625,146.94921875,0.0,78.61328125,17.634441375732422
12,100,4,none,1,1471,16.0703125,147.7421875,0.0,78.1484375,17.501890182495117
12,100,4,none,1,1472,16.10546875,147.08984375,0.0,78.3984375,17.4246768951416
12,100,4,none,1,1473,15.86328125,148.859375,0.0,78.21484375,17.67825698852539
12,100,4,none,1,1474,16.546875,148.8203125,0.0,78.12109375,17.566699981689453
12,100,4,none,1,1475,16.140625,147.69140625,0.0,78.2578125,17.530048370361328
12,100,4,none,1,1476,16.23046875,148.0625,0.0,78.41796875,17.649221420288086
12,100,4,none,1,1477,15.9453125,149.84765625,0.0,78.34765625,17.655277252197266
12,100,4,none,1,1478,15.54296875,147.296875,0.0,78.44921875,17.636852264404297
12,100,4,none,1,1479,15.13671875,144.23828125,0.0,78.43359375,17.376564025878906
12,100,4,none,1,1480,16.03125,149.4375,0.0,78.2890625,17.64492416381836
12,100,4,none,1,1481,15.81640625,147.375,0.0,78.0625,17.42210578918457
12,100,4,none,1,1482,15.51953125,147.0,0.0,78.75390625,17.614065170288086
12,100,4,none,1,1483,16.24609375,148.44921875,0.0,78.1875,17.595380783081055
12,100,4,none,1,1484,15.359375,147.6484375,0.0,78.546875,17.60651397705078
12,100,4,none,1,1485,15.328125,148.0703125,0.0,78.8125,17.759506225585938
12,100,4,none,1,1486,15.5078125,147.71484375,0.0,78.484375,17.52835464477539
12,100,4,none,1,1487,14.63671875,150.9375,0.0,78.3046875,17.92435073852539
12,100,4,none,1,1488,15.65625,147.3984375,0.0,78.7734375,17.633434295654297
12,100,4,none,1,1489,15.375,147.32421875,0.0,78.65234375,17.605243682861328
12,100,4,none,1,1490,15.01953125,146.36328125,0.0,78.703125,17.60973358154297
12,100,4,none,1,1491,15.9375,148.9609375,0.0,78.35546875,17.637046813964844
12,100,4,none,1,1492,15.36328125,147.98828125,0.0,78.375,17.565628051757812
12,100,4,none,1,1493,15.9375,148.7265625,0.0,78.28125,17.533889770507812
12,100,4,none,1,1494,15.59375,147.14453125,0.0,78.4609375,17.522071838378906
12,100,4,none,1,1495,15.671875,148.1328125,0.0,78.3125,17.580535888671875
12,100,4,none,1,1496,15.953125,148.0859375,0.0,78.37109375,17.587013244628906
12,100,4,none,1,1497,15.84765625,149.26953125,0.0,78.39453125,17.656414031982422
12,100,4,none,1,1498,15.66796875,144.78125,0.0,78.4921875,17.4222354888916
12,100,4,none,1,1499,15.9140625,149.51171875,0.0,78.21484375,17.690757751464844
12,100,4,none,2,0,57.625,59.66015625,0.0,41.7578125,0.42656344175338745
12,100,4,none,2,1,58.7578125,60.3203125,0.0,42.359375,0.1730152815580368
12,100,4,none,2,2,59.14453125,61.98828125,0.0,43.0,0.33990973234176636
12,100,4,none,2,3,61.12109375,62.390625,0.0,43.62890625,0.14599713683128357
12,100,4,none,2,4,60.1640625,62.77734375,0.0,44.49609375,0.17601005733013153
12,100,4,none,2,5,60.39453125,64.23828125,0.0,45.8359375,0.4435557723045349
12,100,4,none,2,6,60.81640625,64.75390625,0.0,46.71875,0.3348316550254822
12,100,4,none,2,7,60.9609375,65.84375,0.0,47.75390625,0.39547643065452576
12,100,4,none,2,8,61.5234375,66.18359375,0.0,48.3125,0.2802419662475586
12,100,4,none,2,9,62.1875,66.1015625,0.0,49.01171875,0.13063256442546844
12,100,4,none,2,10,61.40234375,67.76171875,0.0,49.625,0.43330201506614685
12,100,4,none,2,11,63.609375,67.54296875,0.0,50.16015625,-0.15390507876873016
12,100,4,none,2,12,63.328125,68.421875,0.0,50.41015625,-0.1745758056640625
12,100,4,none,2,13,62.68359375,68.76953125,0.0,51.484375,0.2248384952545166
12,100,4,none,2,14,62.70703125,69.42578125,0.0,51.37890625,0.2510754466056824
12,100,4,none,2,15,63.7421875,69.87109375,0.0,52.28515625,0.08278115838766098
12,100,4,none,2,16,62.484375,71.0859375,0.0,52.375,0.3298189640045166
12,100,4,none,2,17,64.390625,71.078125,0.0,52.42578125,-0.1698552817106247
12,100,4,none,2,18,65.47265625,71.91796875,0.0,52.578125,-0.31220579147338867
12,100,4,none,2,19,65.0390625,71.71484375,0.0,52.71875,-0.2804349362850189
12,100,4,none,2,20,65.71875,71.7421875,0.0,52.859375,-0.5070950388908386
12,100,4,none,2,21,64.06640625,72.67578125,0.0,52.79296875,-0.30650901794433594
12,100,4,none,2,22,65.03515625,73.0,0.0,53.06640625,-0.3070949912071228
12,100,4,none,2,23,65.73046875,71.88671875,0.0,53.50390625,-0.564679741859436
12,100,4,none,2,24,66.015625,72.1796875,0.0,53.296875,-0.7063462734222412
12,100,4,none,2,25,65.34765625,71.86328125,0.0,53.80859375,-0.5292954444885254
12,100,4,none,2,26,64.6484375,72.6171875,0.0,53.87109375,-0.37587770819664
12,100,4,none,2,27,64.88671875,72.85546875,0.0,54.421875,-0.3090156018733978
12,100,4,none,2,28,64.25390625,72.9296875,0.0,54.57421875,-0.36344265937805176
12,100,4,none,2,29,64.98828125,72.234375,0.0,55.20703125,-0.4585598409175873
12,100,4,none,2,30,64.05859375,72.08984375,0.0,55.15234375,-0.0837550163269043
12,100,4,none,2,31,64.5234375,72.7890625,0.0,55.6328125,-0.13238804042339325
12,100,4,none,2,32,65.62109375,72.7265625,0.0,55.53515625,-0.2369450032711029
12,100,4,none,2,33,63.9765625,73.875,0.0,55.46875,-0.021515529602766037
12,100,4,none,2,34,65.01953125,73.578125,0.0,55.67578125,-0.13216011226177216
12,100,4,none,2,35,64.66015625,72.953125,0.0,55.6640625,-0.11796736717224121
12,100,4,none,2,36,64.9453125,73.8984375,0.0,55.55859375,-0.14648303389549255
12,100,4,none,2,37,64.2265625,74.30859375,0.0,56.11328125,0.2243177890777588
12,100,4,none,2,38,65.08984375,73.6328125,0.0,55.6796875,0.025359472259879112
12,100,4,none,2,39,65.16015625,74.59765625,0.0,56.0625,0.13343223929405212
12,100,4,none,2,40,65.58203125,74.37890625,0.0,55.921875,-0.0407862663269043
12,100,4,none,2,41,65.75,74.63671875,0.0,55.3125,-0.058494728058576584
12,100,4,none,2,42,65.5234375,74.37109375,0.0,55.78515625,0.04694144055247307
12,100,4,none,2,43,65.09375,75.1875,0.0,55.8359375,0.1071629524230957
12,100,4,none,2,44,65.81640625,74.16796875,0.0,55.8828125,0.02119278907775879
12,100,4,none,2,45,66.19140625,73.97265625,0.0,56.0546875,0.18258604407310486
12,100,4,none,2,46,65.65234375,73.921875,0.0,55.69140625,0.026889324188232422
12,100,4,none,2,47,66.12109375,74.265625,0.0,55.9453125,-0.07665872573852539
12,100,4,none,2,48,64.8515625,75.234375,0.0,55.7265625,0.2403659075498581
12,100,4,none,2,49,66.3515625,73.98046875,0.0,55.2734375,0.09163554757833481
12,100,4,none,2,50,65.953125,74.2890625,0.0,55.8046875,0.0611015185713768
12,100,4,none,2,51,65.55859375,74.62890625,0.0,55.78515625,0.20540492236614227
12,100,4,none,2,52,64.8828125,74.27734375,0.0,55.875,0.14225411415100098
12,100,4,none,2,53,65.24609375,74.1171875,0.0,56.26171875,0.33382290601730347
12,100,4,none,2,54,64.8828125,73.89453125,0.0,56.2421875,0.09521627426147461
12,100,4,none,2,55,64.375,75.68359375,0.0,56.3203125,0.5304375886917114
12,100,4,none,2,56,66.02734375,74.0234375,0.0,55.7890625,0.021778743714094162
12,100,4,none,2,57,65.35546875,73.98046875,0.0,56.1875,0.10761865228414536
12,100,4,none,2,58,65.38671875,74.484375,0.0,55.91015625,-0.001756429672241211
12,100,4,none,2,59,65.62890625,74.4453125,0.0,56.41015625,0.08831517398357391
12,100,4,none,2,60,65.23828125,74.3046875,0.0,55.91796875,0.024871110916137695
12,100,4,none,2,61,64.984375,73.60546875,0.0,56.15625,0.07949352264404297
12,100,4,none,2,62,65.15234375,74.20703125,0.0,56.31640625,0.03792461007833481
12,100,4,none,2,63,65.046875,74.12890625,0.0,56.17578125,0.18125145137310028
12,100,4,none,2,64,64.48828125,74.06640625,0.0,56.4140625,0.2840507924556732
12,100,4,none,2,65,64.66015625,73.7734375,0.0,56.5078125,0.4129570424556732
12,100,4,none,2,66,64.9375,73.98046875,0.0,56.03515625,0.13925926387310028
12,100,4,none,2,67,65.34765625,73.4296875,0.0,56.5625,0.10680469125509262
12,100,4,none,2,68,64.4296875,73.49609375,0.0,56.296875,0.22513151168823242
12,100,4,none,2,69,64.48046875,73.6484375,0.0,56.1953125,0.3200860917568207
12,100,4,none,2,70,64.31640625,73.19921875,0.0,56.3515625,0.1275080144405365
12,100,4,none,2,71,64.48828125,73.51953125,0.0,56.55859375,0.03994274139404297
12,100,4,none,2,72,64.94921875,73.609375,0.0,56.34765625,-0.013638099655508995
12,100,4,none,2,73,64.9140625,74.125,0.0,56.51953125,0.14752745628356934
12,100,4,none,2,74,64.4296875,73.8515625,0.0,56.37109375,0.2415703982114792
12,100,4,none,2,75,64.9453125,73.7734375,0.0,56.453125,0.1306980550289154
12,100,4,none,2,76,64.98828125,74.29296875,0.0,56.3203125,0.1702813357114792
12,100,4,none,2,77,62.98046875,74.94921875,0.0,56.67578125,0.5945324897766113
12,100,4,none,2,78,63.8828125,74.046875,0.0,56.77734375,0.4563816487789154
12,100,4,none,2,79,63.76953125,74.98046875,0.0,56.83984375,0.6093112230300903
12,100,4,none,2,80,64.7578125,74.5859375,0.0,56.39453125,0.2806980609893799
12,100,4,none,2,81,64.5546875,75.71875,0.0,56.015625,0.4284193515777588
12,100,4,none,2,82,65.1953125,74.63671875,0.0,56.4140625,0.4042983055114746
12,100,4,none,2,83,64.8984375,75.06640625,0.0,56.6328125,0.40540504455566406
12,100,4,none,2,84,64.890625,76.015625,0.0,56.69921875,0.38037246465682983
12,100,4,none,2,85,64.66796875,75.7578125,0.0,56.55859375,0.4665703773498535
12,100,4,none,2,86,64.8203125,76.2734375,0.0,56.26171875,0.2711927890777588
12,100,4,none,2,87,64.30078125,75.7734375,0.0,56.375,0.3069024980068207
12,100,4,none,2,88,64.26953125,74.578125,0.0,56.5390625,0.30042457580566406
12,100,4,none,2,89,63.93359375,76.2734375,0.0,56.56640625,0.6573256254196167
12,100,4,none,2,90,64.859375,74.640625,0.0,57.08984375,0.248699352145195
12,100,4,none,2,91,65.0546875,75.86328125,0.0,56.484375,0.371290385723114
12,100,4,none,2,92,65.4921875,76.2265625,0.0,56.546875,0.3176445960998535
12,100,4,none,2,93,64.5546875,76.6640625,0.0,56.3984375,0.41354307532310486
12,100,4,none,2,94,63.17578125,76.625,0.0,56.796875,0.8479180335998535
12,100,4,none,2,95,64.421875,76.58984375,0.0,56.43359375,0.3753593862056732
12,100,4,none,2,96,63.15625,75.68359375,0.0,57.140625,0.7168959975242615
12,100,4,none,2,97,63.796875,76.40234375,0.0,56.78125,0.7027684450149536
12,100,4,none,2,98,63.32421875,76.234375,0.0,56.8046875,0.6154636144638062
12,100,4,none,2,99,63.9140625,76.671875,0.0,56.95703125,0.6282891035079956
12,100,4,none,2,100,64.1796875,76.3203125,0.0,56.9375,0.6099948883056641
12,100,4,none,2,101,63.765625,76.7421875,0.0,56.74609375,0.5833021998405457
12,100,4,none,2,102,63.4453125,76.03515625,0.0,57.171875,0.5763687491416931
12,100,4,none,2,103,63.75390625,75.7421875,0.0,56.83203125,0.549708366394043
12,100,4,none,2,104,64.26953125,76.49609375,0.0,57.28515625,0.45097798109054565
12,100,4,none,2,105,63.71875,76.17578125,0.0,57.203125,0.597527265548706
12,100,4,none,2,106,63.6953125,75.796875,0.0,57.1328125,0.6616225242614746
12,100,4,none,2,107,64.12109375,77.41015625,0.0,56.796875,0.7000013589859009
12,100,4,none,2,108,63.31640625,76.296875,0.0,57.02734375,0.5144871473312378
12,100,4,none,2,109,63.84765625,76.71484375,0.0,57.0078125,0.6102227568626404
12,100,4,none,2,110,64.703125,76.9296875,0.0,56.66015625,0.5382175445556641
12,100,4,none,2,111,64.35546875,76.03125,0.0,56.99609375,0.5620783567428589
12,100,4,none,2,112,64.21875,76.76953125,0.0,57.1484375,0.6375339031219482
12,100,4,none,2,113,64.39453125,76.078125,0.0,56.97265625,0.5350273847579956
12,100,4,none,2,114,63.4609375,76.91015625,0.0,57.28515625,0.7564792633056641
12,100,4,none,2,115,64.0390625,77.06640625,0.0,56.90625,0.6074231863021851
12,100,4,none,2,116,63.25,76.8203125,0.0,57.16796875,0.7012059092521667
12,100,4,none,2,117,63.98828125,76.91796875,0.0,57.171875,0.7139338254928589
12,100,4,none,2,118,64.3359375,76.76953125,0.0,57.15625,0.5098320841789246
12,100,4,none,2,119,62.5390625,76.765625,0.0,57.7890625,0.7001641988754272
12,100,4,none,2,120,64.27734375,76.921875,0.0,57.12109375,0.7610366344451904
12,100,4,none,2,121,63.8828125,77.28125,0.0,57.43359375,0.7532892227172852
12,100,4,none,2,122,63.62109375,77.2890625,0.0,57.75390625,0.770411491394043
12,100,4,none,2,123,63.296875,77.71484375,0.0,57.4296875,0.9945653676986694
12,100,4,none,2,124,64.0859375,76.48046875,0.0,57.46875,0.7000992298126221
12,100,4,none,2,125,63.3359375,77.16796875,0.0,57.58984375,0.5652683973312378
12,100,4,none,2,126,63.6640625,77.88671875,0.0,57.30859375,0.8501965999603271
12,100,4,none,2,127,63.84765625,77.22265625,0.0,57.23046875,0.7087904810905457
12,100,4,none,2,128,63.1875,77.1875,0.0,57.31640625,0.7272474765777588
12,100,4,none,2,129,63.9609375,76.453125,0.0,57.73046875,0.7837579250335693
12,100,4,none,2,130,63.953125,78.046875,0.0,57.671875,0.8546888828277588
12,100,4,none,2,131,63.58984375,77.30859375,0.0,57.50390625,0.8241550922393799
12,100,4,none,2,132,63.0078125,77.30859375,0.0,57.5390625,0.7531915903091431
12,100,4,none,2,133,63.71484375,76.484375,0.0,57.9453125,0.8778662085533142
12,100,4,none,2,134,63.5,78.12890625,0.0,57.5546875,0.8903007507324219
12,100,4,none,2,135,64.046875,77.02734375,0.0,57.28125,0.600489616394043
12,100,4,none,2,136,62.80859375,77.75390625,0.0,57.8984375,0.8907891511917114
12,100,4,none,2,137,64.05859375,76.69140625,0.0,57.6875,0.6405289173126221
12,100,4,none,2,138,63.3203125,77.40234375,0.0,57.92578125,0.9669284224510193
12,100,4,none,2,139,63.58203125,77.73828125,0.0,57.17578125,0.6801444888114929
12,100,4,none,2,140,63.21484375,77.92578125,0.0,57.24609375,0.7851902842521667
12,100,4,none,2,141,64.12890625,77.5078125,0.0,57.70703125,0.8168635368347168
12,100,4,none,2,142,62.60546875,78.2734375,0.0,57.2578125,0.8505873680114746
12,100,4,none,2,143,64.02734375,78.0234375,0.0,57.44140625,0.7503268718719482
12,100,4,none,2,144,63.8125,78.03515625,0.0,57.265625,0.6537124514579773
12,100,4,none,2,145,63.4453125,77.7421875,0.0,57.8984375,0.9483412504196167
12,100,4,none,2,146,63.2734375,78.3828125,0.0,57.6640625,0.9163426160812378
12,100,4,none,2,147,63.6171875,78.71484375,0.0,57.8203125,0.9318048357963562
12,100,4,none,2,148,63.8671875,78.43359375,0.0,57.36328125,0.6685559749603271
12,100,4,none,2,149,63.5625,77.359375,0.0,57.578125,0.7694352865219116
12,100,4,none,2,150,62.87890625,78.9375,0.0,57.99609375,1.2621433734893799
12,100,4,none,2,151,63.125,78.27734375,0.0,57.64453125,1.0545587539672852
12,100,4,none,2,152,63.98828125,77.9296875,0.0,58.1484375,0.8210951089859009
12,100,4,none,2,153,64.24609375,78.34375,0.0,57.9609375,0.9605156779289246
12,100,4,none,2,154,63.37109375,77.88671875,0.0,57.90625,0.9639012813568115
12,100,4,none,2,155,62.69921875,77.19921875,0.0,57.9921875,0.8884128928184509
12,100,4,none,2,156,63.19140625,77.69140625,0.0,57.92578125,0.9238947629928589
12,100,4,none,2,157,63.68359375,78.046875,0.0,57.91796875,0.8541680574417114
12,100,4,none,2,158,63.68359375,78.421875,0.0,57.8125,0.8473321199417114
12,100,4,none,2,159,63.0,77.90234375,0.0,58.56640625,1.147625207901001
12,100,4,none,2,160,63.7265625,78.5,0.0,57.66796875,0.8114270567893982
12,100,4,none,2,161,62.76953125,79.1640625,0.0,57.97265625,1.1887710094451904
12,100,4,none,2,162,62.8046875,79.00390625,0.0,57.40625,0.8061538934707642
12,100,4,none,2,163,63.08203125,78.421875,0.0,58.19140625,0.8386732935905457
12,100,4,none,2,164,61.45703125,78.2265625,0.0,58.5,1.3273452520370483
12,100,4,none,2,165,62.82421875,77.9453125,0.0,58.09765625,0.9378269910812378
12,100,4,none,2,166,63.4453125,78.33984375,0.0,57.85546875,1.0737645626068115
12,100,4,none,2,167,62.83984375,78.14453125,0.0,58.24609375,0.959636926651001
12,100,4,none,2,168,62.39453125,78.8359375,0.0,58.06640625,1.1323258876800537
12,100,4,none,2,169,63.19921875,78.890625,0.0,57.79296875,0.7969090342521667
12,100,4,none,2,170,62.44921875,79.55859375,0.0,57.98828125,1.1616876125335693
12,100,4,none,2,171,61.18359375,79.41015625,0.0,58.171875,1.1779963970184326
12,100,4,none,2,172,62.2734375,78.55078125,0.0,58.3828125,0.9865900874137878
12,100,4,none,2,173,63.0078125,78.25,0.0,58.03125,0.8708347082138062
12,100,4,none,2,174,62.15234375,78.77734375,0.0,58.3828125,1.1118178367614746
12,100,4,none,2,175,61.07421875,79.76953125,0.0,58.49609375,1.2757177352905273
12,100,4,none,2,176,62.2734375,79.2890625,0.0,58.3203125,1.1515638828277588
12,100,4,none,2,177,61.5234375,79.46875,0.0,58.56640625,1.326368808746338
12,100,4,none,2,178,62.0703125,79.125,0.0,58.47265625,1.2920587062835693
12,100,4,none,2,179,62.08984375,79.65234375,0.0,58.37890625,1.3830417394638062
12,100,4,none,2,180,61.96484375,79.55078125,0.0,58.5234375,1.2943047285079956
12,100,4,none,2,181,61.1796875,80.0,0.0,58.5859375,1.4025729894638062
12,100,4,none,2,182,62.078125,79.484375,0.0,58.1484375,1.0818374156951904
12,100,4,none,2,183,61.4921875,79.9453125,0.0,58.671875,1.4011733531951904
12,100,4,none,2,184,62.0703125,79.1953125,0.0,58.19140625,1.2631525993347168
12,100,4,none,2,185,61.94921875,79.43359375,0.0,58.8984375,1.3472346067428589
12,100,4,none,2,186,62.34375,79.2890625,0.0,58.55859375,1.165658950805664
12,100,4,none,2,187,61.7578125,80.2109375,0.0,58.67578125,1.302150011062622
12,100,4,none,2,188,61.6953125,79.97265625,0.0,58.80859375,1.5594415664672852
12,100,4,none,2,189,61.49609375,79.09375,0.0,58.921875,1.326206088066101
12,100,4,none,2,190,61.96484375,79.83984375,0.0,58.51171875,1.3137707710266113
12,100,4,none,2,191,62.28515625,79.421875,0.0,58.875,1.2493830919265747
12,100,4,none,2,192,61.58203125,80.02734375,0.0,58.76171875,1.4497087001800537
12,100,4,none,2,193,61.2734375,80.16015625,0.0,58.60546875,1.3212904930114746
12,100,4,none,2,194,61.96875,78.94140625,0.0,58.80078125,1.1766293048858643
12,100,4,none,2,195,61.30078125,79.03125,0.0,58.625,1.2563490867614746
12,100,4,none,2,196,60.83984375,79.46484375,0.0,59.171875,1.6024754047393799
12,100,4,none,2,197,61.48046875,79.3203125,0.0,58.828125,1.3379247188568115
12,100,4,none,2,198,61.20703125,78.9765625,0.0,58.76171875,1.1387710571289062
12,100,4,none,2,199,61.07421875,78.44921875,0.0,59.26953125,1.140886902809143
12,100,4,none,2,200,61.4765625,80.10546875,0.0,58.61328125,1.3558282852172852
12,100,4,none,2,201,61.75390625,79.57421875,0.0,58.71484375,1.3196953535079956
12,100,4,none,2,202,62.25,79.57421875,0.0,58.7734375,1.331251621246338
12,100,4,none,2,203,61.17578125,79.83203125,0.0,58.8984375,1.408595085144043
12,100,4,none,2,204,61.078125,79.1015625,0.0,59.36328125,1.4332046508789062
12,100,4,none,2,205,61.703125,79.4609375,0.0,59.05859375,1.5000340938568115
12,100,4,none,2,206,61.97265625,79.36328125,0.0,59.16796875,1.2004573345184326
12,100,4,none,2,207,61.73046875,80.0625,0.0,58.40625,1.2901055812835693
12,100,4,none,2,208,60.703125,79.76953125,0.0,58.79296875,1.353907823562622
12,100,4,none,2,209,60.375,79.69140625,0.0,58.703125,1.3173518180847168
12,100,4,none,2,210,61.69921875,79.83203125,0.0,58.5,1.0620131492614746
12,100,4,none,2,211,61.10546875,79.27734375,0.0,59.15625,1.3606133460998535
12,100,4,none,2,212,62.18359375,79.01953125,0.0,58.87109375,1.0838230848312378
12,100,4,none,2,213,61.6484375,79.78125,0.0,58.65234375,1.1408543586730957
12,100,4,none,2,214,60.99609375,79.8125,0.0,58.859375,1.4247410297393799
12,100,4,none,2,215,61.48046875,79.72265625,0.0,58.84765625,1.2681655883789062
12,100,4,none,2,216,60.53125,79.69921875,0.0,59.375,1.7998712062835693
12,100,4,none,2,217,61.21484375,79.3046875,0.0,59.07421875,1.4256199598312378
12,100,4,none,2,218,60.76953125,79.7265625,0.0,59.171875,1.5108413696289062
12,100,4,none,2,219,61.66015625,79.61328125,0.0,58.6796875,1.3144221305847168
12,100,4,none,2,220,62.2109375,80.3203125,0.0,58.78125,1.5291354656219482
12,100,4,none,2,221,61.90625,80.42578125,0.0,58.75390625,1.2150729894638062
12,100,4,none,2,222,60.09765625,79.63671875,0.0,59.19921875,1.7625668048858643
12,100,4,none,2,223,61.625,79.8046875,0.0,58.921875,1.4141290187835693
12,100,4,none,2,224,60.95703125,80.37109375,0.0,59.09765625,1.5344741344451904
12,100,4,none,2,225,60.640625,79.44921875,0.0,59.22265625,1.3416681289672852
12,100,4,none,2,226,61.11328125,79.61328125,0.0,59.42578125,1.3644546270370483
12,100,4,none,2,227,60.46875,79.9609375,0.0,59.9453125,1.6677098274230957
12,100,4,none,2,228,61.30859375,79.86328125,0.0,59.18359375,1.4678075313568115
12,100,4,none,2,229,62.0625,78.94140625,0.0,59.23046875,1.1176121234893799
12,100,4,none,2,230,61.390625,80.328125,0.0,58.90234375,1.3729181289672852
12,100,4,none,2,231,60.9765625,80.00390625,0.0,59.4765625,1.6295913457870483
12,100,4,none,2,232,61.18359375,80.6015625,0.0,59.375,1.5192722082138062
12,100,4,none,2,233,61.22265625,79.6015625,0.0,59.671875,1.3416355848312378
12,100,4,none,2,234,60.98828125,80.453125,0.0,59.0,1.4420913457870483
12,100,4,none,2,235,60.6328125,80.8515625,0.0,59.15625,1.596811294555664
12,100,4,none,2,236,61.51953125,80.671875,0.0,58.984375,1.3250991106033325
12,100,4,none,2,237,60.4921875,81.4375,0.0,59.35546875,1.5384453535079956
12,100,4,none,2,238,60.46875,80.87890625,0.0,59.140625,1.6023128032684326
12,100,4,none,2,239,61.70703125,80.61328125,0.0,59.2734375,1.2956068515777588
12,100,4,none,2,240,61.40234375,80.9609375,0.0,58.73828125,1.4644221067428589
12,100,4,none,2,241,60.88671875,80.62109375,0.0,58.953125,1.5400731563568115
12,100,4,none,2,242,60.890625,81.27734375,0.0,59.12890625,1.6677426099777222
12,100,4,none,2,243,60.37109375,80.78515625,0.0,59.63671875,1.7008804082870483
12,100,4,none,2,244,60.57421875,80.70703125,0.0,59.48046875,1.716928482055664
12,100,4,none,2,245,60.98828125,80.42578125,0.0,59.41015625,1.5618829727172852
12,100,4,none,2,246,60.13671875,80.9453125,0.0,59.39453125,1.8744806051254272
12,100,4,none,2,247,60.05078125,80.390625,0.0,59.67578125,1.711557388305664
12,100,4,none,2,248,60.04296875,80.83203125,0.0,59.76953125,1.732813835144043
12,100,4,none,2,249,60.55859375,80.46484375,0.0,59.41015625,1.8193049430847168
12,100,4,none,2,250,60.11328125,80.71484375,0.0,59.875,1.8315770626068115
12,100,4,none,2,251,60.12890625,80.68359375,0.0,59.734375,1.8099950551986694
12,100,4,none,2,252,61.375,80.73046875,0.0,59.3828125,1.5523452758789062
12,100,4,none,2,253,60.71875,79.91015625,0.0,59.2890625,1.5751316547393799
12,100,4,none,2,254,60.5390625,80.25390625,0.0,59.89453125,1.6973323822021484
12,100,4,none,2,255,60.02734375,80.9609375,0.0,59.90625,1.8610694408416748
12,100,4,none,2,256,60.48828125,81.25390625,0.0,59.546875,1.5964206457138062
12,100,4,none,2,257,60.4609375,81.41015625,0.0,59.609375,1.4773777723312378
12,100,4,none,2,258,60.015625,81.5078125,0.0,59.73046875,1.7945326566696167
12,100,4,none,2,259,60.17578125,81.06640625,0.0,59.58984375,1.955242395401001
12,100,4,none,2,260,59.94140625,81.6796875,0.0,59.3046875,1.7856135368347168
12,100,4,none,2,261,59.3671875,82.1015625,0.0,59.69140625,1.9728854894638062
12,100,4,none,2,262,58.71875,81.65625,0.0,59.96875,2.043849229812622
12,100,4,none,2,263,60.21875,80.34375,0.0,59.6171875,1.6228530406951904
12,100,4,none,2,264,59.25,81.19921875,0.0,60.1484375,2.0618503093719482
12,100,4,none,2,265,59.9765625,81.83203125,0.0,59.95703125,1.7383804321289062
12,100,4,none,2,266,59.9609375,81.6484375,0.0,60.1796875,1.7699559926986694
12,100,4,none,2,267,58.63671875,80.8515625,0.0,59.81640625,1.9025404453277588
12,100,4,none,2,268,59.3671875,81.36328125,0.0,59.8359375,1.8269546031951904
12,100,4,none,2,269,60.16796875,82.0,0.0,59.8671875,1.8066095113754272
12,100,4,none,2,270,58.8828125,81.53515625,0.0,60.14453125,2.1140966415405273
12,100,4,none,2,271,59.59375,81.5625,0.0,59.921875,1.9871758222579956
12,100,4,none,2,272,59.0625,82.09765625,0.0,59.94921875,1.9353530406951904
12,100,4,none,2,273,59.21484375,82.1015625,0.0,59.77734375,2.110059976577759
12,100,4,none,2,274,58.72265625,82.03125,0.0,60.07421875,2.1988296508789062
12,100,4,none,2,275,58.96875,81.8828125,0.0,59.71484375,1.9382175207138062
12,100,4,none,2,276,58.984375,81.8125,0.0,60.4296875,2.0610694885253906
12,100,4,none,2,277,59.8515625,82.11328125,0.0,59.91015625,1.9774101972579956
12,100,4,none,2,278,59.203125,81.72265625,0.0,60.39453125,1.992091178894043
12,100,4,none,2,279,59.2734375,82.5703125,0.0,59.9453125,2.098536729812622
12,100,4,none,2,280,59.15625,81.35546875,0.0,60.62109375,1.9979181289672852
12,100,4,none,2,281,57.76953125,81.98828125,0.0,60.375,2.4001317024230957
12,100,4,none,2,282,58.91015625,81.69921875,0.0,60.53125,2.182260513305664
12,100,4,none,2,283,58.56640625,82.078125,0.0,60.265625,2.074871063232422
12,100,4,none,2,284,57.92578125,82.57421875,0.0,60.203125,2.2243828773498535
12,100,4,none,2,285,58.93359375,81.71875,0.0,60.40234375,2.101531505584717
12,100,4,none,2,286,58.16015625,81.859375,0.0,60.28515625,2.228712558746338
12,100,4,none,2,287,58.4609375,81.72265625,0.0,60.3203125,2.1734392642974854
12,100,4,none,2,288,58.265625,81.2734375,0.0,60.65234375,2.131967782974243
12,100,4,none,2,289,58.03125,80.921875,0.0,60.6875,2.1566097736358643
12,100,4,none,2,290,58.078125,81.86328125,0.0,60.1484375,2.2148778438568115
12,100,4,none,2,291,56.6640625,81.41796875,0.0,60.41796875,2.2890639305114746
12,100,4,none,2,292,58.07421875,81.4765625,0.0,60.56640625,2.2282567024230957
12,100,4,none,2,293,58.1484375,81.51171875,0.0,60.5703125,2.240431308746338
12,100,4,none,2,294,57.94140625,81.91796875,0.0,60.66796875,2.2667007446289062
12,100,4,none,2,295,58.25390625,80.671875,0.0,60.3671875,2.0581722259521484
12,100,4,none,2,296,57.61328125,82.28125,0.0,60.89453125,2.3767919540405273
12,100,4,none,2,297,57.65234375,82.12890625,0.0,60.57421875,2.30534029006958
12,100,4,none,2,298,57.7265625,82.91015625,0.0,60.5390625,2.391277551651001
12,100,4,none,2,299,57.54296875,82.1875,0.0,60.83203125,2.400099277496338
12,100,4,none,2,300,58.1640625,82.171875,0.0,60.4140625,2.3444676399230957
12,100,4,none,2,301,57.375,82.69921875,0.0,60.3828125,2.1578140258789062
12,100,4,none,2,302,57.41796875,81.6953125,0.0,60.64453125,2.4600276947021484
12,100,4,none,2,303,57.9140625,82.12109375,0.0,60.46875,2.3375015258789062
12,100,4,none,2,304,58.15625,82.09765625,0.0,60.71875,2.3718767166137695
12,100,4,none,2,305,57.99609375,82.703125,0.0,60.25390625,2.2999038696289062
12,100,4,none,2,306,57.91796875,82.671875,0.0,60.3984375,2.2424495220184326
12,100,4,none,2,307,57.01171875,82.73046875,0.0,60.6953125,2.499969005584717
12,100,4,none,2,308,57.2421875,82.5,0.0,60.4296875,2.3713555335998535
12,100,4,none,2,309,57.765625,82.89453125,0.0,60.76953125,2.350489854812622
12,100,4,none,2,310,56.9921875,82.54296875,0.0,60.73828125,2.601499080657959
12,100,4,none,2,311,57.7265625,82.74609375,0.0,60.390625,2.3478856086730957
12,100,4,none,2,312,57.19140625,82.2578125,0.0,61.078125,2.354461193084717
12,100,4,none,2,313,57.421875,82.4453125,0.0,60.48828125,2.4915056228637695
12,100,4,none,2,314,56.94140625,81.75390625,0.0,60.74609375,2.4084651470184326
12,100,4,none,2,315,57.27734375,82.703125,0.0,60.80078125,2.322657585144043
12,100,4,none,2,316,56.94140625,82.9140625,0.0,60.5078125,2.5600926876068115
12,100,4,none,2,317,57.45703125,82.5625,0.0,60.6875,2.4822280406951904
12,100,4,none,2,318,56.97265625,82.61328125,0.0,61.046875,2.4406917095184326
12,100,4,none,2,319,57.4140625,82.296875,0.0,60.85546875,2.391505241394043
12,100,4,none,2,320,56.57421875,83.3125,0.0,60.7265625,2.6662774085998535
12,100,4,none,2,321,58.15625,82.08203125,0.0,60.82421875,2.27409029006958
12,100,4,none,2,322,57.08203125,82.640625,0.0,60.56640625,2.294858455657959
12,100,4,none,2,323,56.1015625,83.05859375,0.0,60.88671875,2.6435890197753906
12,100,4,none,2,324,56.9453125,82.6484375,0.0,61.12109375,2.542710065841675
12,100,4,none,2,325,56.11328125,82.76171875,0.0,60.6328125,2.5842463970184326
12,100,4,none,2,326,57.2734375,81.7578125,0.0,60.90234375,2.429656505584717
12,100,4,none,2,327,56.3984375,82.9765625,0.0,61.26171875,2.6228206157684326
12,100,4,none,2,328,56.984375,83.19921875,0.0,60.84375,2.6772801876068115
12,100,4,none,2,329,56.8984375,82.515625,0.0,60.8046875,2.385190486907959
12,100,4,none,2,330,56.1640625,83.38671875,0.0,60.84375,2.5896499156951904
12,100,4,none,2,331,55.91015625,83.6484375,0.0,61.19140625,2.7451837062835693
12,100,4,none,2,332,56.9453125,83.8046875,0.0,61.17578125,2.852410316467285
12,100,4,none,2,333,56.828125,83.0546875,0.0,60.91015625,2.5281267166137695
12,100,4,none,2,334,57.59765625,83.87109375,0.0,60.98046875,2.6342790126800537
12,100,4,none,2,335,56.44140625,83.640625,0.0,60.8984375,2.6309258937835693
12,100,4,none,2,336,56.5390625,83.71484375,0.0,61.23046875,2.6280617713928223
12,100,4,none,2,337,56.33203125,81.8203125,0.0,61.390625,2.6587252616882324
12,100,4,none,2,338,55.046875,82.9296875,0.0,61.89453125,3.052865982055664
12,100,4,none,2,339,55.3984375,83.52734375,0.0,61.6796875,3.0953140258789062
12,100,4,none,2,340,56.0703125,82.9375,0.0,61.37890625,2.715301036834717
12,100,4,none,2,341,56.21875,83.55859375,0.0,61.53515625,2.8312840461730957
12,100,4,none,2,342,56.25390625,82.53515625,0.0,61.19921875,2.6699233055114746
12,100,4,none,2,343,55.73828125,83.19921875,0.0,61.31640625,2.869533061981201
12,100,4,none,2,344,57.16796875,82.7265625,0.0,60.78125,2.4165706634521484
12,100,4,none,2,345,55.71484375,83.3046875,0.0,61.1484375,2.746811628341675
12,100,4,none,2,346,57.296875,83.45703125,0.0,60.89453125,2.3084328174591064
12,100,4,none,2,347,56.046875,83.65625,0.0,61.1015625,2.75504732131958
12,100,4,none,2,348,56.3984375,83.1953125,0.0,61.42578125,2.7962584495544434
12,100,4,none,2,349,55.90234375,83.39453125,0.0,61.625,2.777963638305664
12,100,4,none,2,350,56.21875,84.25,0.0,61.2578125,2.841277599334717
12,100,4,none,2,351,56.27734375,82.85546875,0.0,61.66796875,2.7131199836730957
12,100,4,none,2,352,54.6796875,84.67578125,0.0,61.62890625,3.3042333126068115
12,100,4,none,2,353,55.26171875,84.140625,0.0,61.40625,3.07828950881958
12,100,4,none,2,354,56.16796875,83.8828125,0.0,61.09765625,2.6376640796661377
12,100,4,none,2,355,55.13671875,84.0703125,0.0,61.578125,3.0667006969451904
12,100,4,none,2,356,56.30859375,84.61328125,0.0,61.34375,2.975066661834717
12,100,4,none,2,357,54.86328125,85.0390625,0.0,62.08203125,3.4127297401428223
12,100,4,none,2,358,55.6328125,84.28125,0.0,61.546875,3.0114924907684326
12,100,4,none,2,359,55.1796875,84.15625,0.0,61.734375,3.031674861907959
12,100,4,none,2,360,55.734375,83.55859375,0.0,61.234375,2.824676036834717
12,100,4,none,2,361,56.0703125,83.8125,0.0,61.37890625,2.841765880584717
12,100,4,none,2,362,54.77734375,84.03515625,0.0,61.67578125,3.080991268157959
12,100,4,none,2,363,55.6015625,83.46875,0.0,61.984375,2.874936580657959
12,100,4,none,2,364,55.265625,83.80859375,0.0,61.7109375,2.880502700805664
12,100,4,none,2,365,55.4453125,84.4765625,0.0,61.7578125,3.0042333602905273
12,100,4,none,2,366,55.5625,84.1875,0.0,61.796875,2.892058849334717
12,100,4,none,2,367,55.23828125,84.0234375,0.0,61.3515625,2.9703140258789062
12,100,4,none,2,368,55.69140625,84.109375,0.0,61.44140625,2.880340099334717
12,100,4,none,2,369,55.19140625,85.2109375,0.0,61.28515625,3.124675750732422
12,100,4,none,2,370,54.19921875,83.8984375,0.0,62.05859375,3.14078950881958
12,100,4,none,2,371,54.8828125,83.61328125,0.0,61.89453125,2.9831395149230957
12,100,4,none,2,372,53.8671875,83.77734375,0.0,62.03125,3.0493180751800537
12,100,4,none,2,373,55.30859375,84.55859375,0.0,61.84375,3.0430679321289062
12,100,4,none,2,374,54.3046875,84.21484375,0.0,62.05859375,3.1474950313568115
12,100,4,none,2,375,54.265625,84.15234375,0.0,61.5390625,2.988706111907959
12,100,4,none,2,376,54.25390625,83.953125,0.0,62.1796875,3.180307388305664
12,100,4,none,2,377,53.5,84.33203125,0.0,62.3203125,3.4033541679382324
12,100,4,none,2,378,55.00390625,84.1796875,0.0,62.140625,3.0176448822021484
12,100,4,none,2,379,53.7734375,84.5390625,0.0,61.89453125,3.3037776947021484
12,100,4,none,2,380,54.09765625,84.24609375,0.0,61.921875,3.080242156982422
12,100,4,none,2,381,53.52734375,83.74609375,0.0,62.515625,3.410125255584717
12,100,4,none,2,382,53.56640625,84.15234375,0.0,62.2578125,3.240626811981201
12,100,4,none,2,383,53.69921875,84.1640625,0.0,61.75390625,3.1965835094451904
12,100,4,none,2,384,52.79296875,83.83984375,0.0,62.87109375,3.4387712478637695
12,100,4,none,2,385,52.8671875,85.02734375,0.0,62.6171875,3.4892921447753906
12,100,4,none,2,386,53.7578125,84.625,0.0,62.359375,3.203289031982422
12,100,4,none,2,387,53.98828125,85.0078125,0.0,61.890625,3.019467830657959
12,100,4,none,2,388,53.71875,84.8359375,0.0,62.125,3.1897151470184326
12,100,4,none,2,389,52.53515625,85.890625,0.0,62.26171875,3.6686859130859375
12,100,4,none,2,390,52.55078125,84.42578125,0.0,62.43359375,3.4446303844451904
12,100,4,none,2,391,53.2578125,83.9921875,0.0,62.66015625,3.2302098274230957
12,100,4,none,2,392,52.5234375,84.3125,0.0,62.85546875,3.5418310165405273
12,100,4,none,2,393,53.42578125,83.51953125,0.0,62.57421875,3.353419780731201
12,100,4,none,2,394,53.04296875,84.37109375,0.0,62.53515625,3.263575553894043
12,100,4,none,2,395,53.35546875,85.58984375,0.0,61.921875,3.260873794555664
12,100,4,none,2,396,53.2734375,84.6953125,0.0,62.64453125,3.492840528488159
12,100,4,none,2,397,51.66015625,84.734375,0.0,62.62890625,3.6697280406951904
12,100,4,none,2,398,53.08984375,85.26171875,0.0,62.515625,3.4924821853637695
12,100,4,none,2,399,53.01953125,84.9609375,0.0,62.71484375,3.407130718231201
12,100,4,none,2,400,52.34375,85.01953125,0.0,62.54296875,3.570671796798706
12,100,4,none,2,401,53.5625,85.0703125,0.0,62.4296875,3.5231456756591797
12,100,4,none,2,402,53.1328125,85.4296875,0.0,62.45703125,3.4680027961730957
12,100,4,none,2,403,52.96875,85.71875,0.0,62.69140625,3.5705418586730957
12,100,4,none,2,404,51.17578125,84.93359375,0.0,62.5078125,3.816342830657959
12,100,4,none,2,405,52.98046875,85.19140625,0.0,63.046875,3.5901708602905273
12,100,4,none,2,406,52.984375,85.296875,0.0,62.5859375,3.5698914527893066
12,100,4,none,2,407,52.515625,84.5546875,0.0,62.69140625,3.5932631492614746
12,100,4,none,2,408,51.078125,86.3515625,0.0,62.734375,3.742124080657959
12,100,4,none,2,409,51.90625,84.8125,0.0,63.1171875,3.6641292572021484
12,100,4,none,2,410,52.390625,84.40625,0.0,62.80078125,3.5088233947753906
12,100,4,none,2,411,52.09765625,84.53515625,0.0,62.9765625,3.685515880584717
12,100,4,none,2,412,52.640625,85.1875,0.0,62.8203125,3.5706393718719482
12,100,4,none,2,413,51.63671875,84.234375,0.0,62.828125,3.6607437133789062
12,100,4,none,2,414,52.41796875,84.71875,0.0,62.859375,3.6140639781951904
12,100,4,none,2,415,52.26171875,85.1015625,0.0,62.91796875,3.585418462753296
12,100,4,none,2,416,52.60546875,84.52734375,0.0,62.84375,3.540268659591675
12,100,4,none,2,417,52.26953125,85.57421875,0.0,62.68359375,3.575620174407959
12,100,4,none,2,418,52.125,85.078125,0.0,63.17578125,3.6639342308044434
12,100,4,none,2,419,52.2734375,86.13671875,0.0,63.09765625,3.791440486907959
12,100,4,none,2,420,52.484375,86.7109375,0.0,62.57421875,3.8604183197021484
12,100,4,none,2,421,51.80078125,86.00390625,0.0,62.890625,3.858855962753296
12,100,4,none,2,422,52.4453125,85.77734375,0.0,62.69921875,3.832749128341675
12,100,4,none,2,423,51.23828125,85.921875,0.0,62.72265625,3.8921566009521484
12,100,4,none,2,424,50.67578125,84.7890625,0.0,63.04296875,3.888315200805664
12,100,4,none,2,425,51.4921875,85.44140625,0.0,63.0390625,3.8208999633789062
12,100,4,none,2,426,50.796875,85.27734375,0.0,62.7421875,3.8389663696289062
12,100,4,none,2,427,50.60546875,84.19140625,0.0,63.3828125,3.76871919631958
12,100,4,none,2,428,50.5859375,85.8359375,0.0,62.75390625,3.757260799407959
12,100,4,none,2,429,51.078125,85.78125,0.0,62.78515625,4.017547130584717
12,100,4,none,2,430,50.58984375,84.6484375,0.0,63.60546875,3.9013686180114746
12,100,4,none,2,431,51.04296875,84.71875,0.0,63.265625,3.7466812133789062
12,100,4,none,2,432,48.9921875,85.85546875,0.0,63.9140625,4.369044780731201
12,100,4,none,2,433,49.9296875,84.8828125,0.0,63.55078125,4.105405330657959
12,100,4,none,2,434,49.55859375,85.28125,0.0,63.80078125,4.179819107055664
12,100,4,none,2,435,50.52734375,84.859375,0.0,63.28125,3.86832857131958
12,100,4,none,2,436,50.59375,84.76953125,0.0,63.43359375,3.718881607055664
12,100,4,none,2,437,50.05078125,84.76953125,0.0,63.30078125,3.905730724334717
12,100,4,none,2,438,50.51171875,84.87109375,0.0,63.30859375,3.7903335094451904
12,100,4,none,2,439,50.640625,84.58203125,0.0,63.40625,3.840529203414917
12,100,4,none,2,440,50.703125,83.95703125,0.0,63.296875,3.618523597717285
12,100,4,none,2,441,50.3515625,84.54296875,0.0,63.47265625,3.9480807781219482
12,100,4,none,2,442,50.1015625,84.8515625,0.0,63.51953125,3.7539403438568115
12,100,4,none,2,443,50.546875,84.26171875,0.0,63.33984375,3.819304943084717
12,100,4,none,2,444,50.671875,84.796875,0.0,63.859375,4.037957191467285
12,100,4,none,2,445,51.140625,85.91796875,0.0,63.5703125,4.048113822937012
12,100,4,none,2,446,50.69921875,87.109375,0.0,63.34375,3.9907567501068115
12,100,4,none,2,447,51.17578125,85.421875,0.0,63.703125,3.8767268657684326
12,100,4,none,2,448,51.546875,86.890625,0.0,63.48828125,3.9975600242614746
12,100,4,none,2,449,51.03125,86.0625,0.0,63.4296875,3.8320977687835693
12,100,4,none,2,450,50.6015625,85.72265625,0.0,63.59375,4.187143325805664
12,100,4,none,2,451,49.3515625,85.70703125,0.0,64.00390625,4.349643707275391
12,100,4,none,2,452,49.390625,86.21484375,0.0,63.75390625,4.278159141540527
12,100,4,none,2,453,49.05859375,84.76953125,0.0,64.16796875,4.276336193084717
12,100,4,none,2,454,49.484375,85.03125,0.0,63.765625,4.142970561981201
12,100,4,none,2,455,50.19921875,85.53515625,0.0,63.96484375,4.212794303894043
12,100,4,none,2,456,49.91015625,85.52734375,0.0,63.51171875,4.058563232421875
12,100,4,none,2,457,48.8828125,85.6640625,0.0,64.1640625,4.352508544921875
12,100,4,none,2,458,48.828125,87.08984375,0.0,63.96484375,4.464389801025391
12,100,4,none,2,459,49.21484375,85.26953125,0.0,64.16015625,4.445802688598633
12,100,4,none,2,460,48.94921875,85.99609375,0.0,63.953125,4.439064025878906
12,100,4,none,2,461,49.2265625,86.59375,0.0,64.00390625,4.450912952423096
12,100,4,none,2,462,49.8671875,87.8984375,0.0,63.51953125,4.267547130584717
12,100,4,none,2,463,50.27734375,86.90625,0.0,63.46875,4.167026519775391
12,100,4,none,2,464,47.6953125,86.671875,0.0,64.48828125,4.657456398010254
12,100,4,none,2,465,49.3359375,86.6640625,0.0,63.7265625,4.368524074554443
12,100,4,none,2,466,49.21875,87.375,0.0,64.12890625,4.387794494628906
12,100,4,none,2,467,49.95703125,86.6953125,0.0,63.6796875,4.324317932128906
12,100,4,none,2,468,49.9921875,87.10546875,0.0,63.96875,4.429591178894043
12,100,4,none,2,469,49.26953125,87.1640625,0.0,63.9453125,4.565626621246338
12,100,4,none,2,470,48.5859375,87.35546875,0.0,63.94140625,4.5198588371276855
12,100,4,none,2,471,49.3515625,87.29296875,0.0,64.203125,4.648341655731201
12,100,4,none,2,472,48.296875,87.84375,0.0,64.2265625,4.740984916687012
12,100,4,none,2,473,49.05078125,86.79296875,0.0,63.85546875,4.457358360290527
12,100,4,none,2,474,49.140625,87.375,0.0,64.32421875,4.585711479187012
12,100,4,none,2,475,49.14453125,87.5078125,0.0,64.125,4.4983415603637695
12,100,4,none,2,476,48.67578125,87.390625,0.0,64.078125,4.615984916687012
12,100,4,none,2,477,49.0546875,86.8046875,0.0,64.25,4.522234916687012
12,100,4,none,2,478,47.22265625,87.04296875,0.0,64.67578125,4.786167144775391
12,100,4,none,2,479,48.20703125,86.38671875,0.0,64.6484375,4.704461574554443
12,100,4,none,2,480,48.83203125,87.3203125,0.0,64.45703125,4.596290588378906
12,100,4,none,2,481,48.33203125,87.4375,0.0,64.2421875,4.594239711761475
12,100,4,none,2,482,48.40625,86.78515625,0.0,64.50390625,4.473016262054443
12,100,4,none,2,483,47.40625,87.4609375,0.0,64.34375,4.795476913452148
12,100,4,none,2,484,48.76953125,87.8671875,0.0,64.1640625,4.550522804260254
12,100,4,none,2,485,47.52734375,87.640625,0.0,64.32421875,4.750555038452148
12,100,4,none,2,486,48.03125,87.84375,0.0,64.15234375,4.825587749481201
12,100,4,none,2,487,48.44140625,87.86328125,0.0,64.56640625,4.794532775878906
12,100,4,none,2,488,48.62109375,88.28125,0.0,64.203125,4.650132179260254
12,100,4,none,2,489,48.734375,88.85546875,0.0,64.36328125,4.934311866760254
12,100,4,none,2,490,48.19921875,88.6484375,0.0,64.41015625,4.882358551025391
12,100,4,none,2,491,47.21875,88.21875,0.0,64.734375,4.931479454040527
12,100,4,none,2,492,47.9921875,88.1015625,0.0,64.578125,4.715398788452148
12,100,4,none,2,493,48.171875,87.83203125,0.0,64.19140625,4.775457382202148
12,100,4,none,2,494,47.69140625,87.90625,0.0,64.6640625,4.723829746246338
12,100,4,none,2,495,48.12109375,87.30859375,0.0,64.94921875,4.810125350952148
12,100,4,none,2,496,48.10546875,88.2109375,0.0,64.96875,5.032228469848633
12,100,4,none,2,497,47.79296875,87.3203125,0.0,64.859375,4.779232978820801
12,100,4,none,2,498,46.875,88.10546875,0.0,65.1640625,5.059247016906738
12,100,4,none,2,499,48.47265625,88.25390625,0.0,64.671875,4.868524074554443
12,100,4,none,2,500,47.75390625,87.66796875,0.0,65.1328125,4.954005241394043
12,100,4,none,2,501,46.40234375,87.23828125,0.0,65.3046875,5.062045574188232
12,100,4,none,2,502,47.42578125,88.69921875,0.0,64.90234375,4.955340385437012
12,100,4,none,2,503,47.828125,87.4609375,0.0,64.63671875,4.730047225952148
12,100,4,none,2,504,47.59375,87.55859375,0.0,64.91796875,4.80924654006958
12,100,4,none,2,505,47.42578125,88.140625,0.0,64.9765625,5.140496253967285
12,100,4,none,2,506,47.40625,88.27734375,0.0,64.859375,5.044597625732422
12,100,4,none,2,507,47.03125,87.76953125,0.0,64.9921875,5.040658950805664
12,100,4,none,2,508,46.14453125,88.92578125,0.0,65.63671875,5.422170162200928
12,100,4,none,2,509,47.73828125,88.7109375,0.0,65.2265625,5.012111186981201
12,100,4,none,2,510,46.78125,88.48828125,0.0,65.36328125,5.092774868011475
12,100,4,none,2,511,47.26171875,88.23046875,0.0,64.9921875,4.925490379333496
12,100,4,none,2,512,48.19140625,88.70703125,0.0,64.64453125,4.750913143157959
12,100,4,none,2,513,47.234375,88.046875,0.0,65.015625,5.122006416320801
12,100,4,none,2,514,46.6640625,87.890625,0.0,65.05859375,5.142514705657959
12,100,4,none,2,515,47.67578125,88.1484375,0.0,65.0546875,4.934604167938232
12,100,4,none,2,516,46.87109375,88.578125,0.0,65.33203125,5.147723197937012
12,100,4,none,2,517,47.5,87.86328125,0.0,64.99609375,4.931088924407959
12,100,4,none,2,518,47.1171875,88.80078125,0.0,65.04296875,5.041700839996338
12,100,4,none,2,519,47.5078125,88.359375,0.0,65.2421875,4.984832763671875
12,100,4,none,2,520,46.78125,88.9296875,0.0,64.79296875,4.984832286834717
12,100,4,none,2,521,46.546875,88.8828125,0.0,65.39453125,5.243068218231201
12,100,4,none,2,522,45.74609375,89.7890625,0.0,65.2109375,5.275294780731201
12,100,4,none,2,523,46.4375,89.53125,0.0,65.19921875,5.362502098083496
12,100,4,none,2,524,46.96484375,89.14453125,0.0,65.2421875,5.216310501098633
12,100,4,none,2,525,45.87109375,89.38671875,0.0,65.2890625,5.360808849334717
12,100,4,none,2,526,45.3359375,89.86328125,0.0,65.359375,5.483823299407959
12,100,4,none,2,527,46.82421875,89.2265625,0.0,65.36328125,5.203549385070801
12,100,4,none,2,528,45.76171875,88.46875,0.0,65.4765625,5.314715385437012
12,100,4,none,2,529,47.03515625,89.44140625,0.0,64.90234375,5.135125160217285
12,100,4,none,2,530,46.6484375,88.1953125,0.0,65.26953125,5.091701030731201
12,100,4,none,2,531,45.671875,89.12109375,0.0,65.28125,5.3757171630859375
12,100,4,none,2,532,45.58203125,88.7890625,0.0,65.3984375,5.398797035217285
12,100,4,none,2,533,45.43359375,88.01953125,0.0,65.94921875,5.28971529006958
12,100,4,none,2,534,45.60546875,89.35546875,0.0,65.55078125,5.386460304260254
12,100,4,none,2,535,45.41796875,89.85546875,0.0,65.53515625,5.429721832275391
12,100,4,none,2,536,44.10546875,89.52734375,0.0,66.3046875,5.878647804260254
12,100,4,none,2,537,44.9453125,88.6015625,0.0,65.7265625,5.654982566833496
12,100,4,none,2,538,44.78125,88.8046875,0.0,65.8515625,5.647006988525391
12,100,4,none,2,539,44.6171875,89.65234375,0.0,65.79296875,5.583888530731201
12,100,4,none,2,540,44.35546875,88.046875,0.0,66.109375,5.7327165603637695
12,100,4,none,2,541,45.0859375,89.46875,0.0,66.39453125,5.636981010437012
12,100,4,none,2,542,44.21875,89.7890625,0.0,66.1953125,5.807358741760254
12,100,4,none,2,543,45.1796875,89.87109375,0.0,65.5546875,5.428061485290527
12,100,4,none,2,544,45.23828125,89.390625,0.0,66.21484375,5.558530330657959
12,100,4,none,2,545,44.3828125,89.51953125,0.0,66.26171875,5.746648788452148
12,100,4,none,2,546,44.35546875,88.9765625,0.0,66.0625,5.536590099334717
12,100,4,none,2,547,44.00390625,89.08984375,0.0,66.375,5.587859630584717
12,100,4,none,2,548,45.02734375,88.75,0.0,65.890625,5.473731994628906
12,100,4,none,2,549,44.609375,89.9375,0.0,66.06640625,5.626368999481201
12,100,4,none,2,550,44.30859375,88.9140625,0.0,66.22265625,5.668035507202148
12,100,4,none,2,551,45.390625,89.40625,0.0,66.0078125,5.548471450805664
12,100,4,none,2,552,44.4375,89.265625,0.0,66.6796875,5.818979263305664
12,100,4,none,2,553,44.37890625,89.2890625,0.0,66.30078125,5.900717735290527
12,100,4,none,2,554,44.203125,89.703125,0.0,66.4140625,5.837729454040527
12,100,4,none,2,555,44.390625,90.02734375,0.0,66.375,5.835711479187012
12,100,4,none,2,556,43.5,91.45703125,0.0,65.9453125,6.043328762054443
12,100,4,none,2,557,44.05859375,90.375,0.0,66.34765625,5.9568376541137695
12,100,4,none,2,558,44.265625,90.3203125,0.0,66.47265625,5.912240982055664
12,100,4,none,2,559,44.80078125,90.1953125,0.0,66.40234375,5.782912254333496
12,100,4,none,2,560,44.09375,90.89453125,0.0,66.109375,5.923764705657959
12,100,4,none,2,561,44.31640625,89.85546875,0.0,66.37109375,5.7432966232299805
12,100,4,none,2,562,44.8828125,89.85546875,0.0,66.3828125,5.6866559982299805
12,100,4,none,2,563,44.0390625,90.21484375,0.0,66.20703125,6.026238918304443
12,100,4,none,2,564,43.78125,90.84375,0.0,66.421875,5.963217735290527
12,100,4,none,2,565,43.65234375,89.671875,0.0,66.6171875,5.925294399261475
12,100,4,none,2,566,43.54296875,89.75390625,0.0,66.47265625,5.984506607055664
12,100,4,none,2,567,43.15234375,90.953125,0.0,66.40625,6.077410697937012
12,100,4,none,2,568,42.83203125,90.98828125,0.0,66.7109375,6.150294780731201
12,100,4,none,2,569,42.45703125,89.859375,0.0,66.83203125,6.181707382202148
12,100,4,none,2,570,41.60546875,90.80078125,0.0,66.86328125,6.532065391540527
12,100,4,none,2,571,41.92578125,91.0546875,0.0,66.5859375,6.227605819702148
12,100,4,none,2,572,42.04296875,91.5625,0.0,67.27734375,6.296844482421875
12,100,4,none,2,573,41.88671875,91.296875,0.0,67.1796875,6.465594291687012
12,100,4,none,2,574,42.13671875,90.16796875,0.0,66.7109375,6.167058944702148
12,100,4,none,2,575,42.26171875,90.59765625,0.0,67.2890625,6.387826919555664
12,100,4,none,2,576,41.4453125,90.4296875,0.0,67.3046875,6.5616559982299805
12,100,4,none,2,577,42.1328125,91.046875,0.0,66.87890625,6.409669399261475
12,100,4,none,2,578,42.58203125,90.703125,0.0,67.046875,6.459148406982422
12,100,4,none,2,579,42.15234375,91.10546875,0.0,67.05078125,6.558953762054443
12,100,4,none,2,580,42.6015625,90.609375,0.0,67.1875,6.359213829040527
12,100,4,none,2,581,41.61328125,91.37890625,0.0,66.8671875,6.325685024261475
12,100,4,none,2,582,42.359375,89.328125,0.0,67.28515625,6.313641548156738
12,100,4,none,2,583,42.4296875,90.90234375,0.0,67.01953125,6.334051132202148
12,100,4,none,2,584,42.4453125,91.43359375,0.0,67.34375,6.465366363525391
12,100,4,none,2,585,42.69921875,90.9921875,0.0,67.0703125,6.216115474700928
12,100,4,none,2,586,41.9296875,91.87109375,0.0,66.98828125,6.440171241760254
12,100,4,none,2,587,43.17578125,91.74609375,0.0,66.640625,6.245542049407959
12,100,4,none,2,588,41.46484375,91.13671875,0.0,67.5390625,6.595607757568359
12,100,4,none,2,589,41.89453125,91.375,0.0,67.50390625,6.519304275512695
12,100,4,none,2,590,41.46875,90.77734375,0.0,67.49609375,6.413413047790527
12,100,4,none,2,591,40.68359375,90.9296875,0.0,67.25390625,6.462860107421875
12,100,4,none,2,592,41.62890625,91.015625,0.0,67.7109375,6.577703475952148
12,100,4,none,2,593,41.859375,91.73046875,0.0,67.2109375,6.466733455657959
12,100,4,none,2,594,41.8046875,91.6796875,0.0,67.15234375,6.446420669555664
12,100,4,none,2,595,42.05078125,91.71875,0.0,67.1875,6.525945663452148
12,100,4,none,2,596,42.29296875,91.76953125,0.0,67.2265625,6.476075649261475
12,100,4,none,2,597,42.515625,91.015625,0.0,67.28125,6.294207572937012
12,100,4,none,2,598,42.40234375,91.62109375,0.0,67.3984375,6.601596832275391
12,100,4,none,2,599,41.75390625,92.4375,0.0,67.171875,6.595868110656738
12,100,4,none,2,600,41.640625,91.23828125,0.0,67.65625,6.567481994628906
12,100,4,none,2,601,40.7265625,92.4609375,0.0,67.6953125,6.8274431228637695
12,100,4,none,2,602,41.8828125,92.16015625,0.0,67.19921875,6.525945663452148
12,100,4,none,2,603,42.1171875,92.1328125,0.0,67.45703125,6.522234916687012
12,100,4,none,2,604,41.08984375,93.3671875,0.0,67.2265625,6.6935882568359375
12,100,4,none,2,605,41.90234375,92.0703125,0.0,67.375,6.717645168304443
12,100,4,none,2,606,42.171875,91.37890625,0.0,67.2890625,6.4615583419799805
12,100,4,none,2,607,42.44921875,91.62890625,0.0,66.89453125,6.3250017166137695
12,100,4,none,2,608,41.14453125,92.48046875,0.0,67.25,6.689910411834717
12,100,4,none,2,609,42.3125,91.8515625,0.0,67.28515625,6.470118522644043
12,100,4,none,2,610,41.8828125,92.59765625,0.0,67.66015625,6.739129543304443
12,100,4,none,2,611,42.3515625,92.47265625,0.0,67.2421875,6.677150249481201
12,100,4,none,2,612,41.41796875,92.859375,0.0,67.67578125,6.944565773010254
12,100,4,none,2,613,42.18359375,93.26953125,0.0,67.65234375,6.893556118011475
12,100,4,none,2,614,41.6328125,93.015625,0.0,67.68359375,6.843165874481201
12,100,4,none,2,615,41.03515625,93.21875,0.0,67.46484375,6.9436540603637695
12,100,4,none,2,616,41.0546875,92.8203125,0.0,67.75,7.047755718231201
12,100,4,none,2,617,40.8984375,92.79296875,0.0,67.96875,7.050294876098633
12,100,4,none,2,618,41.234375,93.2109375,0.0,67.45703125,6.712989807128906
12,100,4,none,2,619,41.54296875,92.51171875,0.0,67.3984375,6.757228374481201
12,100,4,none,2,620,40.98828125,92.7265625,0.0,67.3203125,6.694663047790527
12,100,4,none,2,621,41.32421875,92.98828125,0.0,67.8671875,6.904688835144043
12,100,4,none,2,622,40.86328125,92.3125,0.0,67.80859375,6.795769691467285
12,100,4,none,2,623,40.5703125,92.6640625,0.0,67.78515625,6.8479509353637695
12,100,4,none,2,624,41.19921875,92.265625,0.0,67.94921875,6.786362648010254
12,100,4,none,2,625,41.484375,93.453125,0.0,67.84765625,6.904298305511475
12,100,4,none,2,626,41.0625,93.171875,0.0,67.61328125,6.938380241394043
12,100,4,none,2,627,41.32421875,93.1484375,0.0,67.58984375,6.738412857055664
12,100,4,none,2,628,39.73828125,93.74609375,0.0,67.91015625,7.205242156982422
12,100,4,none,2,629,40.91796875,93.91796875,0.0,67.82421875,6.940040588378906
12,100,4,none,2,630,40.26171875,92.76953125,0.0,67.78515625,6.940789699554443
12,100,4,none,2,631,40.12109375,93.8828125,0.0,68.01171875,7.187566757202148
12,100,4,none,2,632,41.6875,92.3828125,0.0,67.734375,6.668719291687012
12,100,4,none,2,633,40.7421875,93.70703125,0.0,67.78515625,6.971127986907959
12,100,4,none,2,634,41.08203125,93.49609375,0.0,68.0625,6.945639610290527
12,100,4,none,2,635,40.94921875,93.80078125,0.0,67.796875,6.957846641540527
12,100,4,none,2,636,40.4140625,93.671875,0.0,68.09375,6.954982280731201
12,100,4,none,2,637,39.93359375,93.8203125,0.0,67.84375,7.115756988525391
12,100,4,none,2,638,40.4609375,94.203125,0.0,67.765625,6.920346736907959
12,100,4,none,2,639,40.1171875,93.65625,0.0,68.453125,7.350164413452148
12,100,4,none,2,640,40.16015625,93.6640625,0.0,68.1796875,7.163445949554443
12,100,4,none,2,641,40.68359375,93.75390625,0.0,67.6875,6.988770961761475
12,100,4,none,2,642,39.94140625,93.4296875,0.0,68.52734375,7.2434587478637695
12,100,4,none,2,643,39.60546875,93.6640625,0.0,68.09375,7.3160505294799805
12,100,4,none,2,644,39.21484375,93.875,0.0,68.3359375,7.407065391540527
12,100,4,none,2,645,39.5,93.234375,0.0,68.45703125,7.406251430511475
12,100,4,none,2,646,39.7578125,94.3515625,0.0,68.03125,7.212045669555664
12,100,4,none,2,647,39.46875,92.91015625,0.0,68.3984375,7.2349958419799805
12,100,4,none,2,648,39.4765625,93.84765625,0.0,68.05859375,7.229852199554443
12,100,4,none,2,649,39.1796875,93.21484375,0.0,68.70703125,7.4504899978637695
12,100,4,none,2,650,39.30078125,92.3125,0.0,68.62109375,7.149936676025391
12,100,4,none,2,651,38.875,93.62109375,0.0,68.44140625,7.3444671630859375
12,100,4,none,2,652,38.01171875,93.3046875,0.0,68.8671875,7.571225643157959
12,100,4,none,2,653,39.53125,92.36328125,0.0,68.34375,7.0784196853637695
12,100,4,none,2,654,37.875,92.8515625,0.0,68.8671875,7.456089019775391
12,100,4,none,2,655,38.5390625,93.6015625,0.0,68.61328125,7.472787857055664
12,100,4,none,2,656,40.3671875,92.3671875,0.0,68.2890625,7.024285793304443
12,100,4,none,2,657,39.28515625,93.69921875,0.0,68.703125,7.2156267166137695
12,100,4,none,2,658,38.66796875,93.43359375,0.0,68.83984375,7.392743110656738
12,100,4,none,2,659,38.33203125,92.9296875,0.0,68.65625,7.364226818084717
12,100,4,none,2,660,39.078125,92.984375,0.0,68.45703125,7.356512069702148
12,100,4,none,2,661,39.08984375,94.62890625,0.0,68.69140625,7.512794494628906
12,100,4,none,2,662,39.30859375,94.44921875,0.0,68.65234375,7.452834129333496
12,100,4,none,2,663,39.90234375,94.48828125,0.0,68.50390625,7.336850643157959
12,100,4,none,2,664,39.41015625,95.1953125,0.0,68.37890625,7.455177307128906
12,100,4,none,2,665,39.1015625,94.81640625,0.0,68.7578125,7.546323299407959
12,100,4,none,2,666,39.48046875,96.03515625,0.0,68.0234375,7.593849182128906
12,100,4,none,2,667,40.0390625,94.58984375,0.0,68.765625,7.451206207275391
12,100,4,none,2,668,39.80078125,94.50390625,0.0,68.34765625,7.317677974700928
12,100,4,none,2,669,39.28125,94.984375,0.0,68.546875,7.287045955657959
12,100,4,none,2,670,38.7890625,94.0390625,0.0,68.9609375,7.525750637054443
12,100,4,none,2,671,38.58203125,95.5078125,0.0,68.375,7.561981201171875
12,100,4,none,2,672,38.33984375,95.89453125,0.0,68.6875,7.543881893157959
12,100,4,none,2,673,38.46875,94.47265625,0.0,68.71484375,7.5393571853637695
12,100,4,none,2,674,38.671875,96.06640625,0.0,68.29296875,7.61334753036499
12,100,4,none,2,675,38.9921875,94.3125,0.0,69.0390625,7.611785888671875
12,100,4,none,2,676,38.9296875,95.2734375,0.0,68.97265625,7.500586986541748
12,100,4,none,2,677,38.5078125,95.02734375,0.0,68.9609375,7.667481899261475
12,100,4,none,2,678,37.32421875,95.7421875,0.0,69.08984375,7.953940391540527
12,100,4,none,2,679,37.38671875,95.60546875,0.0,69.265625,7.975945949554443
12,100,4,none,2,680,37.57421875,94.76953125,0.0,69.265625,7.806219100952148
12,100,4,none,2,681,39.08203125,95.359375,0.0,68.33203125,7.430535316467285
12,100,4,none,2,682,38.78515625,94.5234375,0.0,68.734375,7.542156219482422
12,100,4,none,2,683,37.4765625,95.546875,0.0,68.63671875,7.8731794357299805
12,100,4,none,2,684,38.125,96.21484375,0.0,68.84375,7.809669494628906
12,100,4,none,2,685,38.36328125,96.6171875,0.0,69.09765625,8.01810073852539
12,100,4,none,2,686,38.140625,96.01953125,0.0,68.87890625,7.909604549407959
12,100,4,none,2,687,38.16796875,95.7578125,0.0,69.03515625,7.850848197937012
12,100,4,none,2,688,38.12109375,96.48046875,0.0,68.67578125,7.930080413818359
12,100,4,none,2,689,37.82421875,96.16015625,0.0,68.9765625,7.877084732055664
12,100,4,none,2,690,37.4375,95.78125,0.0,69.046875,8.089585304260254
12,100,4,none,2,691,36.765625,95.16796875,0.0,69.48828125,8.137697219848633
12,100,4,none,2,692,36.71484375,95.38671875,0.0,69.63671875,8.119467735290527
12,100,4,none,2,693,37.6015625,95.41015625,0.0,69.265625,7.930893898010254
12,100,4,none,2,694,37.015625,96.37109375,0.0,69.0625,7.875489711761475
12,100,4,none,2,695,37.27734375,95.69921875,0.0,69.4375,7.927183151245117
12,100,4,none,2,696,36.33203125,96.3671875,0.0,69.3984375,8.159409523010254
12,100,4,none,2,697,37.51953125,96.5546875,0.0,69.328125,8.071161270141602
12,100,4,none,2,698,37.80859375,96.49609375,0.0,68.7578125,7.8311872482299805
12,100,4,none,2,699,37.04296875,95.37109375,0.0,69.62890625,7.902052879333496
12,100,4,none,2,700,37.26171875,97.01171875,0.0,69.328125,8.115952491760254
12,100,4,none,2,701,37.6640625,96.60546875,0.0,69.06640625,7.930861473083496
12,100,4,none,2,702,37.29296875,96.9609375,0.0,69.34375,8.078094482421875
12,100,4,none,2,703,38.05859375,96.24609375,0.0,69.1875,7.924611568450928
12,100,4,none,2,704,37.09375,96.92578125,0.0,69.48046875,8.195672988891602
12,100,4,none,2,705,37.21875,96.73828125,0.0,69.34765625,8.115659713745117
12,100,4,none,2,706,36.66796875,96.58984375,0.0,69.4375,8.148829460144043
12,100,4,none,2,707,36.10546875,96.8125,0.0,69.6171875,8.382716178894043
12,100,4,none,2,708,36.28125,96.79296875,0.0,69.59765625,8.297723770141602
12,100,4,none,2,709,35.73046875,96.1328125,0.0,69.98046875,8.395868301391602
12,100,4,none,2,710,35.2734375,96.953125,0.0,69.734375,8.562728881835938
12,100,4,none,2,711,35.98046875,96.984375,0.0,69.9921875,8.37171459197998
12,100,4,none,2,712,35.5859375,96.6953125,0.0,69.64453125,8.287469863891602
12,100,4,none,2,713,35.48828125,95.98828125,0.0,69.9296875,8.22903823852539
12,100,4,none,2,714,36.72265625,96.37890625,0.0,69.828125,8.286069869995117
12,100,4,none,2,715,35.109375,96.91015625,0.0,69.78515625,8.471193313598633
12,100,4,none,2,716,35.265625,96.7578125,0.0,69.609375,8.412827491760254
12,100,4,none,2,717,35.0234375,97.23828125,0.0,70.15234375,8.640953063964844
12,100,4,none,2,718,36.05078125,96.5546875,0.0,69.89453125,8.426368713378906
12,100,4,none,2,719,35.4921875,97.6328125,0.0,69.890625,8.432260513305664
12,100,4,none,2,720,34.66015625,97.140625,0.0,70.046875,8.700197219848633
12,100,4,none,2,721,36.203125,97.30078125,0.0,69.828125,8.457815170288086
12,100,4,none,2,722,34.890625,96.4609375,0.0,69.9921875,8.525522232055664
12,100,4,none,2,723,36.109375,97.60546875,0.0,69.8046875,8.33916187286377
12,100,4,none,2,724,35.3671875,98.2421875,0.0,69.91796875,8.5790376663208
12,100,4,none,2,725,35.9609375,97.26171875,0.0,69.65625,8.321974754333496
12,100,4,none,2,726,35.91796875,97.8671875,0.0,69.8984375,8.511492729187012
12,100,4,none,2,727,35.046875,97.33984375,0.0,70.03515625,8.485483169555664
12,100,4,none,2,728,35.125,97.48046875,0.0,69.92578125,8.48880386352539
12,100,4,none,2,729,35.2265625,96.81640625,0.0,69.72265625,8.351792335510254
12,100,4,none,2,730,35.92578125,97.3828125,0.0,69.79296875,8.453875541687012
12,100,4,none,2,731,34.68359375,97.265625,0.0,70.08203125,8.497788429260254
12,100,4,none,2,732,33.80078125,97.625,0.0,70.11328125,8.73427963256836
12,100,4,none,2,733,35.265625,97.43359375,0.0,69.734375,8.519109725952148
12,100,4,none,2,734,35.07421875,96.94921875,0.0,70.37890625,8.58340072631836
12,100,4,none,2,735,35.640625,97.890625,0.0,70.25390625,8.648862838745117
12,100,4,none,2,736,34.99609375,97.5625,0.0,70.19140625,8.639129638671875
12,100,4,none,2,737,34.4609375,98.0859375,0.0,70.0,8.776954650878906
12,100,4,none,2,738,34.7109375,98.27734375,0.0,70.24609375,8.901954650878906
12,100,4,none,2,739,34.359375,98.234375,0.0,70.16015625,8.812631607055664
12,100,4,none,2,740,34.90625,98.49609375,0.0,70.13671875,8.65091323852539
12,100,4,none,2,741,34.49609375,98.21875,0.0,70.0078125,8.807326316833496
12,100,4,none,2,742,35.41015625,98.203125,0.0,70.07421875,8.676596641540527
12,100,4,none,2,743,33.69921875,98.11328125,0.0,70.62890625,8.886167526245117
12,100,4,none,2,744,35.20703125,98.12890625,0.0,69.953125,8.721975326538086
12,100,4,none,2,745,33.921875,98.1796875,0.0,70.4453125,8.824416160583496
12,100,4,none,2,746,34.51171875,98.125,0.0,70.30859375,8.801076889038086
12,100,4,none,2,747,34.2265625,98.0625,0.0,70.5390625,8.911687850952148
12,100,4,none,2,748,34.80859375,99.0859375,0.0,69.84375,8.665919303894043
12,100,4,none,2,749,34.69140625,97.76953125,0.0,70.45703125,8.834442138671875
12,100,4,none,2,750,35.28125,99.1171875,0.0,69.984375,8.682520866394043
12,100,4,none,2,751,34.5,97.44921875,0.0,70.50390625,8.780242919921875
12,100,4,none,2,752,34.3828125,98.921875,0.0,70.22265625,8.861394882202148
12,100,4,none,2,753,35.08203125,97.9296875,0.0,70.6484375,8.70498275756836
12,100,4,none,2,754,34.7109375,98.2109375,0.0,69.83203125,8.588576316833496
12,100,4,none,2,755,33.875,98.55078125,0.0,70.36328125,8.995607376098633
12,100,4,none,2,756,34.78515625,99.75390625,0.0,70.390625,8.869760513305664
12,100,4,none,2,757,34.453125,98.44921875,0.0,70.3515625,8.720640182495117
12,100,4,none,2,758,34.67578125,99.4140625,0.0,70.19140625,8.849318504333496
12,100,4,none,2,759,33.90625,99.67578125,0.0,70.2109375,9.006673812866211
12,100,4,none,2,760,33.8828125,99.03125,0.0,70.390625,8.963054656982422
12,100,4,none,2,761,33.5234375,98.2578125,0.0,70.609375,9.145380020141602
12,100,4,none,2,762,34.08984375,98.60546875,0.0,70.375,8.92461109161377
12,100,4,none,2,763,34.17578125,98.54296875,0.0,70.51953125,8.852540969848633
12,100,4,none,2,764,34.27734375,98.5625,0.0,70.20703125,8.763120651245117
12,100,4,none,2,765,33.7265625,99.66796875,0.0,70.421875,9.070249557495117
12,100,4,none,2,766,33.484375,98.8984375,0.0,70.25390625,8.877540588378906
12,100,4,none,2,767,34.57421875,98.75,0.0,70.44921875,8.980177879333496
12,100,4,none,2,768,34.16015625,99.765625,0.0,70.54296875,8.93105697631836
12,100,4,none,2,769,34.4609375,99.1015625,0.0,70.6875,8.969923973083496
12,100,4,none,2,770,33.74609375,100.578125,0.0,70.15625,9.064780235290527
12,100,4,none,2,771,33.5,100.6796875,0.0,70.4765625,9.088739395141602
12,100,4,none,2,772,33.37109375,100.29296875,0.0,70.703125,9.203256607055664
12,100,4,none,2,773,33.609375,99.53515625,0.0,70.3359375,8.977279663085938
12,100,4,none,2,774,33.09375,98.80078125,0.0,70.72265625,9.072820663452148
12,100,4,none,2,775,33.50390625,97.8203125,0.0,71.1484375,9.06458568572998
12,100,4,none,2,776,33.56640625,99.65234375,0.0,70.76171875,9.192255020141602
12,100,4,none,2,777,34.2578125,99.7109375,0.0,70.25,9.011524200439453
12,100,4,none,2,778,34.89453125,99.34375,0.0,70.2421875,8.8422212600708
12,100,4,none,2,779,32.9375,99.79296875,0.0,70.76171875,9.222528457641602
12,100,4,none,2,780,33.19140625,99.54296875,0.0,70.87890625,9.209213256835938
12,100,4,none,2,781,32.984375,100.3984375,0.0,70.65234375,9.266571044921875
12,100,4,none,2,782,33.08203125,99.4375,0.0,70.546875,9.25149917602539
12,100,4,none,2,783,33.3203125,99.28125,0.0,70.69140625,9.105796813964844
12,100,4,none,2,784,33.0078125,100.359375,0.0,70.62890625,9.268915176391602
12,100,4,none,2,785,32.5546875,100.8203125,0.0,70.62109375,9.267221450805664
12,100,4,none,2,786,33.65625,99.984375,0.0,70.6796875,9.093978881835938
12,100,4,none,2,787,32.7421875,99.25390625,0.0,71.0625,9.35013198852539
12,100,4,none,2,788,32.91796875,100.64453125,0.0,70.49609375,9.212142944335938
12,100,4,none,2,789,32.875,99.89453125,0.0,70.90625,9.316667556762695
12,100,4,none,2,790,33.27734375,99.8359375,0.0,71.02734375,9.336069107055664
12,100,4,none,2,791,33.984375,100.1015625,0.0,71.05859375,9.18313980102539
12,100,4,none,2,792,33.71875,101.30078125,0.0,70.59375,9.307195663452148
12,100,4,none,2,793,32.234375,100.6953125,0.0,70.9765625,9.441993713378906
12,100,4,none,2,794,32.890625,100.46875,0.0,71.1484375,9.36868667602539
12,100,4,none,2,795,32.0625,100.9609375,0.0,71.16796875,9.649480819702148
12,100,4,none,2,796,32.4921875,100.41796875,0.0,70.9609375,9.52737808227539
12,100,4,none,2,797,32.75390625,100.62890625,0.0,71.04296875,9.473731994628906
12,100,4,none,2,798,33.0,100.56640625,0.0,70.7890625,9.105340957641602
12,100,4,none,2,799,31.375,99.59375,0.0,71.33203125,9.388738632202148
12,100,4,none,2,800,32.15234375,99.5703125,0.0,71.3828125,9.459539413452148
12,100,4,none,2,801,32.15234375,99.40625,0.0,71.41015625,9.359116554260254
12,100,4,none,2,802,31.7109375,99.515625,0.0,71.66015625,9.475261688232422
12,100,4,none,2,803,31.515625,99.3046875,0.0,71.8046875,9.476726531982422
12,100,4,none,2,804,31.86328125,100.515625,0.0,71.4921875,9.427410125732422
12,100,4,none,2,805,30.96875,100.4140625,0.0,71.99609375,9.698960304260254
12,100,4,none,2,806,32.55078125,101.65625,0.0,71.30078125,9.605112075805664
12,100,4,none,2,807,31.94921875,101.55859375,0.0,71.3671875,9.601173400878906
12,100,4,none,2,808,31.94921875,101.24609375,0.0,71.859375,9.750066757202148
12,100,4,none,2,809,31.3671875,101.88671875,0.0,71.51171875,9.82109546661377
12,100,4,none,2,810,31.59765625,101.18359375,0.0,71.65625,9.854948997497559
12,100,4,none,2,811,31.19921875,101.0546875,0.0,71.625,9.84280776977539
12,100,4,none,2,812,32.50390625,102.234375,0.0,71.2734375,9.70840072631836
12,100,4,none,2,813,32.625,101.80859375,0.0,70.98828125,9.478614807128906
12,100,4,none,2,814,31.7265625,101.80859375,0.0,71.1484375,9.718816757202148
12,100,4,none,2,815,32.8046875,101.9609375,0.0,71.0,9.409767150878906
12,100,4,none,2,816,32.31640625,102.48828125,0.0,70.9296875,9.683107376098633
12,100,4,none,2,817,32.6484375,101.65625,0.0,71.06640625,9.577248573303223
12,100,4,none,2,818,32.20703125,102.94921875,0.0,70.890625,9.689193725585938
12,100,4,none,2,819,31.9765625,103.00390625,0.0,71.19140625,9.933757781982422
12,100,4,none,2,820,32.08203125,103.1171875,0.0,71.39453125,9.857976913452148
12,100,4,none,2,821,32.08203125,102.71875,0.0,71.05859375,9.707130432128906
12,100,4,none,2,822,31.31640625,101.37890625,0.0,71.55859375,9.83860969543457
12,100,4,none,2,823,30.79296875,101.03515625,0.0,71.62109375,9.757879257202148
12,100,4,none,2,824,31.11328125,102.609375,0.0,71.26953125,9.775619506835938
12,100,4,none,2,825,30.6796875,101.31640625,0.0,71.453125,9.787078857421875
12,100,4,none,2,826,30.75390625,101.2265625,0.0,71.36328125,9.72207260131836
12,100,4,none,2,827,30.88671875,101.640625,0.0,71.95703125,9.99111557006836
12,100,4,none,2,828,30.07421875,101.58984375,0.0,72.125,9.958009719848633
12,100,4,none,2,829,30.828125,102.1875,0.0,71.8046875,9.954591751098633
12,100,4,none,2,830,29.8515625,101.2109375,0.0,72.0390625,9.85257339477539
12,100,4,none,2,831,31.13671875,101.11328125,0.0,72.015625,9.77981948852539
12,100,4,none,2,832,30.640625,101.16796875,0.0,71.9140625,9.903029441833496
12,100,4,none,2,833,30.5,101.734375,0.0,71.4921875,9.79935073852539
12,100,4,none,2,834,30.62109375,101.06640625,0.0,71.890625,9.956381797790527
12,100,4,none,2,835,30.5390625,101.65234375,0.0,71.90234375,9.863056182861328
12,100,4,none,2,836,31.40625,101.8203125,0.0,71.828125,9.94437026977539
12,100,4,none,2,837,31.17578125,102.37109375,0.0,71.9921875,9.93802261352539
12,100,4,none,2,838,30.1171875,102.36328125,0.0,71.96484375,10.19729995727539
12,100,4,none,2,839,30.60546875,102.4296875,0.0,71.8125,9.805339813232422
12,100,4,none,2,840,29.92578125,102.109375,0.0,72.26953125,10.068817138671875
12,100,4,none,2,841,30.21484375,102.8046875,0.0,71.94140625,9.92304801940918
12,100,4,none,2,842,29.87109375,102.0390625,0.0,71.7109375,9.917938232421875
12,100,4,none,2,843,30.2421875,102.2265625,0.0,71.953125,10.068068504333496
12,100,4,none,2,844,30.0234375,103.171875,0.0,72.03515625,10.005730628967285
12,100,4,none,2,845,30.71484375,101.70703125,0.0,72.04296875,9.84915542602539
12,100,4,none,2,846,30.22265625,101.58984375,0.0,72.18359375,9.981772422790527
12,100,4,none,2,847,30.92578125,101.328125,0.0,71.9921875,9.832033157348633
12,100,4,none,2,848,30.69921875,103.1640625,0.0,72.05859375,9.970640182495117
12,100,4,none,2,849,30.61328125,101.171875,0.0,72.18359375,9.972528457641602
12,100,4,none,2,850,30.6328125,103.16015625,0.0,71.99609375,10.033075332641602
12,100,4,none,2,851,28.90234375,103.27734375,0.0,72.3671875,10.284149169921875
12,100,4,none,2,852,30.51171875,102.80859375,0.0,71.8125,9.90540599822998
12,100,4,none,2,853,29.7109375,102.69921875,0.0,72.1328125,10.15215015411377
12,100,4,none,2,854,30.28515625,101.40625,0.0,72.16015625,9.899578094482422
12,100,4,none,2,855,30.23046875,102.9453125,0.0,72.01953125,10.012144088745117
12,100,4,none,2,856,30.03125,103.65234375,0.0,71.69921875,10.183465003967285
12,100,4,none,2,857,30.09765625,103.94921875,0.0,71.9375,10.200164794921875
12,100,4,none,2,858,30.08203125,104.09375,0.0,71.9453125,10.359312057495117
12,100,4,none,2,859,29.99609375,104.25390625,0.0,72.2890625,10.535320281982422
12,100,4,none,2,860,30.234375,103.24609375,0.0,71.7265625,10.140887260437012
12,100,4,none,2,861,29.9765625,103.00390625,0.0,72.1640625,10.207587242126465
12,100,4,none,2,862,30.68359375,103.5234375,0.0,71.80859375,10.144012451171875
12,100,4,none,2,863,29.453125,103.84765625,0.0,72.1953125,10.291473388671875
12,100,4,none,2,864,28.94921875,102.80078125,0.0,72.4609375,10.34853744506836
12,100,4,none,2,865,29.58203125,104.125,0.0,72.1171875,10.396291732788086
12,100,4,none,2,866,28.8359375,103.9140625,0.0,72.359375,10.417287826538086
12,100,4,none,2,867,29.8203125,103.921875,0.0,72.30859375,10.350196838378906
12,100,4,none,2,868,28.9375,104.11328125,0.0,72.50390625,10.530014991760254
12,100,4,none,2,869,29.2890625,103.44921875,0.0,72.51953125,10.413217544555664
12,100,4,none,2,870,28.9765625,103.5234375,0.0,72.7109375,10.433269500732422
12,100,4,none,2,871,28.85546875,104.0625,0.0,72.5078125,10.478419303894043
12,100,4,none,2,872,29.04296875,103.37109375,0.0,72.4375,10.233726501464844
12,100,4,none,2,873,29.53515625,104.15234375,0.0,72.28125,10.341148376464844
12,100,4,none,2,874,28.83203125,103.4296875,0.0,72.60546875,10.533563613891602
12,100,4,none,2,875,28.23046875,104.0859375,0.0,72.734375,10.612632751464844
12,100,4,none,2,876,28.203125,103.94921875,0.0,72.90625,10.570021629333496
12,100,4,none,2,877,28.52734375,104.4453125,0.0,72.5703125,10.616016387939453
12,100,4,none,2,878,29.27734375,104.7734375,0.0,72.59765625,10.460418701171875
12,100,4,none,2,879,28.5859375,104.4296875,0.0,72.58203125,10.622007369995117
12,100,4,none,2,880,28.3984375,104.5,0.0,72.69921875,10.601987838745117
12,100,4,none,2,881,29.57421875,104.8671875,0.0,72.453125,10.56777572631836
12,100,4,none,2,882,29.11328125,104.0390625,0.0,72.5,10.463380813598633
12,100,4,none,2,883,28.39453125,105.25,0.0,72.203125,10.626043319702148
12,100,4,none,2,884,29.35546875,104.3984375,0.0,72.6171875,10.52708625793457
12,100,4,none,2,885,28.2421875,105.109375,0.0,72.5625,10.621648788452148
12,100,4,none,2,886,28.390625,106.0625,0.0,72.796875,10.771224975585938
12,100,4,none,2,887,29.21484375,106.0,0.0,72.3671875,10.745965957641602
12,100,4,none,2,888,29.0,105.10546875,0.0,72.34765625,10.461134910583496
12,100,4,none,2,889,29.15234375,105.6640625,0.0,72.44921875,10.621844291687012
12,100,4,none,2,890,29.62890625,106.484375,0.0,72.1015625,10.40628433227539
12,100,4,none,2,891,28.0,104.87890625,0.0,73.2265625,10.891342163085938
12,100,4,none,2,892,29.1875,105.7734375,0.0,72.75390625,10.58401870727539
12,100,4,none,2,893,28.734375,106.00390625,0.0,72.57421875,10.705307006835938
12,100,4,none,2,894,29.5234375,104.64453125,0.0,72.33203125,10.462827682495117
12,100,4,none,2,895,28.7421875,105.359375,0.0,72.20703125,10.681185722351074
12,100,4,none,2,896,29.47265625,104.80078125,0.0,72.43359375,10.520933151245117
12,100,4,none,2,897,29.2734375,105.7265625,0.0,72.48828125,10.723243713378906
12,100,4,none,2,898,28.81640625,105.5625,0.0,72.71875,10.53958511352539
12,100,4,none,2,899,27.94140625,104.5546875,0.0,72.93359375,10.676141738891602
12,100,4,none,2,900,29.0078125,104.9765625,0.0,72.55078125,10.452898979187012
12,100,4,none,2,901,27.875,104.71484375,0.0,72.828125,10.683660507202148
12,100,4,none,2,902,27.41015625,105.00390625,0.0,72.9140625,10.854591369628906
12,100,4,none,2,903,28.5390625,104.19140625,0.0,72.94140625,10.603842735290527
12,100,4,none,2,904,27.90234375,103.87890625,0.0,72.453125,10.541311264038086
12,100,4,none,2,905,27.671875,105.0859375,0.0,73.07421875,10.844825744628906
12,100,4,none,2,906,28.0390625,104.89453125,0.0,73.203125,10.835970878601074
12,100,4,none,2,907,27.3671875,106.421875,0.0,73.06640625,10.996322631835938
12,100,4,none,2,908,27.640625,106.02734375,0.0,72.99609375,10.896323204040527
12,100,4,none,2,909,27.796875,105.6640625,0.0,73.015625,10.918426513671875
12,100,4,none,2,910,28.30859375,106.4609375,0.0,73.0234375,10.89710521697998
12,100,4,none,2,911,28.05078125,106.51953125,0.0,73.22265625,11.04163646697998
12,100,4,none,2,912,26.72265625,106.5859375,0.0,73.14453125,11.126564025878906
12,100,4,none,2,913,27.3984375,106.38671875,0.0,72.9140625,11.126727104187012
12,100,4,none,2,914,27.91796875,106.15625,0.0,72.7890625,10.883108139038086
12,100,4,none,2,915,27.58984375,106.328125,0.0,73.359375,11.103322982788086
12,100,4,none,2,916,28.4765625,107.1015625,0.0,72.62890625,10.866668701171875
12,100,4,none,2,917,28.0703125,105.99609375,0.0,73.01953125,10.994467735290527
12,100,4,none,2,918,26.9375,105.7890625,0.0,72.87109375,10.94482707977295
12,100,4,none,2,919,27.43359375,106.27734375,0.0,73.2734375,10.970022201538086
12,100,4,none,2,920,26.9609375,107.03125,0.0,73.55078125,11.173179626464844
12,100,4,none,2,921,27.4296875,107.81640625,0.0,73.3515625,11.243751525878906
12,100,4,none,2,922,28.0234375,106.64453125,0.0,73.0078125,10.905731201171875
12,100,4,none,2,923,27.3359375,106.53125,0.0,73.265625,10.983725547790527
12,100,4,none,2,924,27.27734375,106.4453125,0.0,73.34375,11.045997619628906
12,100,4,none,2,925,27.0,107.56640625,0.0,73.40234375,11.282651901245117
12,100,4,none,2,926,26.96875,106.77734375,0.0,73.07421875,10.98021125793457
12,100,4,none,2,927,27.2421875,106.40625,0.0,73.29296875,11.016473770141602
12,100,4,none,2,928,27.25,106.6171875,0.0,73.4296875,11.129949569702148
12,100,4,none,2,929,27.7734375,107.29296875,0.0,73.0625,11.024969100952148
12,100,4,none,2,930,27.54296875,106.35546875,0.0,73.2265625,10.972951889038086
12,100,4,none,2,931,27.1171875,105.73828125,0.0,73.13671875,11.054949760437012
12,100,4,none,2,932,26.5703125,106.92578125,0.0,73.23046875,11.20771598815918
12,100,4,none,2,933,27.0703125,108.1328125,0.0,73.09765625,11.166797637939453
12,100,4,none,2,934,26.94921875,107.7890625,0.0,73.42578125,11.307424545288086
12,100,4,none,2,935,27.0703125,107.734375,0.0,73.5234375,11.311201095581055
12,100,4,none,2,936,27.41796875,106.73046875,0.0,73.0,11.034116744995117
12,100,4,none,2,937,27.09375,107.765625,0.0,73.27734375,11.212631225585938
12,100,4,none,2,938,26.765625,108.125,0.0,73.4296875,11.342547416687012
12,100,4,none,2,939,27.05859375,107.265625,0.0,73.515625,11.229266166687012
12,100,4,none,2,940,26.11328125,107.57421875,0.0,73.671875,11.417417526245117
12,100,4,none,2,941,27.625,107.76953125,0.0,73.21875,11.164454460144043
12,100,4,none,2,942,27.12109375,106.1953125,0.0,73.15625,10.965431213378906
12,100,4,none,2,943,27.38671875,106.125,0.0,73.4765625,11.014063835144043
12,100,4,none,2,944,26.9609375,107.07421875,0.0,73.71875,11.182456016540527
12,100,4,none,2,945,27.87890625,108.01953125,0.0,73.2578125,11.061134338378906
12,100,4,none,2,946,26.98828125,107.91796875,0.0,73.65625,11.307586669921875
12,100,4,none,2,947,26.5078125,107.51953125,0.0,73.4765625,11.28763198852539
12,100,4,none,2,948,26.3671875,107.78125,0.0,73.98046875,11.468588829040527
12,100,4,none,2,949,26.25390625,107.078125,0.0,73.72265625,11.332815170288086
12,100,4,none,2,950,26.46484375,107.8828125,0.0,73.828125,11.440105438232422
12,100,4,none,2,951,27.06640625,107.63671875,0.0,73.453125,11.319272994995117
12,100,4,none,2,952,25.546875,108.109375,0.0,73.859375,11.544012069702148
12,100,4,none,2,953,26.4375,107.52734375,0.0,73.68359375,11.35315990447998
12,100,4,none,2,954,26.0859375,108.140625,0.0,73.7890625,11.485548973083496
12,100,4,none,2,955,26.28125,107.484375,0.0,73.48828125,11.271388053894043
12,100,4,none,2,956,26.40625,107.84375,0.0,73.70703125,11.492742538452148
12,100,4,none,2,957,26.08203125,108.046875,0.0,73.58203125,11.404949188232422
12,100,4,none,2,958,26.62890625,108.75390625,0.0,73.546875,11.407293319702148
12,100,4,none,2,959,25.96875,108.8671875,0.0,73.62109375,11.408140182495117
12,100,4,none,2,960,26.59765625,109.6328125,0.0,73.55859375,11.496389389038086
12,100,4,none,2,961,27.0234375,109.30859375,0.0,73.375,11.380699157714844
12,100,4,none,2,962,26.015625,109.18359375,0.0,73.82421875,11.608237266540527
12,100,4,none,2,963,25.0390625,109.64453125,0.0,73.58203125,11.661491394042969
12,100,4,none,2,964,26.12109375,108.8125,0.0,73.71484375,11.622397422790527
12,100,4,none,2,965,25.7265625,108.6875,0.0,74.0078125,11.64710521697998
12,100,4,none,2,966,24.76171875,108.828125,0.0,74.03125,11.828582763671875
12,100,4,none,2,967,25.42578125,108.51953125,0.0,73.6875,11.728777885437012
12,100,4,none,2,968,26.26953125,109.25390625,0.0,73.8203125,11.483041763305664
12,100,4,none,2,969,25.26171875,107.796875,0.0,73.8125,11.56204605102539
12,100,4,none,2,970,25.44140625,109.24609375,0.0,73.90234375,11.64443588256836
12,100,4,none,2,971,25.16796875,109.03125,0.0,74.01171875,11.754949569702148
12,100,4,none,2,972,25.98046875,109.140625,0.0,74.046875,11.722983360290527
12,100,4,none,2,973,25.41796875,109.48046875,0.0,74.0234375,11.762632369995117
12,100,4,none,2,974,25.62890625,109.109375,0.0,74.1640625,11.740530014038086
12,100,4,none,2,975,24.625,109.08984375,0.0,73.99609375,11.836883544921875
12,100,4,none,2,976,26.4375,108.75,0.0,73.79296875,11.522429466247559
12,100,4,none,2,977,25.7890625,108.9609375,0.0,74.02734375,11.669370651245117
12,100,4,none,2,978,25.26953125,109.16796875,0.0,74.05859375,11.786493301391602
12,100,4,none,2,979,25.3828125,110.26953125,0.0,73.98046875,11.923276901245117
12,100,4,none,2,980,25.19140625,109.75,0.0,74.00390625,11.72939682006836
12,100,4,none,2,981,25.125,108.98046875,0.0,74.16015625,11.76526927947998
12,100,4,none,2,982,25.80859375,110.71875,0.0,74.0234375,11.970900535583496
12,100,4,none,2,983,25.3359375,110.12109375,0.0,74.1015625,11.901564598083496
12,100,4,none,2,984,25.6875,109.8671875,0.0,74.234375,11.88782787322998
12,100,4,none,2,985,25.81640625,110.36328125,0.0,73.57421875,11.823569297790527
12,100,4,none,2,986,24.76171875,111.09765625,0.0,73.890625,11.994565963745117
12,100,4,none,2,987,25.2734375,111.11328125,0.0,73.59375,11.873113632202148
12,100,4,none,2,988,25.0859375,109.79296875,0.0,74.0625,11.919174194335938
12,100,4,none,2,989,25.83984375,111.3671875,0.0,73.921875,11.970769882202148
12,100,4,none,2,990,25.84765625,111.484375,0.0,73.578125,11.922137260437012
12,100,4,none,2,991,25.87890625,110.359375,0.0,73.91015625,11.945119857788086
12,100,4,none,2,992,25.1953125,111.60546875,0.0,73.55078125,11.888282775878906
12,100,4,none,2,993,25.32421875,111.23046875,0.0,73.75,11.90237808227539
12,100,4,none,2,994,25.7578125,111.0,0.0,73.98828125,11.829917907714844
12,100,4,none,2,995,25.7265625,111.25390625,0.0,73.890625,11.867677688598633
12,100,4,none,2,996,25.55078125,111.08984375,0.0,73.69921875,11.893035888671875
12,100,4,none,2,997,25.3359375,111.90234375,0.0,73.61328125,11.855731010437012
12,100,4,none,2,998,25.57421875,111.06640625,0.0,73.96875,11.984050750732422
12,100,4,none,2,999,25.78125,110.73828125,0.0,73.84375,11.765073776245117
12,100,4,none,2,1000,25.23046875,110.91015625,0.0,73.9921875,11.967254638671875
12,100,4,none,2,1001,24.9921875,111.11328125,0.0,73.87109375,11.98779582977295
12,100,4,none,2,1002,24.8046875,111.2734375,0.0,74.12109375,12.030569076538086
12,100,4,none,2,1003,24.8671875,111.28515625,0.0,74.46875,12.11767864227295
12,100,4,none,2,1004,24.43359375,110.9375,0.0,74.44140625,12.12356948852539
12,100,4,none,2,1005,25.375,111.359375,0.0,74.4609375,12.012794494628906
12,100,4,none,2,1006,25.125,111.796875,0.0,74.33984375,12.14599895477295
12,100,4,none,2,1007,24.90234375,111.53515625,0.0,74.14453125,12.051368713378906
12,100,4,none,2,1008,24.28125,112.16015625,0.0,74.28515625,12.155828475952148
12,100,4,none,2,1009,24.5546875,111.20703125,0.0,74.70703125,12.184344291687012
12,100,4,none,2,1010,24.16796875,111.01171875,0.0,74.4453125,12.095054626464844
12,100,4,none,2,1011,24.13671875,111.33984375,0.0,74.76953125,12.28870677947998
12,100,4,none,2,1012,24.78125,111.5078125,0.0,74.4140625,12.054754257202148
12,100,4,none,2,1013,24.73828125,111.6484375,0.0,74.30859375,12.07197380065918
12,100,4,none,2,1014,24.69921875,111.296875,0.0,74.26171875,12.120867729187012
12,100,4,none,2,1015,24.01953125,113.4453125,0.0,74.15234375,12.392157554626465
12,100,4,none,2,1016,24.52734375,110.34375,0.0,74.953125,12.187110900878906
12,100,4,none,2,1017,23.890625,111.86328125,0.0,74.640625,12.37197494506836
12,100,4,none,2,1018,23.90625,112.01171875,0.0,74.640625,12.349123001098633
12,100,4,none,2,1019,24.5078125,112.6484375,0.0,74.36328125,12.341570854187012
12,100,4,none,2,1020,24.078125,112.15625,0.0,74.51171875,12.399480819702148
12,100,4,none,2,1021,24.390625,112.03515625,0.0,74.6484375,12.253484725952148
12,100,4,none,2,1022,23.38671875,111.16796875,0.0,75.15234375,12.603777885437012
12,100,4,none,2,1023,23.38671875,110.96875,0.0,74.859375,12.436689376831055
12,100,4,none,2,1024,24.140625,111.91796875,0.0,74.75,12.398829460144043
12,100,4,none,2,1025,24.1328125,111.4140625,0.0,74.8671875,12.335548400878906
12,100,4,none,2,1026,23.21484375,111.93359375,0.0,74.57421875,12.483270645141602
12,100,4,none,2,1027,23.63671875,112.046875,0.0,74.8046875,12.437078475952148
12,100,4,none,2,1028,23.23046875,110.98046875,0.0,74.58984375,12.43457317352295
12,100,4,none,2,1029,23.75,111.8984375,0.0,74.81640625,12.422560691833496
12,100,4,none,2,1030,23.3671875,111.12890625,0.0,74.72265625,12.313901901245117
12,100,4,none,2,1031,22.45703125,112.30859375,0.0,75.10546875,12.618849754333496
12,100,4,none,2,1032,24.1171875,111.1015625,0.0,74.84765625,12.258466720581055
12,100,4,none,2,1033,24.12890625,112.29296875,0.0,74.95703125,12.443621635437012
12,100,4,none,2,1034,23.98828125,113.4375,0.0,74.4140625,12.311297416687012
12,100,4,none,2,1035,23.91015625,113.09765625,0.0,74.56640625,12.402182579040527
12,100,4,none,2,1036,23.81640625,113.078125,0.0,74.67578125,12.543523788452148
12,100,4,none,2,1037,24.64453125,113.35546875,0.0,74.43359375,12.354525566101074
12,100,4,none,2,1038,23.52734375,113.5390625,0.0,74.83984375,12.514227867126465
12,100,4,none,2,1039,23.8046875,113.171875,0.0,74.85546875,12.445053100585938
12,100,4,none,2,1040,23.1484375,114.0078125,0.0,75.046875,12.756317138671875
12,100,4,none,2,1041,23.6015625,113.28515625,0.0,74.6171875,12.519956588745117
12,100,4,none,2,1042,23.28515625,113.89453125,0.0,74.453125,12.58607006072998
12,100,4,none,2,1043,23.4921875,113.44140625,0.0,74.7265625,12.552638053894043
12,100,4,none,2,1044,23.23046875,112.828125,0.0,74.9140625,12.543197631835938
12,100,4,none,2,1045,23.3203125,112.87890625,0.0,75.015625,12.656122207641602
12,100,4,none,2,1046,22.9375,113.515625,0.0,75.21875,12.63245677947998
12,100,4,none,2,1047,23.5,112.734375,0.0,75.265625,12.645477294921875
12,100,4,none,2,1048,23.4375,113.92578125,0.0,74.8203125,12.61380386352539
12,100,4,none,2,1049,23.8359375,114.8515625,0.0,74.62890625,12.62122631072998
12,100,4,none,2,1050,22.80078125,114.52734375,0.0,74.6171875,12.70380973815918
12,100,4,none,2,1051,23.83984375,113.62109375,0.0,74.76171875,12.408302307128906
12,100,4,none,2,1052,23.40625,114.93359375,0.0,74.98828125,12.765007019042969
12,100,4,none,2,1053,23.21484375,113.328125,0.0,74.94140625,12.646583557128906
12,100,4,none,2,1054,22.94140625,113.3671875,0.0,75.0078125,12.418752670288086
12,100,4,none,2,1055,22.46484375,113.5546875,0.0,75.09375,12.657977104187012
12,100,4,none,2,1056,23.125,112.85546875,0.0,74.80859375,12.43310832977295
12,100,4,none,2,1057,23.31640625,113.1328125,0.0,74.5703125,12.352834701538086
12,100,4,none,2,1058,22.8125,113.62109375,0.0,74.9609375,12.536298751831055
12,100,4,none,2,1059,23.41015625,113.17578125,0.0,74.86328125,12.479494094848633
12,100,4,none,2,1060,23.12109375,113.1171875,0.0,74.9921875,12.519630432128906
12,100,4,none,2,1061,23.67578125,114.765625,0.0,74.84375,12.649611473083496
12,100,4,none,2,1062,22.8984375,113.984375,0.0,75.24609375,12.795576095581055
12,100,4,none,2,1063,22.99609375,115.5859375,0.0,74.92578125,12.878746032714844
12,100,4,none,2,1064,22.875,114.69140625,0.0,75.0078125,12.760581970214844
12,100,4,none,2,1065,23.109375,114.69140625,0.0,74.921875,12.727767944335938
12,100,4,none,2,1066,22.578125,114.77734375,0.0,75.265625,13.00696849822998
12,100,4,none,2,1067,22.58203125,115.54296875,0.0,75.16796875,12.981674194335938
12,100,4,none,2,1068,22.55859375,115.1796875,0.0,75.2421875,13.004264831542969
12,100,4,none,2,1069,22.89453125,115.57421875,0.0,74.92578125,12.884084701538086
12,100,4,none,2,1070,23.26171875,114.74609375,0.0,74.81640625,12.695476531982422
12,100,4,none,2,1071,23.0390625,115.80859375,0.0,74.62109375,12.846095085144043
12,100,4,none,2,1072,23.03515625,115.328125,0.0,74.84375,12.886102676391602
12,100,4,none,2,1073,23.390625,116.53515625,0.0,74.57421875,12.918426513671875
12,100,4,none,2,1074,23.03515625,115.9296875,0.0,74.6640625,12.91751480102539
12,100,4,none,2,1075,22.66015625,115.42578125,0.0,74.9609375,12.860679626464844
12,100,4,none,2,1076,22.58203125,115.33203125,0.0,74.75,12.895216941833496
12,100,4,none,2,1077,22.1640625,115.640625,0.0,75.109375,13.018915176391602
12,100,4,none,2,1078,23.05859375,116.359375,0.0,75.15625,13.018068313598633
12,100,4,none,2,1079,22.8359375,115.98828125,0.0,74.94140625,12.996681213378906
12,100,4,none,2,1080,22.63671875,114.91015625,0.0,75.44140625,12.909540176391602
12,100,4,none,2,1081,22.796875,116.84375,0.0,74.984375,12.942190170288086
12,100,4,none,2,1082,22.578125,115.8671875,0.0,75.1328125,12.84570598602295
12,100,4,none,2,1083,22.49609375,116.2421875,0.0,74.7421875,12.812273979187012
12,100,4,none,2,1084,22.0625,116.21484375,0.0,75.09375,13.088380813598633
12,100,4,none,2,1085,22.75390625,115.53125,0.0,75.3125,12.921552658081055
12,100,4,none,2,1086,21.65625,116.27734375,0.0,75.36328125,13.175066947937012
12,100,4,none,2,1087,21.8828125,117.42578125,0.0,75.3515625,13.262502670288086
12,100,4,none,2,1088,22.22265625,116.46875,0.0,75.19140625,13.185027122497559
12,100,4,none,2,1089,22.77734375,115.72265625,0.0,75.05078125,12.948179244995117
12,100,4,none,2,1090,22.375,117.1015625,0.0,75.30859375,13.152702331542969
12,100,4,none,2,1091,21.80078125,116.828125,0.0,75.50390625,13.231805801391602
12,100,4,none,2,1092,21.7265625,118.08984375,0.0,75.2109375,13.416114807128906
12,100,4,none,2,1093,21.3671875,117.03125,0.0,75.25390625,13.173243522644043
12,100,4,none,2,1094,22.453125,116.5859375,0.0,75.27734375,13.079038619995117
12,100,4,none,2,1095,22.52734375,117.43359375,0.0,75.390625,13.167872428894043
12,100,4,none,2,1096,21.62109375,115.94140625,0.0,75.546875,13.306902885437012
12,100,4,none,2,1097,21.640625,116.89453125,0.0,75.38671875,13.191701889038086
12,100,4,none,2,1098,21.54296875,117.07421875,0.0,75.47265625,13.319761276245117
12,100,4,none,2,1099,22.07421875,116.34765625,0.0,75.44921875,13.13675308227539
12,100,4,none,2,1100,20.75390625,118.3359375,0.0,75.45703125,13.409637451171875
12,100,4,none,2,1101,21.4609375,115.96875,0.0,75.74609375,13.146095275878906
12,100,4,none,2,1102,21.33203125,117.03515625,0.0,75.87109375,13.386557579040527
12,100,4,none,2,1103,21.828125,116.6015625,0.0,75.42578125,13.233790397644043
12,100,4,none,2,1104,20.83984375,117.15234375,0.0,75.55859375,13.375783920288086
12,100,4,none,2,1105,21.94921875,117.4296875,0.0,75.3515625,13.244012832641602
12,100,4,none,2,1106,21.29296875,117.734375,0.0,75.46875,13.322463035583496
12,100,4,none,2,1107,21.65625,116.4375,0.0,75.76953125,13.244956970214844
12,100,4,none,2,1108,20.9609375,118.69921875,0.0,75.37890625,13.38109016418457
12,100,4,none,2,1109,21.1484375,118.765625,0.0,75.5859375,13.448992729187012
12,100,4,none,2,1110,21.90625,116.87109375,0.0,75.6171875,13.316733360290527
12,100,4,none,2,1111,21.76171875,117.4375,0.0,75.23828125,13.332977294921875
12,100,4,none,2,1112,20.73828125,117.1875,0.0,75.59765625,13.420184135437012
12,100,4,none,2,1113,21.41796875,117.42578125,0.0,75.640625,13.269271850585938
12,100,4,none,2,1114,20.5234375,118.76953125,0.0,75.94140625,13.594988822937012
12,100,4,none,2,1115,20.84765625,117.86328125,0.0,76.16796875,13.588056564331055
12,100,4,none,2,1116,20.7734375,116.4140625,0.0,76.0546875,13.497039794921875
12,100,4,none,2,1117,20.578125,116.37109375,0.0,76.13671875,13.411687850952148
12,100,4,none,2,1118,20.66796875,117.8671875,0.0,75.71875,13.458171844482422
12,100,4,none,2,1119,20.765625,117.72265625,0.0,75.8359375,13.561201095581055
12,100,4,none,2,1120,21.28515625,118.73046875,0.0,75.74609375,13.586362838745117
12,100,4,none,2,1121,21.21484375,118.1953125,0.0,75.9140625,13.631251335144043
12,100,4,none,2,1122,21.60546875,118.56640625,0.0,75.67578125,13.499872207641602
12,100,4,none,2,1123,21.1796875,118.05859375,0.0,75.85546875,13.547560691833496
12,100,4,none,2,1124,21.01953125,118.734375,0.0,75.6328125,13.462794303894043
12,100,4,none,2,1125,21.49609375,119.59375,0.0,75.4375,13.54788589477539
12,100,4,none,2,1126,20.79296875,118.4453125,0.0,75.66796875,13.530828475952148
12,100,4,none,2,1127,21.17578125,119.3125,0.0,75.4921875,13.559606552124023
12,100,4,none,2,1128,21.5234375,117.94140625,0.0,75.640625,13.496942520141602
12,100,4,none,2,1129,21.53125,118.7734375,0.0,75.63671875,13.480697631835938
12,100,4,none,2,1130,21.19140625,119.44921875,0.0,75.6171875,13.68226146697998
12,100,4,none,2,1131,21.109375,118.6875,0.0,75.59375,13.553094863891602
12,100,4,none,2,1132,20.91015625,118.95703125,0.0,75.80859375,13.63001537322998
12,100,4,none,2,1133,21.1328125,118.66796875,0.0,75.66796875,13.50940990447998
12,100,4,none,2,1134,20.48828125,118.02734375,0.0,75.984375,13.741668701171875
12,100,4,none,2,1135,20.34765625,118.94140625,0.0,75.4921875,13.581024169921875
12,100,4,none,2,1136,20.21484375,119.3046875,0.0,76.16796875,13.785842895507812
12,100,4,none,2,1137,21.109375,117.96875,0.0,75.921875,13.593687057495117
12,100,4,none,2,1138,21.0546875,120.05859375,0.0,75.54296875,13.687013626098633
12,100,4,none,2,1139,20.3984375,119.65234375,0.0,75.83984375,13.704787254333496
12,100,4,none,2,1140,20.71484375,120.37109375,0.0,75.578125,13.77363395690918
12,100,4,none,2,1141,21.23828125,119.71875,0.0,75.69140625,13.753778457641602
12,100,4,none,2,1142,21.609375,121.06640625,0.0,75.3515625,13.724090576171875
12,100,4,none,2,1143,21.1953125,119.82421875,0.0,75.703125,13.688413619995117
12,100,4,none,2,1144,20.55078125,119.63671875,0.0,75.88671875,13.815757751464844
12,100,4,none,2,1145,20.34765625,120.4375,0.0,75.55078125,13.760516166687012
12,100,4,none,2,1146,20.93359375,120.33203125,0.0,76.0859375,13.823667526245117
12,100,4,none,2,1147,19.9921875,119.45703125,0.0,75.9609375,13.77298355102539
12,100,4,none,2,1148,20.53515625,118.90625,0.0,76.0234375,13.744955062866211
12,100,4,none,2,1149,20.2734375,120.7421875,0.0,76.0703125,14.02112865447998
12,100,4,none,2,1150,20.19140625,121.9765625,0.0,75.78515625,14.01868724822998
12,100,4,none,2,1151,20.046875,119.95703125,0.0,76.28515625,13.985125541687012
12,100,4,none,2,1152,20.5234375,120.44140625,0.0,76.23828125,13.83743667602539
12,100,4,none,2,1153,20.2890625,120.1640625,0.0,75.93359375,13.81751537322998
12,100,4,none,2,1154,20.58984375,121.890625,0.0,75.8203125,14.038087844848633
12,100,4,none,2,1155,20.89453125,119.16796875,0.0,76.2734375,13.831220626831055
12,100,4,none,2,1156,20.60546875,119.8359375,0.0,75.796875,13.865073204040527
12,100,4,none,2,1157,20.3359375,120.93359375,0.0,76.15625,13.963933944702148
12,100,4,none,2,1158,19.58203125,119.06640625,0.0,76.26171875,13.920737266540527
12,100,4,none,2,1159,20.203125,120.24609375,0.0,76.37890625,14.04687786102295
12,100,4,none,2,1160,19.8515625,119.609375,0.0,76.39453125,13.89261245727539
12,100,4,none,2,1161,20.07421875,121.203125,0.0,76.39453125,14.049383163452148
12,100,4,none,2,1162,19.9375,120.234375,0.0,76.29296875,14.057619094848633
12,100,4,none,2,1163,20.3671875,121.51171875,0.0,76.21875,13.960906028747559
12,100,4,none,2,1164,19.98828125,120.36328125,0.0,76.4609375,14.041701316833496
12,100,4,none,2,1165,19.8984375,120.640625,0.0,76.08203125,13.917352676391602
12,100,4,none,2,1166,19.97265625,120.56640625,0.0,76.68359375,14.088282585144043
12,100,4,none,2,1167,20.30078125,120.80078125,0.0,76.00390625,14.072527885437012
12,100,4,none,2,1168,20.43359375,120.1875,0.0,75.85546875,13.783302307128906
12,100,4,none,2,1169,20.67578125,121.12890625,0.0,75.72265625,13.877345085144043
12,100,4,none,2,1170,20.32421875,121.2890625,0.0,76.24609375,14.050392150878906
12,100,4,none,2,1171,20.3515625,119.86328125,0.0,76.21875,13.879331588745117
12,100,4,none,2,1172,19.921875,121.53515625,0.0,75.546875,14.022299766540527
12,100,4,none,2,1173,19.890625,121.484375,0.0,76.1875,13.974513053894043
12,100,4,none,2,1174,20.125,121.6875,0.0,76.21484375,14.08740520477295
12,100,4,none,2,1175,20.171875,122.40234375,0.0,76.00390625,14.212566375732422
12,100,4,none,2,1176,20.2421875,122.50390625,0.0,75.8046875,14.022789001464844
12,100,4,none,2,1177,20.4765625,121.984375,0.0,75.8984375,14.107325553894043
12,100,4,none,2,1178,19.98046875,123.15234375,0.0,76.07421875,14.196161270141602
12,100,4,none,2,1179,19.70703125,123.10546875,0.0,76.04296875,14.310483932495117
12,100,4,none,2,1180,20.078125,123.0546875,0.0,76.390625,14.234148979187012
12,100,4,none,2,1181,20.85546875,122.44921875,0.0,75.79296875,14.001825332641602
12,100,4,none,2,1182,19.515625,122.65234375,0.0,76.421875,14.369239807128906
12,100,4,none,2,1183,19.74609375,122.0546875,0.0,76.12109375,14.069727897644043
12,100,4,none,2,1184,19.4609375,122.72265625,0.0,76.16015625,14.271062850952148
12,100,4,none,2,1185,19.5859375,123.03125,0.0,76.15625,14.264193534851074
12,100,4,none,2,1186,20.078125,123.40234375,0.0,76.1640625,14.06067943572998
12,100,4,none,2,1187,19.25390625,123.3046875,0.0,76.21484375,14.301531791687012
12,100,4,none,2,1188,19.74609375,122.5078125,0.0,76.359375,14.200750350952148
12,100,4,none,2,1189,19.828125,123.140625,0.0,76.09765625,14.166472434997559
12,100,4,none,2,1190,19.375,121.765625,0.0,76.40625,14.19043254852295
12,100,4,none,2,1191,19.55078125,121.5703125,0.0,76.54296875,14.243914604187012
12,100,4,none,2,1192,19.35546875,122.4140625,0.0,76.4296875,14.222495079040527
12,100,4,none,2,1193,18.80078125,123.9453125,0.0,76.0703125,14.445476531982422
12,100,4,none,2,1194,19.08984375,122.41015625,0.0,76.34375,14.207197189331055
12,100,4,none,2,1195,19.23828125,121.078125,0.0,76.44140625,14.032163619995117
12,100,4,none,2,1196,19.1640625,122.84375,0.0,76.5703125,14.373601913452148
12,100,4,none,2,1197,18.6875,121.24609375,0.0,76.26953125,14.114324569702148
12,100,4,none,2,1198,19.8359375,122.421875,0.0,76.08984375,14.068816184997559
12,100,4,none,2,1199,18.765625,122.1015625,0.0,76.74609375,14.330438613891602
12,100,4,none,2,1200,18.77734375,123.45703125,0.0,76.515625,14.352867126464844
12,100,4,none,2,1201,18.4296875,123.58984375,0.0,76.97265625,14.642775535583496
12,100,4,none,2,1202,18.39453125,124.203125,0.0,76.75,14.590659141540527
12,100,4,none,2,1203,18.921875,125.3671875,0.0,76.39453125,14.602897644042969
12,100,4,none,2,1204,18.59375,124.65234375,0.0,76.5234375,14.544955253601074
12,100,4,none,2,1205,19.44140625,123.828125,0.0,76.171875,14.355502128601074
12,100,4,none,2,1206,18.98828125,123.83203125,0.0,76.3828125,14.403419494628906
12,100,4,none,2,1207,19.38671875,124.1484375,0.0,76.53125,14.404851913452148
12,100,4,none,2,1208,18.8984375,123.3828125,0.0,76.4609375,14.427312850952148
12,100,4,none,2,1209,19.203125,126.03515625,0.0,76.0859375,14.555633544921875
12,100,4,none,2,1210,18.95703125,123.63671875,0.0,76.43359375,14.42786693572998
12,100,4,none,2,1211,19.26171875,123.734375,0.0,76.453125,14.451108932495117
12,100,4,none,2,1212,19.81640625,125.046875,0.0,76.171875,14.526728630065918
12,100,4,none,2,1213,19.31640625,124.390625,0.0,76.41015625,14.525751113891602
12,100,4,none,2,1214,19.31640625,123.96484375,0.0,76.87890625,14.630828857421875
12,100,4,none,2,1215,18.953125,126.015625,0.0,76.80859375,14.71146011352539
12,100,4,none,2,1216,19.34765625,122.953125,0.0,76.54296875,14.350001335144043
12,100,4,none,2,1217,19.04296875,125.09375,0.0,76.67578125,14.58838176727295
12,100,4,none,2,1218,19.4375,125.4765625,0.0,76.61328125,14.533855438232422
12,100,4,none,2,1219,18.32421875,124.8984375,0.0,77.125,14.671485900878906
12,100,4,none,2,1220,18.94140625,124.28515625,0.0,76.43359375,14.499285697937012
12,100,4,none,2,1221,18.95703125,124.0859375,0.0,76.75,14.38965129852295
12,100,4,none,2,1222,19.0703125,124.64453125,0.0,76.6640625,14.508367538452148
12,100,4,none,2,1223,19.13671875,125.49609375,0.0,76.69140625,14.64114761352539
12,100,4,none,2,1224,19.390625,125.359375,0.0,76.4765625,14.547300338745117
12,100,4,none,2,1225,19.03515625,125.1171875,0.0,76.7265625,14.652541160583496
12,100,4,none,2,1226,18.4375,125.9453125,0.0,76.82421875,14.887045860290527
12,100,4,none,2,1227,19.01171875,127.2890625,0.0,76.45703125,14.74085521697998
12,100,4,none,2,1228,19.359375,126.64453125,0.0,76.35546875,14.725848197937012
12,100,4,none,2,1229,18.53515625,126.6640625,0.0,76.9140625,14.833303451538086
12,100,4,none,2,1230,18.84375,125.57421875,0.0,76.61328125,14.835711479187012
12,100,4,none,2,1231,18.56640625,127.04296875,0.0,76.828125,14.93030834197998
12,100,4,none,2,1232,19.01171875,126.02734375,0.0,76.69140625,14.60537338256836
12,100,4,none,2,1233,18.66796875,125.39453125,0.0,76.5859375,14.695802688598633
12,100,4,none,2,1234,19.35546875,124.76171875,0.0,76.18359375,14.308466911315918
12,100,4,none,2,1235,18.79296875,126.44140625,0.0,76.60546875,14.743490219116211
12,100,4,none,2,1236,19.14453125,126.0,0.0,76.57421875,14.60452651977539
12,100,4,none,2,1237,18.46484375,125.76953125,0.0,76.78515625,14.764617919921875
12,100,4,none,2,1238,18.359375,126.51171875,0.0,76.90625,14.851336479187012
12,100,4,none,2,1239,18.52734375,126.29296875,0.0,76.81640625,14.774513244628906
12,100,4,none,2,1240,18.3671875,125.93359375,0.0,76.4296875,14.724775314331055
12,100,4,none,2,1241,18.98828125,124.7265625,0.0,76.6015625,14.485419273376465
12,100,4,none,2,1242,18.3828125,126.578125,0.0,76.7265625,14.69873332977295
12,100,4,none,2,1243,18.77734375,124.8359375,0.0,76.8203125,14.650751113891602
12,100,4,none,2,1244,19.04296875,125.16015625,0.0,76.56640625,14.593653678894043
12,100,4,none,2,1245,18.58203125,127.9765625,0.0,76.89453125,15.045477867126465
12,100,4,none,2,1246,18.75390625,126.17578125,0.0,76.921875,14.727867126464844
12,100,4,none,2,1247,18.94921875,126.12890625,0.0,76.82421875,14.746681213378906
12,100,4,none,2,1248,18.6484375,128.4453125,0.0,76.94921875,14.948244094848633
12,100,4,none,2,1249,17.99609375,128.109375,0.0,76.90234375,14.978517532348633
12,100,4,none,2,1250,18.16015625,125.5859375,0.0,76.95703125,14.81445598602295
12,100,4,none,2,1251,18.8515625,126.44140625,0.0,77.04296875,14.749122619628906
12,100,4,none,2,1252,18.2265625,125.91796875,0.0,76.87109375,14.74023723602295
12,100,4,none,2,1253,17.796875,126.6875,0.0,77.05078125,14.966147422790527
12,100,4,none,2,1254,17.28125,126.5859375,0.0,77.16015625,15.053712844848633
12,100,4,none,2,1255,17.77734375,127.296875,0.0,77.11328125,15.03050422668457
12,100,4,none,2,1256,18.00390625,126.41015625,0.0,77.11328125,14.914649963378906
12,100,4,none,2,1257,18.0078125,127.1171875,0.0,76.78515625,15.004493713378906
12,100,4,none,2,1258,18.203125,125.35546875,0.0,76.9375,14.77220344543457
12,100,4,none,2,1259,18.0546875,127.59375,0.0,77.40625,15.18069839477539
12,100,4,none,2,1260,18.109375,126.25390625,0.0,77.05078125,14.916570663452148
12,100,4,none,2,1261,18.07421875,127.79296875,0.0,76.984375,15.059930801391602
12,100,4,none,2,1262,18.2421875,127.35546875,0.0,77.25,15.054069519042969
12,100,4,none,2,1263,17.6640625,126.7265625,0.0,77.03125,15.028322219848633
12,100,4,none,2,1264,18.0390625,127.76171875,0.0,77.19140625,15.074381828308105
12,100,4,none,2,1265,18.1328125,127.94921875,0.0,76.82421875,14.905210494995117
12,100,4,none,2,1266,17.671875,128.01171875,0.0,77.34375,15.113608360290527
12,100,4,none,2,1267,18.06640625,127.578125,0.0,77.09765625,15.081316947937012
12,100,4,none,2,1268,17.6328125,128.27734375,0.0,77.1171875,15.176531791687012
12,100,4,none,2,1269,17.10546875,127.82421875,0.0,76.859375,15.088607788085938
12,100,4,none,2,1270,17.68359375,127.74609375,0.0,77.12109375,15.093069076538086
12,100,4,none,2,1271,17.3515625,128.12109375,0.0,77.1796875,15.192255020141602
12,100,4,none,2,1272,17.6328125,128.94140625,0.0,77.2265625,15.27259349822998
12,100,4,none,2,1273,17.56640625,127.25390625,0.0,77.21484375,15.094077110290527
12,100,4,none,2,1274,18.07421875,129.74609375,0.0,77.32421875,15.244989395141602
12,100,4,none,2,1275,17.78515625,127.8984375,0.0,77.17578125,15.166570663452148
12,100,4,none,2,1276,17.49609375,128.109375,0.0,77.5078125,15.234344482421875
12,100,4,none,2,1277,17.0546875,126.63671875,0.0,77.84765625,15.240333557128906
12,100,4,none,2,1278,17.75,129.046875,0.0,77.18359375,15.382194519042969
12,100,4,none,2,1279,17.86328125,129.3828125,0.0,77.375,15.208173751831055
12,100,4,none,2,1280,18.07421875,127.875,0.0,77.45703125,15.255339622497559
12,100,4,none,2,1281,17.3828125,129.2734375,0.0,77.19921875,15.373080253601074
12,100,4,none,2,1282,17.91796875,130.0390625,0.0,77.12109375,15.30439567565918
12,100,4,none,2,1283,18.4453125,129.1015625,0.0,77.13671875,15.089129447937012
12,100,4,none,2,1284,17.66796875,128.6328125,0.0,77.35546875,15.201044082641602
12,100,4,none,2,1285,18.16015625,128.796875,0.0,77.10546875,15.213674545288086
12,100,4,none,2,1286,17.61328125,130.08984375,0.0,77.05859375,15.343751907348633
12,100,4,none,2,1287,17.70703125,129.46484375,0.0,77.48828125,15.438055038452148
12,100,4,none,2,1288,17.796875,130.5703125,0.0,77.13671875,15.452215194702148
12,100,4,none,2,1289,17.94140625,128.5390625,0.0,77.1015625,15.178583145141602
12,100,4,none,2,1290,17.796875,129.87890625,0.0,77.015625,15.241147994995117
12,100,4,none,2,1291,17.8046875,129.921875,0.0,77.34375,15.30530834197998
12,100,4,none,2,1292,17.875,130.68359375,0.0,76.41015625,15.210322380065918
12,100,4,none,2,1293,18.11328125,128.12109375,0.0,76.70703125,15.102736473083496
12,100,4,none,2,1294,18.44921875,129.30078125,0.0,76.8828125,15.128127098083496
12,100,4,none,2,1295,18.4140625,130.28515625,0.0,76.98046875,15.240267753601074
12,100,4,none,2,1296,18.2734375,130.765625,0.0,76.65234375,15.239455223083496
12,100,4,none,2,1297,18.79296875,131.67578125,0.0,76.8515625,15.29896068572998
12,100,4,none,2,1298,18.83203125,130.4375,0.0,76.9765625,15.200587272644043
12,100,4,none,2,1299,18.58984375,130.8359375,0.0,76.92578125,15.272624969482422
12,100,4,none,2,1300,16.98828125,131.6171875,0.0,77.27734375,15.532423973083496
12,100,4,none,2,1301,17.50390625,128.359375,0.0,77.11328125,15.204526901245117
12,100,4,none,2,1302,17.55859375,132.15625,0.0,77.421875,15.633726119995117
12,100,4,none,2,1303,17.7578125,132.06640625,0.0,77.28125,15.548667907714844
12,100,4,none,2,1304,17.44921875,129.99609375,0.0,77.27734375,15.412142753601074
12,100,4,none,2,1305,17.74609375,131.16796875,0.0,77.1640625,15.510614395141602
12,100,4,none,2,1306,17.76953125,131.87890625,0.0,76.9453125,15.459148406982422
12,100,4,none,2,1307,16.6953125,132.45703125,0.0,77.45703125,15.674415588378906
12,100,4,none,2,1308,17.11328125,131.453125,0.0,77.33203125,15.59521770477295
12,100,4,none,2,1309,17.48046875,132.66796875,0.0,77.25,15.723211288452148
12,100,4,none,2,1310,17.89453125,132.8203125,0.0,77.22265625,15.680830001831055
12,100,4,none,2,1311,17.01953125,133.015625,0.0,77.2734375,15.857260704040527
12,100,4,none,2,1312,17.36328125,132.8515625,0.0,76.921875,15.565203666687012
12,100,4,none,2,1313,17.6328125,133.69921875,0.0,76.83984375,15.578224182128906
12,100,4,none,2,1314,17.6953125,133.40625,0.0,77.19921875,15.687307357788086
12,100,4,none,2,1315,17.61328125,133.47265625,0.0,77.26953125,15.725652694702148
12,100,4,none,2,1316,17.1328125,132.16796875,0.0,76.91015625,15.569663047790527
12,100,4,none,2,1317,18.046875,132.07421875,0.0,76.87890625,15.446584701538086
12,100,4,none,2,1318,17.20703125,133.70703125,0.0,76.953125,15.74941635131836
12,100,4,none,2,1319,17.1328125,131.97265625,0.0,77.1953125,15.622625350952148
12,100,4,none,2,1320,16.75,132.25,0.0,77.3515625,15.691572189331055
12,100,4,none,2,1321,17.36328125,130.9609375,0.0,77.328125,15.504721641540527
12,100,4,none,2,1322,16.90625,132.9921875,0.0,77.33203125,15.795574188232422
12,100,4,none,2,1323,17.0234375,131.96484375,0.0,77.48828125,15.717384338378906
12,100,4,none,2,1324,16.5390625,131.20703125,0.0,77.5,15.674123764038086
12,100,4,none,2,1325,16.65625,132.89453125,0.0,77.48046875,15.84720230102539
12,100,4,none,2,1326,16.4765625,131.63671875,0.0,77.45703125,15.762794494628906
12,100,4,none,2,1327,16.07421875,131.6640625,0.0,77.54296875,15.68919563293457
12,100,4,none,2,1328,16.89453125,133.6171875,0.0,77.1484375,15.677574157714844
12,100,4,none,2,1329,15.734375,131.94140625,0.0,77.66796875,15.846193313598633
12,100,4,none,2,1330,16.41015625,132.93359375,0.0,77.57421875,15.831838607788086
12,100,4,none,2,1331,16.4921875,133.20703125,0.0,77.63671875,15.845053672790527
12,100,4,none,2,1332,16.9375,132.5078125,0.0,77.42578125,15.755828857421875
12,100,4,none,2,1333,16.6171875,133.3515625,0.0,77.75390625,15.89277458190918
12,100,4,none,2,1334,16.48046875,132.74609375,0.0,77.48046875,15.868980407714844
12,100,4,none,2,1335,16.609375,133.8046875,0.0,77.53125,15.945737838745117
12,100,4,none,2,1336,16.96484375,132.8828125,0.0,77.4609375,15.817190170288086
12,100,4,none,2,1337,16.58203125,134.34765625,0.0,77.5703125,15.889845848083496
12,100,4,none,2,1338,16.57421875,134.265625,0.0,77.421875,15.930633544921875
12,100,4,none,2,1339,16.62109375,132.26953125,0.0,77.68359375,15.754266738891602
12,100,4,none,2,1340,16.33203125,132.703125,0.0,77.22265625,15.793784141540527
12,100,4,none,2,1341,15.89453125,135.84375,0.0,77.52734375,16.186168670654297
12,100,4,none,2,1342,16.265625,135.81640625,0.0,77.05078125,15.944467544555664
12,100,4,none,2,1343,16.37109375,134.71875,0.0,77.74609375,16.042158126831055
12,100,4,none,2,1344,16.4765625,135.3203125,0.0,77.30859375,16.043262481689453
12,100,4,none,2,1345,16.91796875,135.5078125,0.0,76.93359375,15.872103691101074
12,100,4,none,2,1346,16.34375,135.01953125,0.0,77.640625,16.205209732055664
12,100,4,none,2,1347,16.1015625,135.41796875,0.0,77.578125,16.218978881835938
12,100,4,none,2,1348,16.80078125,135.85546875,0.0,77.234375,16.041667938232422
12,100,4,none,2,1349,16.47265625,135.359375,0.0,77.234375,16.07754135131836
12,100,4,none,2,1350,16.3671875,134.625,0.0,77.5,16.11836051940918
12,100,4,none,2,1351,17.02734375,136.48046875,0.0,77.49609375,16.147235870361328
12,100,4,none,2,1352,15.55859375,136.109375,0.0,77.17578125,16.327281951904297
12,100,4,none,2,1353,16.08984375,136.546875,0.0,77.2265625,16.12409019470215
12,100,4,none,2,1354,16.359375,134.31640625,0.0,77.30859375,15.981611251831055
12,100,4,none,2,1355,15.87109375,135.24609375,0.0,77.57421875,16.179397583007812
12,100,4,none,2,1356,15.75,135.49609375,0.0,77.546875,16.180503845214844
12,100,4,none,2,1357,16.5625,136.99609375,0.0,77.13671875,16.137861251831055
12,100,4,none,2,1358,16.671875,136.3671875,0.0,77.77734375,16.31728744506836
12,100,4,none,2,1359,16.33984375,136.95703125,0.0,77.23046875,16.261037826538086
12,100,4,none,2,1360,17.05859375,135.453125,0.0,77.234375,15.991147994995117
12,100,4,none,2,1361,16.39453125,135.84765625,0.0,77.88671875,16.241342544555664
12,100,4,none,2,1362,16.4609375,135.484375,0.0,77.640625,16.1556339263916
12,100,4,none,2,1363,15.88671875,134.80859375,0.0,77.51953125,16.054983139038086
12,100,4,none,2,1364,15.4375,135.90625,0.0,77.78125,16.244892120361328
12,100,4,none,2,1365,16.3125,132.77734375,0.0,77.828125,15.811981201171875
12,100,4,none,2,1366,15.62890625,137.49609375,0.0,77.75,16.32412338256836
12,100,4,none,2,1367,16.19140625,135.57421875,0.0,77.2734375,15.934603691101074
12,100,4,none,2,1368,15.42578125,135.34375,0.0,78.21875,16.271747589111328
12,100,4,none,2,1369,15.6640625,136.9140625,0.0,78.33203125,16.49127960205078
12,100,4,none,2,1370,15.76953125,135.66796875,0.0,77.89453125,16.249774932861328
12,100,4,none,2,1371,15.7890625,136.10546875,0.0,78.11328125,16.464130401611328
12,100,4,none,2,1372,15.44140625,137.55859375,0.0,77.8359375,16.44831085205078
12,100,4,none,2,1373,15.44921875,135.1484375,0.0,77.9296875,16.264423370361328
12,100,4,none,2,1374,15.796875,137.078125,0.0,77.6953125,16.41946792602539
12,100,4,none,2,1375,16.4453125,137.08984375,0.0,77.52734375,16.225555419921875
12,100,4,none,2,1376,15.8828125,137.91015625,0.0,77.94140625,16.388023376464844
12,100,4,none,2,1377,15.94140625,137.10546875,0.0,77.6953125,16.35553550720215
12,100,4,none,2,1378,15.94921875,136.94140625,0.0,77.55078125,16.35114097595215
12,100,4,none,2,1379,16.55859375,136.47265625,0.0,77.71875,16.22220230102539
12,100,4,none,2,1380,16.30859375,135.98828125,0.0,78.18359375,16.295347213745117
12,100,4,none,2,1381,16.1875,138.6796875,0.0,77.703125,16.511070251464844
12,100,4,none,2,1382,16.2578125,137.2890625,0.0,77.63671875,16.31549644470215
12,100,4,none,2,1383,15.86328125,137.4375,0.0,77.9140625,16.443492889404297
12,100,4,none,2,1384,15.98828125,138.53515625,0.0,77.6875,16.59235191345215
12,100,4,none,2,1385,16.30078125,138.2890625,0.0,77.97265625,16.473602294921875
12,100,4,none,2,1386,15.59375,135.91796875,0.0,78.109375,16.38141632080078
12,100,4,none,2,1387,15.265625,138.3828125,0.0,77.921875,16.5472354888916
12,100,4,none,2,1388,15.68359375,138.2734375,0.0,77.546875,16.426727294921875
12,100,4,none,2,1389,15.57421875,135.96875,0.0,77.96875,16.28278160095215
12,100,4,none,2,1390,15.70703125,137.28125,0.0,77.8046875,16.407390594482422
12,100,4,none,2,1391,15.9453125,137.140625,0.0,77.75,16.29267692565918
12,100,4,none,2,1392,15.41796875,135.3203125,0.0,78.3359375,16.437110900878906
12,100,4,none,2,1393,15.6484375,138.65234375,0.0,78.21484375,16.63125228881836
12,100,4,none,2,1394,15.64453125,137.203125,0.0,78.234375,16.474220275878906
12,100,4,none,2,1395,15.06640625,138.609375,0.0,77.921875,16.550230026245117
12,100,4,none,2,1396,15.78515625,137.97265625,0.0,77.89453125,16.35683822631836
12,100,4,none,2,1397,16.0,137.546875,0.0,77.83203125,16.357229232788086
12,100,4,none,2,1398,15.23828125,136.8984375,0.0,78.3515625,16.500001907348633
12,100,4,none,2,1399,15.42578125,137.41796875,0.0,77.9609375,16.46963119506836
12,100,4,none,2,1400,15.65234375,139.125,0.0,77.88671875,16.570249557495117
12,100,4,none,2,1401,15.078125,137.4140625,0.0,78.11328125,16.512144088745117
12,100,4,none,2,1402,15.5546875,138.3046875,0.0,78.23828125,16.62864875793457
12,100,4,none,2,1403,15.87109375,140.76171875,0.0,77.90625,16.713315963745117
12,100,4,none,2,1404,14.83984375,139.1875,0.0,77.90625,16.737014770507812
12,100,4,none,2,1405,15.60546875,137.8359375,0.0,77.74609375,16.465431213378906
12,100,4,none,2,1406,15.2890625,140.2890625,0.0,77.84375,16.795185089111328
12,100,4,none,2,1407,15.47265625,137.890625,0.0,77.7421875,16.462827682495117
12,100,4,none,2,1408,15.92578125,137.828125,0.0,78.07421875,16.407001495361328
12,100,4,none,2,1409,15.72265625,138.4140625,0.0,78.1171875,16.54303550720215
12,100,4,none,2,1410,14.81640625,138.51953125,0.0,78.0546875,16.603973388671875
12,100,4,none,2,1411,15.02734375,138.11328125,0.0,78.0703125,16.519630432128906
12,100,4,none,2,1412,15.359375,137.7578125,0.0,78.30859375,16.527118682861328
12,100,4,none,2,1413,15.12109375,137.33984375,0.0,78.171875,16.41299057006836
12,100,4,none,2,1414,15.640625,138.18359375,0.0,78.34765625,16.58844757080078
12,100,4,none,2,1415,15.484375,138.0625,0.0,78.0859375,16.50833511352539
12,100,4,none,2,1416,15.69140625,139.45703125,0.0,77.9453125,16.60162925720215
12,100,4,none,2,1417,15.6328125,137.8828125,0.0,78.10546875,16.544370651245117
12,100,4,none,2,1418,16.0390625,140.5625,0.0,77.671875,16.6419620513916
12,100,4,none,2,1419,15.82421875,140.15234375,0.0,77.61328125,16.56647300720215
12,100,4,none,2,1420,14.89453125,140.36328125,0.0,78.328125,16.89492416381836
12,100,4,none,2,1421,15.51171875,141.7265625,0.0,77.84765625,16.72076988220215
12,100,4,none,2,1422,15.51953125,138.48046875,0.0,77.984375,16.608205795288086
12,100,4,none,2,1423,14.98046875,141.6015625,0.0,77.89453125,16.91995620727539
12,100,4,none,2,1424,15.09765625,140.546875,0.0,78.37109375,16.882164001464844
12,100,4,none,2,1425,15.14453125,141.76171875,0.0,77.9921875,17.061655044555664
12,100,4,none,2,1426,15.34765625,140.9296875,0.0,78.20703125,16.96894645690918
12,100,4,none,2,1427,15.796875,141.171875,0.0,78.0390625,16.810062408447266
12,100,4,none,2,1428,15.35546875,139.6953125,0.0,78.50390625,16.800556182861328
12,100,4,none,2,1429,15.10546875,140.76171875,0.0,78.40625,17.112892150878906
12,100,4,none,2,1430,14.80078125,140.6640625,0.0,78.109375,16.960939407348633
12,100,4,none,2,1431,15.12109375,139.17578125,0.0,78.1953125,16.720151901245117
12,100,4,none,2,1432,15.21875,141.02734375,0.0,78.09375,17.003910064697266
12,100,4,none,2,1433,14.51171875,139.90234375,0.0,78.16015625,16.876628875732422
12,100,4,none,2,1434,14.9140625,140.640625,0.0,78.703125,17.034801483154297
12,100,4,none,2,1435,14.5,141.8359375,0.0,78.39453125,17.178159713745117
12,100,4,none,2,1436,14.74609375,138.78125,0.0,78.51953125,16.868881225585938
12,100,4,none,2,1437,13.95703125,140.98046875,0.0,78.3828125,17.169273376464844
12,100,4,none,2,1438,14.4921875,140.7734375,0.0,78.5703125,17.041149139404297
12,100,4,none,2,1439,14.8125,142.6640625,0.0,78.46875,17.1199893951416
12,100,4,none,2,1440,15.0703125,142.6328125,0.0,78.26171875,17.034963607788086
12,100,4,none,2,1441,14.73828125,140.30078125,0.0,78.453125,16.994403839111328
12,100,4,none,2,1442,14.8984375,140.03515625,0.0,78.52734375,16.859344482421875
12,100,4,none,2,1443,14.171875,141.75390625,0.0,78.63671875,17.15176010131836
12,100,4,none,2,1444,14.83203125,140.95703125,0.0,78.0078125,16.87015151977539
12,100,4,none,2,1445,15.1953125,141.453125,0.0,78.17578125,16.903322219848633
12,100,4,none,2,1446,14.515625,142.32421875,0.0,78.25,17.0233097076416
12,100,4,none,2,1447,14.4375,140.1484375,0.0,78.48828125,16.948896408081055
12,100,4,none,2,1448,14.984375,140.234375,0.0,78.15234375,16.76826286315918
12,100,4,none,2,1449,15.140625,141.0546875,0.0,78.1171875,16.91051483154297
12,100,4,none,2,1450,14.3984375,141.4921875,0.0,78.65234375,17.14456558227539
12,100,4,none,2,1451,14.68359375,143.1875,0.0,78.1953125,17.159343719482422
12,100,4,none,2,1452,14.1875,142.29296875,0.0,78.265625,17.225326538085938
12,100,4,none,2,1453,14.87890625,142.84375,0.0,77.96484375,17.149154663085938
12,100,4,none,2,1454,15.01171875,143.46484375,0.0,78.08984375,17.141246795654297
12,100,4,none,2,1455,14.44140625,144.4609375,0.0,78.4921875,17.43838119506836
12,100,4,none,2,1456,14.87109375,143.1796875,0.0,78.15625,17.131511688232422
12,100,4,none,2,1457,14.85546875,143.9375,0.0,78.44921875,17.352344512939453
12,100,4,none,2,1458,15.375,144.46484375,0.0,77.94921875,17.193525314331055
12,100,4,none,2,1459,14.59765625,141.65625,0.0,78.4375,17.07314682006836
12,100,4,none,2,1460,14.23046875,142.4375,0.0,78.5,17.37832260131836
12,100,4,none,2,1461,15.06640625,142.76953125,0.0,78.11328125,17.112730026245117
12,100,4,none,2,1462,15.04296875,145.16015625,0.0,78.1875,17.345510482788086
12,100,4,none,2,1463,14.453125,145.91796875,0.0,77.9765625,17.41006088256836
12,100,4,none,2,1464,14.40625,145.12109375,0.0,78.109375,17.328582763671875
12,100,4,none,2,1465,14.61328125,142.40625,0.0,78.015625,17.067028045654297
12,100,4,none,2,1466,14.6796875,143.66015625,0.0,78.37890625,17.26175308227539
12,100,4,none,2,1467,14.33203125,142.81640625,0.0,78.421875,17.265464782714844
12,100,4,none,2,1468,14.62109375,144.30859375,0.0,77.91796875,17.370216369628906
12,100,4,none,2,1469,14.8203125,144.953125,0.0,78.3046875,17.503746032714844
12,100,4,none,2,1470,14.65625,144.4140625,0.0,78.203125,17.436492919921875
12,100,4,none,2,1471,14.38671875,143.72265625,0.0,78.83984375,17.46471405029297
12,100,4,none,2,1472,14.359375,143.31640625,0.0,78.28125,17.223146438598633
12,100,4,none,2,1473,14.4609375,143.5078125,0.0,78.34375,17.254072189331055
12,100,4,none,2,1474,13.62109375,143.18359375,0.0,78.49609375,17.30211639404297
12,100,4,none,2,1475,14.1640625,145.296875,0.0,78.484375,17.523765563964844
12,100,4,none,2,1476,14.4765625,142.73828125,0.0,78.37109375,17.273927688598633
12,100,4,none,2,1477,14.3046875,143.2421875,0.0,78.52734375,17.343101501464844
12,100,4,none,2,1478,14.03515625,144.19921875,0.0,78.2578125,17.271942138671875
12,100,4,none,2,1479,14.11328125,144.73828125,0.0,78.796875,17.53001594543457
12,100,4,none,2,1480,14.27734375,142.9765625,0.0,78.46875,17.33860969543457
12,100,4,none,2,1481,14.60546875,144.32421875,0.0,78.84765625,17.417255401611328
12,100,4,none,2,1482,14.0390625,144.23828125,0.0,78.3828125,17.311004638671875
12,100,4,none,2,1483,13.97265625,145.40625,0.0,78.390625,17.380861282348633
12,100,4,none,2,1484,13.96484375,145.55078125,0.0,78.80078125,17.56338119506836
12,100,4,none,2,1485,13.89453125,144.140625,0.0,78.90234375,17.41494369506836
12,100,4,none,2,1486,13.7421875,143.50390625,0.0,78.921875,17.437795639038086
12,100,4,none,2,1487,14.59765625,145.58203125,0.0,78.5703125,17.48639488220215
12,100,4,none,2,1488,14.03125,143.65234375,0.0,78.71875,17.30996322631836
12,100,4,none,2,1489,14.37109375,145.515625,0.0,78.6953125,17.414749145507812
12,100,4,none,2,1490,14.0546875,143.953125,0.0,78.74609375,17.357097625732422
12,100,4,none,2,1491,13.91796875,144.2578125,0.0,78.48046875,17.421356201171875
12,100,4,none,2,1492,13.93359375,145.26171875,0.0,78.41796875,17.371389389038086
12,100,4,none,2,1493,14.08203125,142.83203125,0.0,78.6328125,17.277833938598633
12,100,4,none,2,1494,14.16796875,145.88671875,0.0,78.86328125,17.66103744506836
12,100,4,none,2,1495,14.125,146.6640625,0.0,78.484375,17.551239013671875
12,100,4,none,2,1496,14.22265625,145.98828125,0.0,78.65234375,17.650619506835938
12,100,4,none,2,1497,13.546875,146.0234375,0.0,78.96875,17.757619857788086
12,100,4,none,2,1498,13.765625,145.765625,0.0,78.74609375,17.63919448852539
12,100,4,none,2,1499,13.859375,144.703125,0.0,78.60546875,17.532848358154297
12,100,4,none,3,0,60.53515625,60.10546875,0.0,39.609375,-0.23990797996520996
12,100,4,none,3,1,61.1640625,60.58984375,0.0,40.1875,-0.23932203650474548
12,100,4,none,3,2,62.72265625,62.40234375,0.0,41.07421875,-0.45803937315940857
12,100,4,none,3,3,61.88671875,62.53125,0.0,42.47265625,0.10442813485860825
12,100,4,none,3,4,63.41015625,63.30078125,0.0,42.98828125,-0.12818925082683563
12,100,4,none,3,5,65.02734375,63.76171875,0.0,43.984375,-0.3060862421989441
12,100,4,none,3,6,65.00390625,64.79296875,0.0,44.484375,-0.2937164306640625
12,100,4,none,3,7,65.0234375,65.26171875,0.0,45.60546875,-0.11275943368673325
12,100,4,none,3,8,65.71875,65.87890625,0.0,46.59765625,-0.263377845287323
12,100,4,none,3,9,66.84765625,66.765625,0.0,46.5234375,-0.20572814345359802
12,100,4,none,3,10,67.47265625,66.671875,0.0,47.48828125,-0.40930885076522827
12,100,4,none,3,11,67.296875,67.83203125,0.0,47.8359375,-0.45842987298965454
12,100,4,none,3,12,67.81640625,69.15234375,0.0,48.359375,-0.34557175636291504
12,100,4,none,3,13,67.70703125,69.2890625,0.0,49.57421875,-0.4568023085594177
12,100,4,none,3,14,68.27734375,69.875,0.0,49.4453125,-0.5452136993408203
12,100,4,none,3,15,68.3671875,69.77734375,0.0,50.5234375,-0.4580065608024597
12,100,4,none,3,16,68.48828125,70.42578125,0.0,50.20703125,-0.5994781255722046
12,100,4,none,3,17,68.4921875,70.49609375,0.0,50.6015625,-0.6803047060966492
12,100,4,none,3,18,68.484375,70.88671875,0.0,50.98046875,-0.6717762351036072
12,100,4,none,3,19,68.79296875,71.2109375,0.0,51.27734375,-0.7197253108024597
12,100,4,none,3,20,68.703125,72.01171875,0.0,51.7890625,-0.5845690965652466
12,100,4,none,3,21,67.4140625,71.8125,0.0,52.609375,-0.4963204264640808
12,100,4,none,3,22,66.953125,72.33203125,0.0,52.89453125,-0.3029610514640808
12,100,4,none,3,23,67.125,71.6796875,0.0,52.89453125,-0.6160469055175781
12,100,4,none,3,24,67.13671875,72.57421875,0.0,53.53125,-0.5649075508117676
12,100,4,none,3,25,65.890625,73.06640625,0.0,53.71484375,-0.2512030601501465
12,100,4,none,3,26,66.76953125,71.3046875,0.0,54.0703125,-0.526463508605957
12,100,4,none,3,27,65.68359375,72.7578125,0.0,54.265625,-0.2843737006187439
12,100,4,none,3,28,66.328125,72.10546875,0.0,54.66796875,-0.5046862363815308
12,100,4,none,3,29,65.5,72.87890625,0.0,54.80078125,-0.4143866002559662
12,100,4,none,3,30,65.63671875,72.33203125,0.0,55.80859375,-0.18072780966758728
12,100,4,none,3,31,65.71484375,72.02734375,0.0,55.58203125,-0.43811720609664917
12,100,4,none,3,32,65.515625,71.71484375,0.0,55.609375,-0.5749009847640991
12,100,4,none,3,33,65.5078125,72.94140625,0.0,55.73046875,-0.22597503662109375
12,100,4,none,3,34,65.91015625,73.7421875,0.0,55.81640625,-0.35152849555015564
12,100,4,none,3,35,65.390625,72.76953125,0.0,55.89453125,-0.40077972412109375
12,100,4,none,3,36,65.21875,73.15234375,0.0,55.734375,-0.3812486529350281
12,100,4,none,3,37,66.03515625,73.7890625,0.0,56.03515625,-0.147589772939682
12,100,4,none,3,38,65.4609375,74.2421875,0.0,56.09375,-0.25341662764549255
12,100,4,none,3,39,65.58984375,73.1015625,0.0,56.1875,-0.25175637006759644
12,100,4,none,3,40,65.6640625,73.8828125,0.0,55.6171875,-0.3603176474571228
12,100,4,none,3,41,65.75390625,74.26953125,0.0,55.66015625,-0.40660661458969116
12,100,4,none,3,42,65.46875,74.19921875,0.0,56.32421875,-0.17271995544433594
12,100,4,none,3,43,65.30078125,73.58203125,0.0,55.9609375,-0.3437485694885254
12,100,4,none,3,44,65.125,73.29296875,0.0,56.14453125,-0.1412746161222458
12,100,4,none,3,45,65.8671875,73.609375,0.0,55.7109375,-0.36184749007225037
12,100,4,none,3,46,65.65234375,74.046875,0.0,55.9765625,-0.20038923621177673
12,100,4,none,3,47,65.90234375,73.59375,0.0,55.70703125,-0.37525901198387146
12,100,4,none,3,48,66.1484375,73.6953125,0.0,55.375,-0.3352200388908386
12,100,4,none,3,49,66.34375,73.94140625,0.0,55.59375,-0.21783718466758728
12,100,4,none,3,50,66.69140625,72.8984375,0.0,55.77734375,-0.41148942708969116
12,100,4,none,3,51,66.74609375,73.8125,0.0,56.02734375,-0.34589704871177673
12,100,4,none,3,52,66.07421875,73.3359375,0.0,55.83203125,-0.3515286445617676
12,100,4,none,3,53,66.31640625,73.53515625,0.0,55.90234375,-0.3221341073513031
12,100,4,none,3,54,66.32421875,72.83203125,0.0,55.66015625,-0.43398308753967285
12,100,4,none,3,55,67.03515625,73.5703125,0.0,55.6796875,-0.33450382947921753
12,100,4,none,3,56,66.77734375,73.34765625,0.0,55.6484375,-0.30673688650131226
12,100,4,none,3,57,66.8125,73.41015625,0.0,55.96875,-0.33466657996177673
12,100,4,none,3,58,67.40234375,73.4765625,0.0,56.1875,-0.26148948073387146
12,100,4,none,3,59,67.1796875,74.14453125,0.0,55.76953125,-0.28193220496177673
12,100,4,none,3,60,67.6875,72.78515625,0.0,55.9296875,-0.5303696393966675
12,100,4,none,3,61,66.62109375,74.203125,0.0,55.91015625,-0.19238147139549255
12,100,4,none,3,62,67.26171875,74.3359375,0.0,55.80078125,-0.25859230756759644
12,100,4,none,3,63,65.9296875,75.12109375,0.0,55.9453125,-0.0016263326397165656
12,100,4,none,3,64,67.359375,74.1640625,0.0,56.09375,-0.39163273572921753
12,100,4,none,3,65,66.76171875,75.17578125,0.0,56.17578125,0.02418772503733635
12,100,4,none,3,66,66.80859375,74.16015625,0.0,55.8203125,-0.19466018676757812
12,100,4,none,3,67,65.92578125,75.375,0.0,55.7578125,-0.029393117874860764
12,100,4,none,3,68,67.20703125,74.2890625,0.0,55.9296875,-0.23281130194664001
12,100,4,none,3,69,67.5234375,74.59375,0.0,55.9765625,-0.30234241485595703
12,100,4,none,3,70,67.55078125,73.91015625,0.0,55.89453125,-0.5207015872001648
12,100,4,none,3,71,67.40625,74.23828125,0.0,55.8984375,-0.2577134072780609
12,100,4,none,3,72,66.89453125,73.1796875,0.0,55.609375,-0.3044256567955017
12,100,4,none,3,73,66.23046875,73.390625,0.0,56.12890625,-0.18450388312339783
12,100,4,none,3,74,68.0078125,73.68359375,0.0,55.828125,-0.42587751150131226
12,100,4,none,3,75,67.2265625,73.0,0.0,55.984375,-0.22776556015014648
12,100,4,none,3,76,66.93359375,74.49609375,0.0,55.921875,-0.15471863746643066
12,100,4,none,3,77,67.33984375,74.1640625,0.0,55.45703125,-0.4140285849571228
12,100,4,none,3,78,66.30078125,74.3515625,0.0,55.48046875,-0.10973167419433594
12,100,4,none,3,79,67.484375,74.1875,0.0,56.1171875,-0.31126174330711365
12,100,4,none,3,80,67.11328125,74.69921875,0.0,55.93359375,-0.34319519996643066
12,100,4,none,3,81,66.84375,73.875,0.0,55.890625,-0.30309104919433594
12,100,4,none,3,82,66.15234375,74.58984375,0.0,56.203125,0.016375064849853516
12,100,4,none,3,83,65.98046875,74.71875,0.0,55.79296875,-0.1591457575559616
12,100,4,none,3,84,66.27734375,74.84765625,0.0,56.1015625,-0.00976435374468565
12,100,4,none,3,85,65.94921875,75.50390625,0.0,56.2421875,0.010841211304068565
12,100,4,none,3,86,66.50390625,74.5390625,0.0,56.16796875,-0.1833970546722412
12,100,4,none,3,87,67.09375,74.23046875,0.0,56.62109375,-0.13837742805480957
12,100,4,none,3,88,66.8671875,74.40625,0.0,56.23046875,-0.09094905853271484
12,100,4,none,3,89,66.171875,75.4375,0.0,56.7734375,-0.03027200698852539
12,100,4,none,3,90,66.578125,75.40625,0.0,56.68359375,-0.08004403114318848
12,100,4,none,3,91,66.4765625,75.01953125,0.0,56.78515625,-0.11546087265014648
12,100,4,none,3,92,66.84375,74.58984375,0.0,56.5390625,-0.11435413360595703
12,100,4,none,3,93,65.80078125,74.4765625,0.0,56.77734375,-0.13723818957805634
12,100,4,none,3,94,65.18359375,75.98828125,0.0,56.7890625,0.22311338782310486
12,100,4,none,3,95,65.28125,74.859375,0.0,56.6875,-0.058689914643764496
12,100,4,none,3,96,65.66796875,74.69921875,0.0,56.80859375,-0.07258971780538559
12,100,4,none,3,97,65.20703125,75.84375,0.0,56.41796875,0.03460431098937988
12,100,4,none,3,98,65.37109375,74.7578125,0.0,56.71875,0.08307433128356934
12,100,4,none,3,99,64.55859375,75.4765625,0.0,56.7421875,0.14922015368938446
12,100,4,none,3,100,65.79296875,75.1484375,0.0,56.56640625,-0.16279157996177673
12,100,4,none,3,101,65.8515625,76.65625,0.0,56.4921875,0.15586082637310028
12,100,4,none,3,102,65.2578125,75.93359375,0.0,56.5078125,0.12796363234519958
12,100,4,none,3,103,66.28125,75.046875,0.0,56.66796875,-0.026886623352766037
12,100,4,none,3,104,65.08984375,76.00390625,0.0,56.58203125,0.1936863362789154
12,100,4,none,3,105,65.48046875,76.2109375,0.0,56.80859375,0.15729308128356934
12,100,4,none,3,106,64.9765625,76.09375,0.0,57.06640625,0.3557306230068207
12,100,4,none,3,107,65.92578125,76.390625,0.0,56.6796875,0.21253395080566406
12,100,4,none,3,108,65.25,76.43359375,0.0,56.9375,0.24078917503356934
12,100,4,none,3,109,65.359375,76.12109375,0.0,56.91015625,0.25771617889404297
12,100,4,none,3,110,65.546875,76.19921875,0.0,56.91015625,0.18450650572776794
12,100,4,none,3,111,64.97265625,75.86328125,0.0,57.17578125,0.2633152902126312
12,100,4,none,3,112,65.40234375,76.265625,0.0,57.37890625,0.3108411729335785
12,100,4,none,3,113,64.796875,76.140625,0.0,56.80859375,0.16159002482891083
12,100,4,none,3,114,64.16796875,76.7890625,0.0,57.2890625,0.43502745032310486
12,100,4,none,3,115,64.4296875,76.875,0.0,56.828125,0.3684910237789154
12,100,4,none,3,116,63.66015625,77.0234375,0.0,57.4375,0.5555026531219482
12,100,4,none,3,117,64.3125,76.359375,0.0,57.46484375,0.35726046562194824
12,100,4,none,3,118,63.87890625,77.03125,0.0,57.31640625,0.5753268599510193
12,100,4,none,3,119,63.828125,76.37109375,0.0,57.73046875,0.47490382194519043
12,100,4,none,3,120,63.4609375,76.5703125,0.0,57.359375,0.608432412147522
12,100,4,none,3,121,63.91015625,76.07421875,0.0,57.23046875,0.35091304779052734
12,100,4,none,3,122,62.859375,76.19140625,0.0,57.4765625,0.32744282484054565
12,100,4,none,3,123,63.75390625,76.5,0.0,57.54296875,0.5847346186637878
12,100,4,none,3,124,63.71875,76.8515625,0.0,57.4296875,0.5001968145370483
12,100,4,none,3,125,63.375,76.83984375,0.0,57.703125,0.5731133222579956
12,100,4,none,3,126,63.1953125,77.13671875,0.0,57.43359375,0.5912774801254272
12,100,4,none,3,127,63.66015625,76.5390625,0.0,57.703125,0.5568699240684509
12,100,4,none,3,128,63.98046875,76.015625,0.0,57.8046875,0.5240899920463562
12,100,4,none,3,129,63.47265625,76.88671875,0.0,57.2890625,0.5494155883789062
12,100,4,none,3,130,63.0859375,76.5,0.0,57.56640625,0.5237970352172852
12,100,4,none,3,131,62.57421875,76.81640625,0.0,58.109375,0.6938164234161377
12,100,4,none,3,132,62.640625,77.6796875,0.0,57.859375,0.6528986692428589
12,100,4,none,3,133,62.54296875,77.546875,0.0,57.84765625,0.7569023966789246
12,100,4,none,3,134,62.78515625,76.7578125,0.0,57.91015625,0.9110039472579956
12,100,4,none,3,135,62.76953125,76.6640625,0.0,57.75,0.7167333364486694
12,100,4,none,3,136,62.1640625,77.83203125,0.0,58.24609375,1.0223320722579956
12,100,4,none,3,137,62.94921875,77.7265625,0.0,57.62109375,0.7806655764579773
12,100,4,none,3,138,61.22265625,78.734375,0.0,57.42578125,1.0839858055114746
12,100,4,none,3,139,62.15625,77.94140625,0.0,58.0234375,0.9821304678916931
12,100,4,none,3,140,62.46875,77.078125,0.0,57.9453125,0.8057956695556641
12,100,4,none,3,141,62.7109375,77.3671875,0.0,57.953125,0.8343765139579773
12,100,4,none,3,142,62.1875,77.39453125,0.0,58.23828125,1.025066614151001
12,100,4,none,3,143,62.59765625,76.8125,0.0,58.3359375,0.9169611930847168
12,100,4,none,3,144,62.27734375,76.796875,0.0,58.2421875,0.8994807004928589
12,100,4,none,3,145,62.0078125,77.91796875,0.0,58.03125,0.8957371711730957
12,100,4,none,3,146,61.0703125,77.109375,0.0,58.484375,1.035808801651001
12,100,4,none,3,147,60.85546875,78.57421875,0.0,57.9609375,1.1196630001068115
12,100,4,none,3,148,62.06640625,77.29296875,0.0,58.08984375,0.8294286131858826
12,100,4,none,3,149,61.8203125,78.02734375,0.0,58.03515625,1.0057306289672852
12,100,4,none,3,150,62.0078125,76.98828125,0.0,57.7890625,0.7949233055114746
12,100,4,none,3,151,62.32421875,77.78125,0.0,57.66796875,0.8282566070556641
12,100,4,none,3,152,61.53125,78.18359375,0.0,58.12890625,1.0278007984161377
12,100,4,none,3,153,61.54296875,78.19921875,0.0,57.8359375,0.8258152008056641
12,100,4,none,3,154,61.0078125,77.6953125,0.0,58.3984375,1.1855809688568115
12,100,4,none,3,155,61.61328125,77.59765625,0.0,57.703125,1.0987319946289062
12,100,4,none,3,156,61.22265625,78.7578125,0.0,57.9921875,1.0411146879196167
12,100,4,none,3,157,61.41796875,78.44921875,0.0,58.68359375,1.1951512098312378
12,100,4,none,3,158,60.32421875,78.57421875,0.0,58.640625,1.3217138051986694
12,100,4,none,3,159,61.9296875,78.31640625,0.0,58.06640625,1.0113623142242432
12,100,4,none,3,160,60.7578125,78.70703125,0.0,58.5390625,1.3314142227172852
12,100,4,none,3,161,61.3984375,78.59375,0.0,57.7578125,1.0558608770370483
12,100,4,none,3,162,61.2578125,77.90234375,0.0,58.3046875,1.0846043825149536
12,100,4,none,3,163,62.2109375,78.078125,0.0,57.83203125,0.9106458425521851
12,100,4,none,3,164,60.83203125,78.1015625,0.0,58.01953125,1.2056329250335693
12,100,4,none,3,165,60.87109375,78.96484375,0.0,58.203125,1.2517917156219482
12,100,4,none,3,166,61.0234375,78.01171875,0.0,58.2109375,1.1728529930114746
12,100,4,none,3,167,61.1796875,79.390625,0.0,58.40234375,1.3400077819824219
12,100,4,none,3,168,61.3125,78.6953125,0.0,58.04296875,0.9437515139579773
12,100,4,none,3,169,59.703125,79.23046875,0.0,58.1171875,1.2851903438568115
12,100,4,none,3,170,60.6171875,79.25,0.0,58.40625,1.3426120281219482
12,100,4,none,3,171,60.28125,78.62109375,0.0,58.33203125,1.2792332172393799
12,100,4,none,3,172,60.20703125,78.83203125,0.0,58.82421875,1.4528987407684326
12,100,4,none,3,173,60.328125,79.15234375,0.0,58.37890625,1.3560236692428589
12,100,4,none,3,174,60.234375,79.265625,0.0,58.671875,1.3882176876068115
12,100,4,none,3,175,59.8515625,79.9375,0.0,58.52734375,1.4436864852905273
12,100,4,none,3,176,60.24609375,79.4765625,0.0,58.05859375,1.3743504285812378
12,100,4,none,3,177,60.1328125,79.3125,0.0,58.80078125,1.5075209140777588
12,100,4,none,3,178,60.93359375,78.85546875,0.0,58.4375,1.2014663219451904
12,100,4,none,3,179,61.17578125,79.47265625,0.0,58.49609375,1.3146499395370483
12,100,4,none,3,180,61.32421875,79.7109375,0.0,58.484375,1.2693374156951904
12,100,4,none,3,181,60.70703125,79.05859375,0.0,58.58203125,1.371973991394043
12,100,4,none,3,182,60.046875,79.62890625,0.0,58.9375,1.6603206396102905
12,100,4,none,3,183,60.953125,79.75390625,0.0,58.39453125,1.341928482055664
12,100,4,none,3,184,61.3671875,79.4453125,0.0,58.40234375,1.3026381731033325
12,100,4,none,3,185,60.421875,79.2109375,0.0,58.6875,1.4411147832870483
12,100,4,none,3,186,59.5625,79.72265625,0.0,58.44140625,1.4917984008789062
12,100,4,none,3,187,59.8125,80.0625,0.0,59.3515625,1.792123794555664
12,100,4,none,3,188,61.09765625,80.01953125,0.0,58.12890625,1.2163426876068115
12,100,4,none,3,189,60.20703125,79.36328125,0.0,58.8515625,1.5975275039672852
12,100,4,none,3,190,59.703125,79.91015625,0.0,58.48828125,1.4336278438568115
12,100,4,none,3,191,59.95703125,80.14453125,0.0,58.47265625,1.6623387336730957
12,100,4,none,3,192,60.6875,79.84765625,0.0,58.6640625,1.5137383937835693
12,100,4,none,3,193,60.25,79.8828125,0.0,58.77734375,1.6325535774230957
12,100,4,none,3,194,60.5546875,79.50390625,0.0,58.45703125,1.3573907613754272
12,100,4,none,3,195,59.98046875,80.2578125,0.0,58.94140625,1.5855810642242432
12,100,4,none,3,196,60.3125,80.2578125,0.0,58.23828125,1.2437189817428589
12,100,4,none,3,197,60.0,79.49609375,0.0,58.8984375,1.4687187671661377
12,100,4,none,3,198,60.53125,80.1953125,0.0,58.58203125,1.4300144910812378
12,100,4,none,3,199,59.75390625,79.8515625,0.0,58.9921875,1.6785171031951904
12,100,4,none,3,200,60.375,80.3515625,0.0,58.41796875,1.4313491582870483
12,100,4,none,3,201,59.93359375,81.55859375,0.0,58.6015625,1.6144545078277588
12,100,4,none,3,202,59.1953125,81.0703125,0.0,59.1328125,1.8064467906951904
12,100,4,none,3,203,60.46484375,80.82421875,0.0,58.6171875,1.6759780645370483
12,100,4,none,3,204,59.69921875,81.23828125,0.0,58.671875,1.7144544124603271
12,100,4,none,3,205,58.9609375,81.4296875,0.0,58.69921875,1.731121301651001
12,100,4,none,3,206,59.19140625,81.4140625,0.0,58.65625,1.7500991821289062
12,100,4,none,3,207,59.16015625,80.9921875,0.0,58.95703125,1.7497737407684326
12,100,4,none,3,208,59.6875,80.65234375,0.0,58.63671875,1.5319349765777588
12,100,4,none,3,209,59.67578125,80.93359375,0.0,58.63671875,1.696778655052185
12,100,4,none,3,210,59.69921875,80.9375,0.0,59.05078125,1.6517266035079956
12,100,4,none,3,211,59.95703125,81.01171875,0.0,58.87109375,1.6444025039672852
12,100,4,none,3,212,59.03515625,80.73046875,0.0,59.3359375,1.7990249395370483
12,100,4,none,3,213,59.50390625,80.87109375,0.0,59.46875,1.6933932304382324
12,100,4,none,3,214,59.40234375,81.05859375,0.0,59.05859375,1.6730159521102905
12,100,4,none,3,215,58.84765625,82.1953125,0.0,59.2890625,1.9718437194824219
12,100,4,none,3,216,58.3125,81.40234375,0.0,59.27734375,2.095086097717285
12,100,4,none,3,217,59.51953125,81.0,0.0,59.265625,1.8086276054382324
12,100,4,none,3,218,60.43359375,80.73046875,0.0,59.30859375,1.681283950805664
12,100,4,none,3,219,57.6640625,82.08203125,0.0,59.37890625,2.1113948822021484
12,100,4,none,3,220,58.53125,81.5625,0.0,59.32421875,1.9892916679382324
12,100,4,none,3,221,59.51953125,81.3984375,0.0,59.10546875,1.8295915126800537
12,100,4,none,3,222,58.7109375,81.75,0.0,59.421875,2.034311532974243
12,100,4,none,3,223,58.703125,81.63671875,0.0,59.2734375,1.9646828174591064
12,100,4,none,3,224,58.609375,80.74609375,0.0,59.515625,1.6961278915405273
12,100,4,none,3,225,59.6484375,81.97265625,0.0,58.8515625,1.5732762813568115
12,100,4,none,3,226,59.66015625,80.4453125,0.0,59.296875,1.6931331157684326
12,100,4,none,3,227,58.65625,81.3671875,0.0,59.19921875,1.631967544555664
12,100,4,none,3,228,59.4453125,82.03515625,0.0,59.5703125,1.998438835144043
12,100,4,none,3,229,59.0703125,81.7265625,0.0,59.46875,2.025099039077759
12,100,4,none,3,230,58.5625,81.3671875,0.0,59.484375,1.7963556051254272
12,100,4,none,3,231,59.0859375,81.27734375,0.0,59.38671875,1.6731460094451904
12,100,4,none,3,232,59.2890625,81.80859375,0.0,59.125,1.831935167312622
12,100,4,none,3,233,57.94140625,82.12109375,0.0,59.25,2.043816566467285
12,100,4,none,3,234,58.94140625,81.7578125,0.0,59.234375,1.7410821914672852
12,100,4,none,3,235,58.93359375,81.30859375,0.0,59.40234375,1.792384386062622
12,100,4,none,3,236,58.859375,80.75,0.0,59.6640625,1.9233087301254272
12,100,4,none,3,237,58.17578125,81.21484375,0.0,59.58203125,2.062891960144043
12,100,4,none,3,238,58.75390625,81.23828125,0.0,59.5703125,1.7986342906951904
12,100,4,none,3,239,58.17578125,81.2578125,0.0,60.0546875,2.257195472717285
12,100,4,none,3,240,58.875,81.5234375,0.0,59.3359375,1.8529962301254272
12,100,4,none,3,241,57.72265625,82.05859375,0.0,59.81640625,2.16325044631958
12,100,4,none,3,242,58.69140625,81.40625,0.0,59.828125,1.892286777496338
12,100,4,none,3,243,58.11328125,82.3125,0.0,59.734375,2.1325535774230957
12,100,4,none,3,244,58.84765625,81.48828125,0.0,59.40625,1.8555681705474854
12,100,4,none,3,245,58.08984375,81.6328125,0.0,59.48046875,1.9023454189300537
12,100,4,none,3,246,58.546875,81.21484375,0.0,60.00390625,2.0034847259521484
12,100,4,none,3,247,58.92578125,81.67578125,0.0,59.859375,1.7263034582138062
12,100,4,none,3,248,57.0546875,81.51171875,0.0,59.50390625,1.9014012813568115
12,100,4,none,3,249,58.91015625,81.69921875,0.0,59.6640625,1.8652358055114746
12,100,4,none,3,250,58.578125,81.85546875,0.0,59.9453125,2.029949426651001
12,100,4,none,3,251,57.48828125,81.90625,0.0,60.22265625,2.3225600719451904
12,100,4,none,3,252,58.484375,82.70703125,0.0,59.67578125,2.129265785217285
12,100,4,none,3,253,59.10546875,81.7890625,0.0,59.6171875,1.8552098274230957
12,100,4,none,3,254,58.1796875,82.0234375,0.0,60.078125,2.203028678894043
12,100,4,none,3,255,58.28125,81.8671875,0.0,59.7734375,2.071648597717285
12,100,4,none,3,256,58.875,82.828125,0.0,59.6484375,2.062469005584717
12,100,4,none,3,257,57.67578125,82.6484375,0.0,59.64453125,2.101759433746338
12,100,4,none,3,258,58.14453125,82.5859375,0.0,59.17578125,1.95439612865448
12,100,4,none,3,259,57.15625,82.30078125,0.0,59.8671875,2.2173519134521484
12,100,4,none,3,260,58.2421875,83.23046875,0.0,60.078125,2.3225274085998535
12,100,4,none,3,261,58.48046875,82.609375,0.0,59.859375,2.114194393157959
12,100,4,none,3,262,58.109375,82.7109375,0.0,59.93359375,2.247983455657959
12,100,4,none,3,263,58.73046875,82.4140625,0.0,59.80859375,2.0412774085998535
12,100,4,none,3,264,57.98046875,82.07421875,0.0,60.21875,2.30973482131958
12,100,4,none,3,265,58.52734375,82.09375,0.0,60.15234375,2.0457046031951904
12,100,4,none,3,266,58.30078125,82.33203125,0.0,59.9453125,1.9771499633789062
12,100,4,none,3,267,57.77734375,82.6796875,0.0,60.2421875,2.33756685256958
12,100,4,none,3,268,57.078125,82.078125,0.0,60.29296875,2.2840185165405273
12,100,4,none,3,269,57.87890625,82.90234375,0.0,60.05078125,2.3562190532684326
12,100,4,none,3,270,57.8359375,83.16015625,0.0,59.8515625,2.2485365867614746
12,100,4,none,3,271,57.6328125,82.88671875,0.0,59.75,2.312208652496338
12,100,4,none,3,272,58.4609375,82.02734375,0.0,59.94921875,2.084376573562622
12,100,4,none,3,273,59.1953125,82.546875,0.0,60.37890625,2.3711602687835693
12,100,4,none,3,274,58.01171875,83.00390625,0.0,60.2578125,2.164975643157959
12,100,4,none,3,275,59.5625,82.78515625,0.0,59.72265625,1.8485040664672852
12,100,4,none,3,276,59.1171875,82.84765625,0.0,59.98828125,1.9623712301254272
12,100,4,none,3,277,59.01171875,82.01953125,0.0,59.9453125,2.0483412742614746
12,100,4,none,3,278,58.265625,82.83984375,0.0,60.0390625,2.272136926651001
12,100,4,none,3,279,57.83203125,82.75,0.0,59.97265625,2.270411968231201
12,100,4,none,3,280,58.73046875,82.921875,0.0,60.0859375,2.052215099334717
12,100,4,none,3,281,57.578125,83.9296875,0.0,60.0078125,2.4223649501800537
12,100,4,none,3,282,58.046875,83.9609375,0.0,59.88671875,2.291635513305664
12,100,4,none,3,283,57.58984375,83.9453125,0.0,60.23046875,2.4834001064300537
12,100,4,none,3,284,57.3125,83.515625,0.0,60.27734375,2.393491268157959
12,100,4,none,3,285,57.32421875,83.00390625,0.0,59.9453125,2.203061580657959
12,100,4,none,3,286,56.4765625,82.27734375,0.0,60.546875,2.557325839996338
12,100,4,none,3,287,57.66796875,82.8515625,0.0,60.29296875,2.2986669540405273
12,100,4,none,3,288,56.55859375,83.30859375,0.0,60.5546875,2.3445329666137695
12,100,4,none,3,289,56.94140625,82.61328125,0.0,60.57421875,2.411492347717285
12,100,4,none,3,290,57.48828125,82.515625,0.0,60.34375,2.4072279930114746
12,100,4,none,3,291,56.55859375,83.359375,0.0,60.70703125,2.5583348274230957
12,100,4,none,3,292,57.06640625,81.8046875,0.0,60.46484375,2.399122714996338
12,100,4,none,3,293,55.91015625,82.921875,0.0,60.5078125,2.484344005584717
12,100,4,none,3,294,57.40234375,83.953125,0.0,60.90625,2.5878920555114746
12,100,4,none,3,295,55.81640625,84.03125,0.0,61.19140625,2.798764228820801
12,100,4,none,3,296,57.51953125,83.39453125,0.0,60.6328125,2.323894739151001
12,100,4,none,3,297,57.2109375,83.38671875,0.0,60.78125,2.4350602626800537
12,100,4,none,3,298,56.29296875,83.84765625,0.0,60.96875,2.809213638305664
12,100,4,none,3,299,56.625,83.89453125,0.0,60.453125,2.464064121246338
12,100,4,none,3,300,56.7890625,84.01953125,0.0,60.5078125,2.523894786834717
12,100,4,none,3,301,56.8046875,82.92578125,0.0,61.01953125,2.3059260845184326
12,100,4,none,3,302,56.71484375,84.1484375,0.0,60.2734375,2.3912127017974854
12,100,4,none,3,303,56.66796875,83.04296875,0.0,60.41796875,2.2588882446289062
12,100,4,none,3,304,55.69140625,84.02734375,0.0,60.4296875,2.528191566467285
12,100,4,none,3,305,55.87890625,83.93359375,0.0,60.55859375,2.723243474960327
12,100,4,none,3,306,57.05859375,84.4296875,0.0,60.60546875,2.5708999633789062
12,100,4,none,3,307,56.484375,83.421875,0.0,60.484375,2.521681308746338
12,100,4,none,3,308,55.2265625,84.1484375,0.0,60.82421875,2.855372428894043
12,100,4,none,3,309,55.01171875,84.18359375,0.0,60.80078125,2.6939141750335693
12,100,4,none,3,310,55.421875,84.32421875,0.0,60.8046875,2.957976818084717
12,100,4,none,3,311,56.4375,84.3515625,0.0,60.578125,2.7117528915405273
12,100,4,none,3,312,55.31640625,85.6171875,0.0,60.796875,3.0347018241882324
12,100,4,none,3,313,54.859375,85.03515625,0.0,61.2265625,3.0105810165405273
12,100,4,none,3,314,55.1953125,83.98046875,0.0,61.0234375,2.7976903915405273
12,100,4,none,3,315,55.64453125,84.55078125,0.0,60.63671875,2.7642266750335693
12,100,4,none,3,316,56.11328125,83.8203125,0.0,60.73828125,2.713022232055664
12,100,4,none,3,317,55.44140625,84.734375,0.0,60.9921875,2.8213231563568115
12,100,4,none,3,318,56.3828125,84.62890625,0.0,60.87109375,2.671583652496338
12,100,4,none,3,319,55.33203125,83.56640625,0.0,61.25390625,2.6963558197021484
12,100,4,none,3,320,55.48828125,82.8359375,0.0,60.65625,2.603972911834717
12,100,4,none,3,321,54.91796875,84.37890625,0.0,61.08203125,2.942579746246338
12,100,4,none,3,322,54.11328125,84.12109375,0.0,61.1640625,3.008204936981201
12,100,4,none,3,323,55.58984375,84.796875,0.0,60.765625,2.7529313564300537
12,100,4,none,3,324,55.66796875,84.2578125,0.0,60.5,2.5825862884521484
12,100,4,none,3,325,54.87890625,83.9921875,0.0,61.296875,2.843165397644043
12,100,4,none,3,326,55.66796875,83.6875,0.0,61.48828125,2.9529311656951904
12,100,4,none,3,327,54.18359375,84.5625,0.0,61.65625,3.082162857055664
12,100,4,none,3,328,55.3515625,84.80078125,0.0,61.21484375,3.041408061981201
12,100,4,none,3,329,54.51171875,84.5078125,0.0,61.36328125,3.1158223152160645
12,100,4,none,3,330,54.46484375,84.36328125,0.0,61.5234375,3.040724515914917
12,100,4,none,3,331,54.90625,84.60546875,0.0,61.26171875,2.9299168586730957
12,100,4,none,3,332,55.1875,84.54296875,0.0,61.03515625,2.8501968383789062
12,100,4,none,3,333,54.55078125,84.53515625,0.0,61.74609375,3.1143245697021484
12,100,4,none,3,334,54.5546875,84.5234375,0.0,61.59765625,3.1238620281219482
12,100,4,none,3,335,53.6328125,85.5546875,0.0,61.7421875,3.400033950805664
12,100,4,none,3,336,55.234375,84.6953125,0.0,61.2578125,3.0811214447021484
12,100,4,none,3,337,54.89453125,84.578125,0.0,61.41015625,2.9438817501068115
12,100,4,none,3,338,54.15234375,84.421875,0.0,61.4921875,3.0356462001800537
12,100,4,none,3,339,54.21484375,84.64453125,0.0,61.68359375,3.144956111907959
12,100,4,none,3,340,55.15625,83.44921875,0.0,61.76171875,2.8809585571289062
12,100,4,none,3,341,54.421875,83.5234375,0.0,61.58984375,2.875717878341675
12,100,4,none,3,342,54.53515625,84.08984375,0.0,61.53515625,2.9137063026428223
12,100,4,none,3,343,54.578125,83.9375,0.0,61.65625,3.0197606086730957
12,100,4,none,3,344,54.9140625,83.98828125,0.0,61.11328125,3.0215835571289062
12,100,4,none,3,345,54.40234375,85.3359375,0.0,61.7890625,3.225456953048706
12,100,4,none,3,346,54.40234375,83.5859375,0.0,61.86328125,3.1001644134521484
12,100,4,none,3,347,54.0546875,84.40625,0.0,61.4453125,3.1439146995544434
12,100,4,none,3,348,53.625,83.921875,0.0,61.828125,3.301238536834717
12,100,4,none,3,349,53.59375,85.10546875,0.0,61.69140625,3.281219005584717
12,100,4,none,3,350,55.03125,84.8671875,0.0,61.60546875,2.984766960144043
12,100,4,none,3,351,54.765625,85.171875,0.0,61.22265625,3.176205635070801
12,100,4,none,3,352,53.93359375,84.59375,0.0,61.91796875,3.3064794540405273
12,100,4,none,3,353,54.0625,84.515625,0.0,61.87890625,3.139129161834717
12,100,4,none,3,354,54.03125,84.23046875,0.0,61.8359375,3.1751315593719482
12,100,4,none,3,355,54.80859375,85.0390625,0.0,61.61328125,2.8813819885253906
12,100,4,none,3,356,54.32421875,85.4453125,0.0,61.8359375,3.0879902839660645
12,100,4,none,3,357,53.67578125,85.51171875,0.0,61.94921875,3.4695651531219482
12,100,4,none,3,358,53.48828125,84.96484375,0.0,61.46484375,3.179103374481201
12,100,4,none,3,359,55.13671875,85.125,0.0,61.47265625,2.944304943084717
12,100,4,none,3,360,53.7109375,84.40625,0.0,61.83984375,3.3820652961730957
12,100,4,none,3,361,53.01953125,85.84375,0.0,62.0625,3.4525084495544434
12,100,4,none,3,362,53.6015625,86.23046875,0.0,61.80078125,3.413249969482422
12,100,4,none,3,363,53.26953125,85.140625,0.0,62.109375,3.2732439041137695
12,100,4,none,3,364,53.4921875,85.3828125,0.0,61.51953125,3.183042049407959
12,100,4,none,3,365,53.38671875,85.5859375,0.0,61.765625,3.271420955657959
12,100,4,none,3,366,54.49609375,85.68359375,0.0,61.8515625,3.3387060165405273
12,100,4,none,3,367,54.73046875,85.33203125,0.0,61.5078125,3.0209975242614746
12,100,4,none,3,368,53.734375,86.05859375,0.0,61.96484375,3.3079116344451904
12,100,4,none,3,369,53.9453125,85.2890625,0.0,61.80078125,3.376401662826538
12,100,4,none,3,370,53.18359375,85.68359375,0.0,62.0078125,3.4741876125335693
12,100,4,none,3,371,53.859375,85.77734375,0.0,61.8046875,3.496518611907959
12,100,4,none,3,372,53.53515625,85.91796875,0.0,61.8515625,3.4348647594451904
12,100,4,none,3,373,54.64453125,84.5,0.0,61.7734375,3.152312755584717
12,100,4,none,3,374,53.734375,86.16796875,0.0,62.18359375,3.40397310256958
12,100,4,none,3,375,54.75390625,84.8984375,0.0,61.89453125,3.120086193084717
12,100,4,none,3,376,53.4765625,85.28515625,0.0,62.09765625,3.3936867713928223
12,100,4,none,3,377,54.23046875,85.6640625,0.0,62.25390625,3.1475276947021484
12,100,4,none,3,378,54.14453125,85.46875,0.0,61.93359375,3.212110996246338
12,100,4,none,3,379,53.859375,84.703125,0.0,62.39453125,3.3823909759521484
12,100,4,none,3,380,53.69921875,86.7109375,0.0,62.109375,3.507293462753296
12,100,4,none,3,381,52.5859375,85.92578125,0.0,62.04296875,3.595932722091675
12,100,4,none,3,382,53.72265625,85.90234375,0.0,61.51953125,3.2465837001800537
12,100,4,none,3,383,53.08984375,86.15234375,0.0,62.4296875,3.607163190841675
12,100,4,none,3,384,53.4296875,85.78515625,0.0,62.07421875,3.3266942501068115
12,100,4,none,3,385,53.4140625,85.9296875,0.0,62.234375,3.3926773071289062
12,100,4,none,3,386,52.90625,86.61328125,0.0,61.99609375,3.735581159591675
12,100,4,none,3,387,53.16796875,85.90625,0.0,62.15234375,3.5542657375335693
12,100,4,none,3,388,53.55078125,85.57421875,0.0,61.82421875,3.309539318084717
12,100,4,none,3,389,53.13671875,85.390625,0.0,62.4453125,3.4782567024230957
12,100,4,none,3,390,53.12109375,85.8828125,0.0,61.91796875,3.46451997756958
12,100,4,none,3,391,52.890625,86.2421875,0.0,61.96484375,3.5325210094451904
12,100,4,none,3,392,53.19921875,86.5,0.0,62.11328125,3.6099953651428223
12,100,4,none,3,393,53.17578125,85.6640625,0.0,62.19921875,3.4666354656219482
12,100,4,none,3,394,53.08984375,85.19921875,0.0,61.921875,3.181544780731201
12,100,4,none,3,395,53.296875,86.7578125,0.0,61.8203125,3.3450210094451904
12,100,4,none,3,396,53.74609375,86.3125,0.0,62.37109375,3.5039405822753906
12,100,4,none,3,397,53.65625,86.60546875,0.0,62.3046875,3.4968764781951904
12,100,4,none,3,398,53.71484375,85.33984375,0.0,62.09765625,3.2634780406951904
12,100,4,none,3,399,52.7109375,86.66796875,0.0,62.69921875,3.749382972717285
12,100,4,none,3,400,53.21875,86.7421875,0.0,62.06640625,3.573211193084717
12,100,4,none,3,401,53.421875,85.953125,0.0,62.08984375,3.354721784591675
12,100,4,none,3,402,53.46484375,86.640625,0.0,62.50390625,3.643230438232422
12,100,4,none,3,403,53.1484375,86.30078125,0.0,62.36328125,3.6357438564300537
12,100,4,none,3,404,53.54296875,86.48828125,0.0,62.3046875,3.5925798416137695
12,100,4,none,3,405,53.22265625,86.8203125,0.0,62.125,3.654656410217285
12,100,4,none,3,406,52.66015625,86.33984375,0.0,62.8671875,3.9934260845184326
12,100,4,none,3,407,53.12890625,86.63671875,0.0,62.1640625,3.775359630584717
12,100,4,none,3,408,52.703125,86.171875,0.0,62.90234375,3.8264012336730957
12,100,4,none,3,409,53.42578125,87.078125,0.0,63.1953125,3.8674168586730957
12,100,4,none,3,410,52.625,87.21875,0.0,62.2578125,3.7651381492614746
12,100,4,none,3,411,52.53125,86.50390625,0.0,62.23828125,3.387338638305664
12,100,4,none,3,412,52.66015625,85.94921875,0.0,62.94921875,3.8096044063568115
12,100,4,none,3,413,52.66796875,85.734375,0.0,62.5,3.695444107055664
12,100,4,none,3,414,52.94921875,85.98828125,0.0,62.34375,3.4875667095184326
12,100,4,none,3,415,52.10546875,86.234375,0.0,62.796875,3.800229549407959
12,100,4,none,3,416,51.484375,85.51953125,0.0,63.06640625,3.715984344482422
12,100,4,none,3,417,53.140625,86.1015625,0.0,62.28125,3.5527360439300537
12,100,4,none,3,418,52.09765625,85.9921875,0.0,62.73828125,3.75797700881958
12,100,4,none,3,419,52.48046875,86.47265625,0.0,62.32421875,3.7431654930114746
12,100,4,none,3,420,51.7890625,85.8125,0.0,62.95703125,3.8645522594451904
12,100,4,none,3,421,52.578125,85.89453125,0.0,62.703125,3.686427593231201
12,100,4,none,3,422,52.53515625,86.16015625,0.0,63.34375,4.072527885437012
12,100,4,none,3,423,52.51953125,85.67578125,0.0,62.88671875,3.6822280883789062
12,100,4,none,3,424,52.33984375,86.0078125,0.0,62.921875,3.837143659591675
12,100,4,none,3,425,51.27734375,86.89453125,0.0,63.37109375,4.062436580657959
12,100,4,none,3,426,51.8515625,86.28515625,0.0,62.9453125,3.8352227210998535
12,100,4,none,3,427,51.8359375,87.1484375,0.0,62.8046875,3.708400249481201
12,100,4,none,3,428,51.5859375,87.2578125,0.0,62.98046875,3.7986342906951904
12,100,4,none,3,429,53.47265625,86.3671875,0.0,62.37890625,3.4991230964660645
12,100,4,none,3,430,52.37890625,86.140625,0.0,63.0234375,3.7444674968719482
12,100,4,none,3,431,52.14453125,86.1796875,0.0,63.23828125,3.852703094482422
12,100,4,none,3,432,52.09375,86.88671875,0.0,62.671875,3.579233169555664
12,100,4,none,3,433,51.4921875,87.29296875,0.0,63.06640625,4.121485710144043
12,100,4,none,3,434,52.05859375,87.35546875,0.0,62.58984375,3.803126335144043
12,100,4,none,3,435,52.28125,87.0703125,0.0,63.02734375,3.731414556503296
12,100,4,none,3,436,51.69921875,87.59765625,0.0,62.9609375,3.93424654006958
12,100,4,none,3,437,51.88671875,87.375,0.0,62.63671875,3.786525249481201
12,100,4,none,3,438,51.7890625,87.38671875,0.0,62.9921875,3.979689359664917
12,100,4,none,3,439,52.03125,87.0,0.0,62.94921875,4.0403337478637695
12,100,4,none,3,440,52.26171875,87.3515625,0.0,63.08203125,4.027573108673096
12,100,4,none,3,441,51.7109375,88.2109375,0.0,63.13671875,4.030275344848633
12,100,4,none,3,442,51.41796875,87.56640625,0.0,62.8125,3.9942727088928223
12,100,4,none,3,443,51.38671875,88.14453125,0.0,62.86328125,4.148341655731201
12,100,4,none,3,444,51.515625,86.7578125,0.0,63.37890625,4.1365251541137695
12,100,4,none,3,445,52.48828125,88.0078125,0.0,63.1015625,4.079461097717285
12,100,4,none,3,446,52.41015625,87.76953125,0.0,63.00390625,4.004558563232422
12,100,4,none,3,447,52.92578125,87.703125,0.0,63.26953125,3.9065122604370117
12,100,4,none,3,448,52.8203125,87.4375,0.0,62.78515625,3.828484296798706
12,100,4,none,3,449,52.2265625,87.45703125,0.0,63.36328125,4.025783061981201
12,100,4,none,3,450,52.44921875,87.6015625,0.0,63.01953125,3.9899754524230957
12,100,4,none,3,451,52.03515625,88.16796875,0.0,63.11328125,4.042384624481201
12,100,4,none,3,452,51.0234375,88.015625,0.0,63.546875,4.172918319702148
12,100,4,none,3,453,52.42578125,87.484375,0.0,63.30078125,4.081121444702148
12,100,4,none,3,454,52.0078125,87.19140625,0.0,63.63671875,3.9668633937835693
12,100,4,none,3,455,51.28125,88.39453125,0.0,63.43359375,4.228126525878906
12,100,4,none,3,456,51.83203125,88.09375,0.0,62.796875,4.076564311981201
12,100,4,none,3,457,50.84765625,87.09375,0.0,63.45703125,4.139910697937012
12,100,4,none,3,458,51.57421875,87.5234375,0.0,63.53515625,4.1946306228637695
12,100,4,none,3,459,52.03515625,88.1796875,0.0,63.1953125,3.9871435165405273
12,100,4,none,3,460,51.90234375,87.5,0.0,63.26171875,4.047039031982422
12,100,4,none,3,461,51.1640625,87.88671875,0.0,63.37109375,4.046257972717285
12,100,4,none,3,462,50.890625,87.6875,0.0,63.88671875,4.398992538452148
12,100,4,none,3,463,51.609375,87.671875,0.0,63.66015625,4.083367347717285
12,100,4,none,3,464,51.25390625,88.14453125,0.0,63.703125,4.236264705657959
12,100,4,none,3,465,50.92578125,87.59375,0.0,63.5859375,4.220736980438232
12,100,4,none,3,466,50.1015625,87.58203125,0.0,63.65234375,4.219988822937012
12,100,4,none,3,467,50.67578125,87.59765625,0.0,63.53125,4.102931499481201
12,100,4,none,3,468,50.1953125,87.78515625,0.0,63.99609375,4.382586479187012
12,100,4,none,3,469,50.7109375,87.5546875,0.0,63.73828125,4.272462368011475
12,100,4,none,3,470,50.52734375,87.78125,0.0,63.85546875,4.243849754333496
12,100,4,none,3,471,50.75,87.28515625,0.0,64.1015625,4.202443599700928
12,100,4,none,3,472,50.6171875,86.84375,0.0,64.0859375,4.338217735290527
12,100,4,none,3,473,50.9375,87.40625,0.0,64.05859375,4.273406982421875
12,100,4,none,3,474,50.0,88.453125,0.0,63.65234375,4.469858646392822
12,100,4,none,3,475,50.0390625,88.43359375,0.0,63.86328125,4.447625160217285
12,100,4,none,3,476,50.68359375,87.6328125,0.0,63.6796875,4.410255432128906
12,100,4,none,3,477,49.21484375,88.6171875,0.0,64.28515625,4.707358360290527
12,100,4,none,3,478,49.6796875,88.0234375,0.0,64.4609375,4.6062517166137695
12,100,4,none,3,479,50.4375,88.66015625,0.0,63.89453125,4.631284236907959
12,100,4,none,3,480,49.8828125,87.69921875,0.0,64.02734375,4.564975738525391
12,100,4,none,3,481,49.7421875,88.08203125,0.0,63.9140625,4.571355819702148
12,100,4,none,3,482,49.27734375,88.16796875,0.0,64.22265625,4.5242204666137695
12,100,4,none,3,483,49.0078125,87.53125,0.0,64.37890625,4.666667938232422
12,100,4,none,3,484,49.484375,88.03515625,0.0,64.29296875,4.643198013305664
12,100,4,none,3,485,49.6171875,86.71875,0.0,64.54296875,4.415040969848633
12,100,4,none,3,486,49.75390625,87.86328125,0.0,63.8828125,4.257326126098633
12,100,4,none,3,487,49.41796875,88.0234375,0.0,64.28125,4.498536586761475
12,100,4,none,3,488,49.375,87.37890625,0.0,64.12109375,4.4446306228637695
12,100,4,none,3,489,48.91796875,87.6171875,0.0,64.3125,4.570704936981201
12,100,4,none,3,490,48.83984375,88.67578125,0.0,64.17578125,4.715594291687012
12,100,4,none,3,491,49.1640625,89.14453125,0.0,64.1796875,4.696908950805664
12,100,4,none,3,492,48.73046875,89.10546875,0.0,64.30859375,4.736557960510254
12,100,4,none,3,493,48.98828125,88.890625,0.0,64.52734375,4.794272422790527
12,100,4,none,3,494,49.32421875,89.703125,0.0,64.29296875,4.7517924308776855
12,100,4,none,3,495,49.640625,88.7265625,0.0,64.5,4.740268707275391
12,100,4,none,3,496,49.67578125,88.6796875,0.0,64.19140625,4.496583938598633
12,100,4,none,3,497,49.52734375,89.24609375,0.0,64.48828125,4.750490188598633
12,100,4,none,3,498,49.625,88.77734375,0.0,64.53515625,4.871974468231201
12,100,4,none,3,499,48.68359375,89.26171875,0.0,64.46484375,4.848113536834717
12,100,4,none,3,500,49.59375,89.08203125,0.0,64.015625,4.473276138305664
12,100,4,none,3,501,49.36328125,88.99609375,0.0,64.3828125,4.704233646392822
12,100,4,none,3,502,48.94140625,89.984375,0.0,64.09375,4.727866172790527
12,100,4,none,3,503,48.81640625,88.42578125,0.0,64.35546875,4.588380813598633
12,100,4,none,3,504,48.3984375,88.6875,0.0,64.484375,4.775327682495117
12,100,4,none,3,505,48.453125,88.4140625,0.0,64.8515625,4.604396343231201
12,100,4,none,3,506,49.515625,87.6640625,0.0,65.1328125,4.586752891540527
12,100,4,none,3,507,48.83203125,87.6953125,0.0,64.71875,4.518979549407959
12,100,4,none,3,508,48.81640625,89.0859375,0.0,64.48828125,4.729851722717285
12,100,4,none,3,509,48.984375,87.00390625,0.0,65.015625,4.513412952423096
12,100,4,none,3,510,49.41796875,88.0546875,0.0,64.50390625,4.539259910583496
12,100,4,none,3,511,48.69140625,88.8359375,0.0,64.5546875,4.618979454040527
12,100,4,none,3,512,49.0078125,88.76171875,0.0,64.8359375,4.766635894775391
12,100,4,none,3,513,48.12890625,88.45703125,0.0,65.1875,4.911036968231201
12,100,4,none,3,514,48.44140625,88.90234375,0.0,65.03125,4.812664031982422
12,100,4,none,3,515,47.47265625,88.66796875,0.0,64.87109375,5.164943218231201
12,100,4,none,3,516,48.984375,89.6875,0.0,64.4609375,4.88541841506958
12,100,4,none,3,517,48.29296875,89.28125,0.0,64.8984375,5.174969673156738
12,100,4,none,3,518,48.72265625,89.80078125,0.0,64.8359375,4.931186676025391
12,100,4,none,3,519,49.1796875,89.55859375,0.0,64.5625,4.757814407348633
12,100,4,none,3,520,49.0859375,89.3125,0.0,65.01171875,4.78971529006958
12,100,4,none,3,521,48.0859375,89.29296875,0.0,64.8515625,4.778647422790527
12,100,4,none,3,522,48.4453125,89.41796875,0.0,65.09765625,4.889389514923096
12,100,4,none,3,523,47.3671875,89.04296875,0.0,65.28515625,5.0188493728637695
12,100,4,none,3,524,48.515625,89.26171875,0.0,65.109375,4.898015975952148
12,100,4,none,3,525,48.65625,88.34765625,0.0,65.18359375,4.741277694702148
12,100,4,none,3,526,48.27734375,88.7734375,0.0,64.984375,4.959571838378906
12,100,4,none,3,527,48.125,88.3359375,0.0,65.4296875,4.749513626098633
12,100,4,none,3,528,48.46484375,89.79296875,0.0,65.19140625,5.085776329040527
12,100,4,none,3,529,48.1171875,90.79296875,0.0,64.3984375,4.966765880584717
12,100,4,none,3,530,47.4765625,90.62109375,0.0,65.1640625,5.436297416687012
12,100,4,none,3,531,47.609375,89.8515625,0.0,65.0546875,5.223113536834717
12,100,4,none,3,532,47.2265625,90.8046875,0.0,65.05078125,5.213933944702148
12,100,4,none,3,533,47.3671875,90.52734375,0.0,65.53125,5.432944297790527
12,100,4,none,3,534,47.8671875,90.71484375,0.0,65.19921875,5.367384910583496
12,100,4,none,3,535,48.66015625,89.30859375,0.0,65.0390625,5.007358551025391
12,100,4,none,3,536,47.296875,90.796875,0.0,65.3984375,5.330242156982422
12,100,4,none,3,537,48.0390625,91.125,0.0,64.82421875,5.196648597717285
12,100,4,none,3,538,47.62890625,91.0,0.0,65.21875,5.243491172790527
12,100,4,none,3,539,47.4765625,90.80078125,0.0,65.5234375,5.423797130584717
12,100,4,none,3,540,48.58203125,90.02734375,0.0,65.41015625,5.100522518157959
12,100,4,none,3,541,47.4140625,91.15625,0.0,65.6875,5.534897804260254
12,100,4,none,3,542,47.83984375,90.26953125,0.0,65.44140625,5.501628875732422
12,100,4,none,3,543,46.72265625,90.609375,0.0,65.59765625,5.490691661834717
12,100,4,none,3,544,46.91015625,90.22265625,0.0,65.59375,5.438934326171875
12,100,4,none,3,545,47.03125,90.61328125,0.0,65.28515625,5.223699569702148
12,100,4,none,3,546,46.58203125,91.1171875,0.0,65.33203125,5.382195949554443
12,100,4,none,3,547,46.97265625,90.234375,0.0,65.546875,5.30485200881958
12,100,4,none,3,548,46.55859375,90.203125,0.0,65.47265625,5.289682388305664
12,100,4,none,3,549,47.6015625,90.4296875,0.0,65.05859375,5.1882829666137695
12,100,4,none,3,550,46.890625,91.21875,0.0,65.1484375,5.241961479187012
12,100,4,none,3,551,48.18359375,90.484375,0.0,65.12890625,5.158106803894043
12,100,4,none,3,552,46.98046875,90.7109375,0.0,65.55078125,5.444598197937012
12,100,4,none,3,553,47.61328125,90.7578125,0.0,65.22265625,5.279559135437012
12,100,4,none,3,554,46.09375,90.7421875,0.0,65.609375,5.6028337478637695
12,100,4,none,3,555,46.79296875,90.78125,0.0,65.5546875,5.373211860656738
12,100,4,none,3,556,46.8359375,89.73828125,0.0,65.859375,5.272234916687012
12,100,4,none,3,557,46.953125,89.03125,0.0,65.5625,5.216798782348633
12,100,4,none,3,558,46.05078125,90.5546875,0.0,65.89453125,5.673374176025391
12,100,4,none,3,559,46.53515625,91.33984375,0.0,65.4921875,5.552964210510254
12,100,4,none,3,560,46.97265625,91.05859375,0.0,65.75390625,5.59821081161499
12,100,4,none,3,561,46.43359375,91.015625,0.0,65.9921875,5.648829936981201
12,100,4,none,3,562,46.8125,91.1171875,0.0,65.84375,5.732781887054443
12,100,4,none,3,563,46.49609375,91.78515625,0.0,65.7265625,5.546225547790527
12,100,4,none,3,564,46.36328125,91.1015625,0.0,65.42578125,5.624350547790527
12,100,4,none,3,565,47.63671875,90.30078125,0.0,65.7421875,5.408790588378906
12,100,4,none,3,566,45.8125,91.26953125,0.0,66.08984375,5.817254543304443
12,100,4,none,3,567,46.1796875,91.2421875,0.0,65.6015625,5.659148216247559
12,100,4,none,3,568,46.75,90.4453125,0.0,65.62109375,5.544207572937012
12,100,4,none,3,569,47.76171875,91.1484375,0.0,65.5703125,5.302931308746338
12,100,4,none,3,570,45.94921875,91.59375,0.0,66.09765625,5.723374366760254
12,100,4,none,3,571,47.34765625,90.99609375,0.0,66.11328125,5.553289413452148
12,100,4,none,3,572,46.53515625,91.19921875,0.0,66.1640625,5.838803768157959
12,100,4,none,3,573,46.40625,91.421875,0.0,66.06640625,5.673862457275391
12,100,4,none,3,574,46.14453125,92.1796875,0.0,65.66796875,5.8386735916137695
12,100,4,none,3,575,47.203125,92.234375,0.0,65.83984375,5.652215480804443
12,100,4,none,3,576,46.3828125,92.40625,0.0,65.89453125,5.838152885437012
12,100,4,none,3,577,46.921875,92.80859375,0.0,66.0,5.633986473083496
12,100,4,none,3,578,45.453125,92.12109375,0.0,66.33984375,6.061362266540527
12,100,4,none,3,579,45.53125,91.69140625,0.0,66.28515625,5.911166667938232
12,100,4,none,3,580,45.65234375,91.67578125,0.0,66.3359375,5.900229454040527
12,100,4,none,3,581,45.0078125,91.53125,0.0,66.40234375,6.072397232055664
12,100,4,none,3,582,45.33203125,92.6484375,0.0,66.109375,5.852736473083496
12,100,4,none,3,583,45.80859375,92.83203125,0.0,65.70703125,5.916635513305664
12,100,4,none,3,584,45.6640625,92.33203125,0.0,65.8046875,5.7081403732299805
12,100,4,none,3,585,45.7109375,91.0078125,0.0,66.66796875,5.781479835510254
12,100,4,none,3,586,44.984375,91.97265625,0.0,66.37890625,5.990821838378906
12,100,4,none,3,587,46.00390625,91.84765625,0.0,66.15625,5.898471832275391
12,100,4,none,3,588,44.984375,91.37109375,0.0,66.6171875,6.0608415603637695
12,100,4,none,3,589,45.6640625,91.0546875,0.0,66.328125,5.701563835144043
12,100,4,none,3,590,45.3984375,90.73046875,0.0,66.58203125,5.82490348815918
12,100,4,none,3,591,44.734375,91.01171875,0.0,66.328125,5.818524360656738
12,100,4,none,3,592,44.32421875,90.87109375,0.0,66.65234375,5.870314598083496
12,100,4,none,3,593,45.21875,90.8515625,0.0,66.6953125,5.907195568084717
12,100,4,none,3,594,44.0078125,91.40625,0.0,67.03515625,6.077378273010254
12,100,4,none,3,595,45.015625,91.40625,0.0,66.55078125,6.012208461761475
12,100,4,none,3,596,43.76953125,92.11328125,0.0,66.71484375,6.061948299407959
12,100,4,none,3,597,45.08984375,92.609375,0.0,66.41796875,5.942026138305664
12,100,4,none,3,598,44.59765625,92.515625,0.0,66.23828125,5.8776702880859375
12,100,4,none,3,599,45.8046875,91.3828125,0.0,66.98828125,5.936101913452148
12,100,4,none,3,600,44.65234375,91.59375,0.0,67.2578125,6.231675148010254
12,100,4,none,3,601,45.15234375,91.62890625,0.0,66.54296875,6.018067836761475
12,100,4,none,3,602,45.5390625,92.4296875,0.0,66.51953125,5.9885101318359375
12,100,4,none,3,603,45.25,92.47265625,0.0,66.39453125,6.088152885437012
12,100,4,none,3,604,45.08984375,91.89453125,0.0,66.26953125,6.126010894775391
12,100,4,none,3,605,45.27734375,92.57421875,0.0,66.4375,5.994956016540527
12,100,4,none,3,606,44.41015625,92.63671875,0.0,66.84765625,6.287534236907959
12,100,4,none,3,607,44.53515625,92.11328125,0.0,67.12890625,6.195737361907959
12,100,4,none,3,608,43.7734375,92.7578125,0.0,66.9453125,6.308335304260254
12,100,4,none,3,609,44.40234375,91.92578125,0.0,66.8828125,6.1834001541137695
12,100,4,none,3,610,44.41015625,92.609375,0.0,66.96484375,6.194858551025391
12,100,4,none,3,611,42.8828125,91.59765625,0.0,67.29296875,6.380275249481201
12,100,4,none,3,612,44.83984375,91.7109375,0.0,67.3828125,6.191701412200928
12,100,4,none,3,613,43.3046875,91.38671875,0.0,67.82421875,6.528712272644043
12,100,4,none,3,614,43.26953125,91.96484375,0.0,67.24609375,6.447788238525391
12,100,4,none,3,615,43.125,92.34375,0.0,67.53125,6.420314311981201
12,100,4,none,3,616,43.828125,91.734375,0.0,67.2109375,6.3850603103637695
12,100,4,none,3,617,44.53515625,92.7890625,0.0,66.81640625,6.099773406982422
12,100,4,none,3,618,43.64453125,92.59765625,0.0,66.76171875,6.2883148193359375
12,100,4,none,3,619,43.65625,93.04296875,0.0,66.9921875,6.330112457275391
12,100,4,none,3,620,43.55859375,92.58984375,0.0,67.20703125,6.371323585510254
12,100,4,none,3,621,43.84375,92.42578125,0.0,67.140625,6.295281887054443
12,100,4,none,3,622,43.73046875,92.64453125,0.0,66.68359375,6.207326412200928
12,100,4,none,3,623,43.9375,92.98828125,0.0,66.76171875,6.284018516540527
12,100,4,none,3,624,43.58203125,92.421875,0.0,67.0625,6.32148551940918
12,100,4,none,3,625,42.83984375,93.28515625,0.0,67.2578125,6.7214860916137695
12,100,4,none,3,626,43.7109375,93.0078125,0.0,66.94140625,6.509767055511475
12,100,4,none,3,627,44.11328125,94.46484375,0.0,67.0234375,6.506186485290527
12,100,4,none,3,628,43.98828125,93.06640625,0.0,66.90234375,6.372592926025391
12,100,4,none,3,629,43.81640625,93.2421875,0.0,67.43359375,6.478940486907959
12,100,4,none,3,630,43.765625,93.44140625,0.0,67.09375,6.397429943084717
12,100,4,none,3,631,43.875,94.7890625,0.0,67.296875,6.63043737411499
12,100,4,none,3,632,43.625,93.4765625,0.0,67.25390625,6.504005432128906
12,100,4,none,3,633,42.84765625,94.8046875,0.0,67.109375,6.740170955657959
12,100,4,none,3,634,43.19140625,93.69140625,0.0,67.09375,6.420770168304443
12,100,4,none,3,635,43.27734375,94.45703125,0.0,67.20703125,6.653745174407959
12,100,4,none,3,636,43.54296875,94.51953125,0.0,67.01953125,6.527833461761475
12,100,4,none,3,637,43.17578125,94.87890625,0.0,67.08203125,6.579916954040527
12,100,4,none,3,638,42.359375,94.88671875,0.0,67.234375,6.938575744628906
12,100,4,none,3,639,42.8515625,95.42578125,0.0,67.2578125,6.842188835144043
12,100,4,none,3,640,42.05078125,95.35546875,0.0,67.5,7.023894786834717
12,100,4,none,3,641,43.80859375,94.33203125,0.0,67.26953125,6.574220180511475
12,100,4,none,3,642,42.140625,95.04296875,0.0,67.53125,6.9767913818359375
12,100,4,none,3,643,42.359375,94.03125,0.0,67.15625,6.770509243011475
12,100,4,none,3,644,42.2265625,93.6171875,0.0,67.67578125,6.902898788452148
12,100,4,none,3,645,41.82421875,93.94140625,0.0,67.9765625,7.068231105804443
12,100,4,none,3,646,41.88671875,93.375,0.0,67.6953125,6.871291160583496
12,100,4,none,3,647,41.19140625,93.62109375,0.0,67.921875,6.926239013671875
12,100,4,none,3,648,42.37890625,94.55078125,0.0,67.890625,6.896258354187012
12,100,4,none,3,649,42.03125,93.27734375,0.0,67.62890625,6.602313041687012
12,100,4,none,3,650,42.1328125,93.5546875,0.0,67.49609375,6.526922225952148
12,100,4,none,3,651,42.515625,93.65625,0.0,67.59375,6.834311485290527
12,100,4,none,3,652,42.03125,95.0234375,0.0,67.36328125,6.785841941833496
12,100,4,none,3,653,41.29296875,94.91796875,0.0,68.0390625,7.189064025878906
12,100,4,none,3,654,41.796875,94.62890625,0.0,67.38671875,6.828614711761475
12,100,4,none,3,655,41.44921875,94.1875,0.0,67.90625,6.993068218231201
12,100,4,none,3,656,41.03125,94.6796875,0.0,68.13671875,7.012241363525391
12,100,4,none,3,657,42.0234375,95.359375,0.0,67.80078125,6.986590385437012
12,100,4,none,3,658,41.515625,94.36328125,0.0,68.42578125,7.239617824554443
12,100,4,none,3,659,40.50390625,94.2265625,0.0,68.40234375,7.412795066833496
12,100,4,none,3,660,41.52734375,95.33203125,0.0,67.98828125,6.9493513107299805
12,100,4,none,3,661,41.80078125,95.02734375,0.0,67.86328125,6.901303768157959
12,100,4,none,3,662,41.796875,95.109375,0.0,67.67578125,7.059767723083496
12,100,4,none,3,663,42.0546875,94.58984375,0.0,67.69921875,6.847495079040527
12,100,4,none,3,664,41.47265625,95.0078125,0.0,68.1796875,7.257781982421875
12,100,4,none,3,665,41.4375,94.37890625,0.0,68.3203125,7.105893611907959
12,100,4,none,3,666,41.59765625,95.71484375,0.0,67.95703125,7.210418224334717
12,100,4,none,3,667,41.0859375,95.21484375,0.0,68.2890625,7.327085018157959
12,100,4,none,3,668,41.33984375,95.3359375,0.0,68.11328125,7.3054046630859375
12,100,4,none,3,669,41.6171875,95.50390625,0.0,67.8515625,7.169435024261475
12,100,4,none,3,670,41.0703125,95.81640625,0.0,68.109375,7.283823013305664
12,100,4,none,3,671,40.87890625,94.91796875,0.0,68.01953125,7.177801132202148
12,100,4,none,3,672,41.51171875,94.9375,0.0,67.78515625,6.993686199188232
12,100,4,none,3,673,41.12109375,96.375,0.0,67.98828125,7.528973579406738
12,100,4,none,3,674,42.7109375,95.7734375,0.0,67.77734375,7.080991268157959
12,100,4,none,3,675,40.15234375,96.22265625,0.0,68.05859375,7.565398693084717
12,100,4,none,3,676,40.03515625,96.87890625,0.0,68.03515625,7.677606105804443
12,100,4,none,3,677,40.265625,96.80859375,0.0,68.3984375,7.745216369628906
12,100,4,none,3,678,41.36328125,96.64453125,0.0,68.0859375,7.403582572937012
12,100,4,none,3,679,40.86328125,96.31640625,0.0,68.3046875,7.489748001098633
12,100,4,none,3,680,40.83984375,96.578125,0.0,68.671875,7.563543319702148
12,100,4,none,3,681,41.16015625,96.0390625,0.0,68.46875,7.317319393157959
12,100,4,none,3,682,40.8359375,96.4765625,0.0,68.15234375,7.458595275878906
12,100,4,none,3,683,40.625,95.4765625,0.0,68.55859375,7.485645294189453
12,100,4,none,3,684,40.46484375,95.46875,0.0,68.2890625,7.279526710510254
12,100,4,none,3,685,40.5625,95.0234375,0.0,68.5546875,7.295248985290527
12,100,4,none,3,686,41.078125,95.0625,0.0,68.4609375,7.197592735290527
12,100,4,none,3,687,40.109375,95.76953125,0.0,68.53125,7.4377946853637695
12,100,4,none,3,688,40.859375,95.859375,0.0,68.1015625,7.346388816833496
12,100,4,none,3,689,40.328125,96.33984375,0.0,68.2734375,7.61627721786499
12,100,4,none,3,690,39.859375,95.4609375,0.0,68.71875,7.576791763305664
12,100,4,none,3,691,40.49609375,95.7265625,0.0,68.265625,7.321290493011475
12,100,4,none,3,692,40.91796875,96.671875,0.0,68.38671875,7.430795669555664
12,100,4,none,3,693,39.6875,95.32421875,0.0,68.66796875,7.648211479187012
12,100,4,none,3,694,40.109375,96.23046875,0.0,68.80859375,7.60016393661499
12,100,4,none,3,695,40.67578125,97.26953125,0.0,68.0859375,7.445704936981201
12,100,4,none,3,696,40.6640625,97.0,0.0,68.0859375,7.310483455657959
12,100,4,none,3,697,39.94140625,96.91015625,0.0,68.6953125,7.619826316833496
12,100,4,none,3,698,40.48046875,97.44921875,0.0,68.72265625,7.580763816833496
12,100,4,none,3,699,41.1015625,95.6640625,0.0,68.28515625,7.229168891906738
12,100,4,none,3,700,40.03515625,96.1015625,0.0,68.9453125,7.626336574554443
12,100,4,none,3,701,39.33984375,96.39453125,0.0,68.7421875,7.578680038452148
12,100,4,none,3,702,39.42578125,95.73046875,0.0,69.18359375,7.719760894775391
12,100,4,none,3,703,39.84765625,95.80078125,0.0,68.67578125,7.340692043304443
12,100,4,none,3,704,39.0625,96.8828125,0.0,68.76953125,7.772495269775391
12,100,4,none,3,705,39.640625,97.734375,0.0,68.3671875,7.750555038452148
12,100,4,none,3,706,39.07421875,96.7109375,0.0,68.89453125,7.819109916687012
12,100,4,none,3,707,39.26171875,97.02734375,0.0,69.02734375,7.861720085144043
12,100,4,none,3,708,39.1484375,98.59375,0.0,68.7890625,8.070054054260254
12,100,4,none,3,709,39.1875,97.4765625,0.0,69.16796875,8.172494888305664
12,100,4,none,3,710,39.83984375,96.796875,0.0,68.84765625,7.639389991760254
12,100,4,none,3,711,38.4609375,96.57421875,0.0,69.2265625,8.074806213378906
12,100,4,none,3,712,39.67578125,97.3671875,0.0,68.49609375,7.696681022644043
12,100,4,none,3,713,39.16796875,97.05078125,0.0,69.0,7.980698585510254
12,100,4,none,3,714,38.41796875,97.47265625,0.0,69.23046875,8.061883926391602
12,100,4,none,3,715,38.30859375,98.91015625,0.0,68.90625,8.150554656982422
12,100,4,none,3,716,39.32421875,98.328125,0.0,68.74609375,7.986785411834717
12,100,4,none,3,717,39.71484375,97.33203125,0.0,68.96875,7.763901710510254
12,100,4,none,3,718,38.7109375,97.5703125,0.0,69.10546875,8.029070854187012
12,100,4,none,3,719,39.328125,96.90234375,0.0,68.72265625,7.744988918304443
12,100,4,none,3,720,38.99609375,98.109375,0.0,68.6484375,7.74518346786499
12,100,4,none,3,721,38.7734375,98.39453125,0.0,68.78515625,7.834441661834717
12,100,4,none,3,722,38.3515625,97.88671875,0.0,69.1875,8.034930229187012
12,100,4,none,3,723,38.984375,97.640625,0.0,68.88671875,7.756381988525391
12,100,4,none,3,724,38.15234375,97.78125,0.0,68.796875,8.031122207641602
12,100,4,none,3,725,38.69921875,97.91015625,0.0,68.93359375,7.882065773010254
12,100,4,none,3,726,38.23828125,97.14453125,0.0,69.5546875,8.085386276245117
12,100,4,none,3,727,37.77734375,98.2265625,0.0,69.234375,8.18398666381836
12,100,4,none,3,728,38.60546875,98.4765625,0.0,69.203125,8.06240463256836
12,100,4,none,3,729,38.68359375,98.9609375,0.0,68.94140625,8.08564567565918
12,100,4,none,3,730,38.078125,98.1015625,0.0,69.328125,8.181610107421875
12,100,4,none,3,731,38.046875,97.9453125,0.0,69.2734375,8.240659713745117
12,100,4,none,3,732,38.90234375,98.4765625,0.0,69.421875,8.294662475585938
12,100,4,none,3,733,38.90625,99.05078125,0.0,69.1015625,8.145606994628906
12,100,4,none,3,734,38.57421875,100.10546875,0.0,68.91796875,8.30667495727539
12,100,4,none,3,735,38.94140625,97.78125,0.0,69.3125,8.014650344848633
12,100,4,none,3,736,38.83203125,98.3671875,0.0,69.546875,8.229982376098633
12,100,4,none,3,737,38.3515625,100.3125,0.0,69.34765625,8.471128463745117
12,100,4,none,3,738,38.4765625,99.8671875,0.0,68.96875,8.259832382202148
12,100,4,none,3,739,38.88671875,98.37109375,0.0,69.7421875,8.262144088745117
12,100,4,none,3,740,37.34375,99.46875,0.0,69.265625,8.346193313598633
12,100,4,none,3,741,38.44140625,98.7578125,0.0,69.40625,8.24378490447998
12,100,4,none,3,742,37.609375,98.4140625,0.0,69.60546875,8.356219291687012
12,100,4,none,3,743,38.703125,98.90625,0.0,69.28515625,8.086589813232422
12,100,4,none,3,744,38.1640625,99.80078125,0.0,69.2578125,8.204981803894043
12,100,4,none,3,745,38.01953125,98.4296875,0.0,69.08203125,8.148536682128906
12,100,4,none,3,746,37.3125,99.125,0.0,69.4921875,8.217222213745117
12,100,4,none,3,747,37.0546875,98.234375,0.0,69.390625,8.313772201538086
12,100,4,none,3,748,37.17578125,99.1796875,0.0,69.56640625,8.290496826171875
12,100,4,none,3,749,37.13671875,97.75,0.0,69.6640625,8.151336669921875
12,100,4,none,3,750,36.625,98.50390625,0.0,70.14453125,8.407097816467285
12,100,4,none,3,751,36.45703125,98.05859375,0.0,70.01171875,8.42861557006836
12,100,4,none,3,752,36.65625,99.17578125,0.0,69.68359375,8.511199951171875
12,100,4,none,3,753,37.2109375,98.5859375,0.0,69.5390625,8.485515594482422
12,100,4,none,3,754,36.9296875,99.18359375,0.0,69.58984375,8.494858741760254
12,100,4,none,3,755,38.8046875,99.0078125,0.0,69.38671875,8.137208938598633
12,100,4,none,3,756,37.609375,99.34375,0.0,70.01953125,8.463966369628906
12,100,4,none,3,757,36.8359375,99.17578125,0.0,69.8203125,8.445608139038086
12,100,4,none,3,758,37.5625,98.23046875,0.0,69.84375,8.419076919555664
12,100,4,none,3,759,37.625,99.18359375,0.0,69.45703125,8.453875541687012
12,100,4,none,3,760,37.16796875,99.73046875,0.0,69.6484375,8.466082572937012
12,100,4,none,3,761,36.7734375,99.9140625,0.0,69.96484375,8.697527885437012
12,100,4,none,3,762,36.57421875,99.83984375,0.0,69.7265625,8.65468978881836
12,100,4,none,3,763,35.91796875,99.52734375,0.0,70.12109375,8.88662338256836
12,100,4,none,3,764,36.02734375,99.7421875,0.0,70.33984375,9.036199569702148
12,100,4,none,3,765,35.15234375,101.0234375,0.0,70.046875,9.198829650878906
12,100,4,none,3,766,34.84375,100.3125,0.0,70.21875,9.07376480102539
12,100,4,none,3,767,35.6015625,100.4609375,0.0,69.95703125,8.958205223083496
12,100,4,none,3,768,35.71484375,101.2265625,0.0,69.64453125,8.837143898010254
12,100,4,none,3,769,35.58203125,100.5703125,0.0,69.9140625,8.94257926940918
12,100,4,none,3,770,35.7890625,99.515625,0.0,70.21484375,8.737957000732422
12,100,4,none,3,771,36.54296875,99.1328125,0.0,70.0546875,8.556251525878906
12,100,4,none,3,772,35.7265625,99.42578125,0.0,69.84765625,8.762826919555664
12,100,4,none,3,773,36.54296875,99.6796875,0.0,70.1640625,8.610223770141602
12,100,4,none,3,774,35.79296875,100.22265625,0.0,70.38671875,8.896453857421875
12,100,4,none,3,775,35.53515625,99.51953125,0.0,70.40234375,8.893784523010254
12,100,4,none,3,776,35.7734375,100.0078125,0.0,70.15625,8.718263626098633
12,100,4,none,3,777,35.546875,100.99609375,0.0,70.05078125,8.837078094482422
12,100,4,none,3,778,35.84375,100.8828125,0.0,69.9453125,8.675653457641602
12,100,4,none,3,779,34.609375,99.1796875,0.0,70.37890625,8.901336669921875
12,100,4,none,3,780,34.828125,100.18359375,0.0,70.14453125,8.968133926391602
12,100,4,none,3,781,35.18359375,99.5390625,0.0,70.59375,8.823600769042969
12,100,4,none,3,782,35.45703125,100.9765625,0.0,70.45703125,8.86829662322998
12,100,4,none,3,783,35.7734375,100.89453125,0.0,70.32421875,8.984442710876465
12,100,4,none,3,784,35.77734375,100.5859375,0.0,70.34375,8.937763214111328
12,100,4,none,3,785,36.66796875,100.37890625,0.0,69.984375,9.009018898010254
12,100,4,none,3,786,35.82421875,100.796875,0.0,69.94140625,8.891473770141602
12,100,4,none,3,787,36.79296875,101.71875,0.0,69.80859375,8.854168891906738
12,100,4,none,3,788,36.10546875,101.21875,0.0,70.03515625,8.811264991760254
12,100,4,none,3,789,36.15234375,102.15625,0.0,70.171875,9.038933753967285
12,100,4,none,3,790,37.30078125,102.0546875,0.0,69.5390625,8.89824390411377
12,100,4,none,3,791,36.53125,100.98828125,0.0,70.359375,8.903680801391602
12,100,4,none,3,792,36.5859375,100.9296875,0.0,70.1328125,8.776042938232422
12,100,4,none,3,793,34.8828125,101.91796875,0.0,70.46484375,9.275978088378906
12,100,4,none,3,794,35.93359375,101.1796875,0.0,70.62890625,9.166732788085938
12,100,4,none,3,795,35.6796875,101.65234375,0.0,70.29296875,9.123178482055664
12,100,4,none,3,796,34.51171875,101.140625,0.0,70.4921875,9.129331588745117
12,100,4,none,3,797,34.140625,101.1328125,0.0,70.73046875,9.246258735656738
12,100,4,none,3,798,33.86328125,100.15625,0.0,70.73046875,9.266310691833496
12,100,4,none,3,799,33.76171875,99.890625,0.0,70.9140625,9.218459129333496
12,100,4,none,3,800,34.9140625,99.57421875,0.0,70.75,9.078744888305664
12,100,4,none,3,801,34.27734375,100.2109375,0.0,70.7265625,9.160028457641602
12,100,4,none,3,802,34.5859375,100.32421875,0.0,70.44921875,9.00381088256836
12,100,4,none,3,803,34.09765625,101.4140625,0.0,71.15625,9.585874557495117
12,100,4,none,3,804,34.3984375,101.99609375,0.0,70.9453125,9.260223388671875
12,100,4,none,3,805,34.76953125,102.203125,0.0,70.83203125,9.442352294921875
12,100,4,none,3,806,34.05078125,101.93359375,0.0,70.85546875,9.385581016540527
12,100,4,none,3,807,33.74609375,100.828125,0.0,70.91015625,9.295575141906738
12,100,4,none,3,808,34.66015625,102.64453125,0.0,70.78125,9.322169303894043
12,100,4,none,3,809,34.1875,102.6875,0.0,70.515625,9.259442329406738
12,100,4,none,3,810,33.93359375,103.0390625,0.0,70.69140625,9.439325332641602
12,100,4,none,3,811,34.0234375,101.6796875,0.0,70.6640625,9.447528839111328
12,100,4,none,3,812,33.8671875,103.19140625,0.0,70.55078125,9.502084732055664
12,100,4,none,3,813,35.0078125,101.50390625,0.0,70.421875,9.17509937286377
12,100,4,none,3,814,34.5390625,102.703125,0.0,70.734375,9.436915397644043
12,100,4,none,3,815,34.52734375,101.8984375,0.0,70.703125,9.2284517288208
12,100,4,none,3,816,34.3828125,102.1640625,0.0,70.859375,9.256511688232422
12,100,4,none,3,817,34.3125,103.1328125,0.0,70.54296875,9.34365463256836
12,100,4,none,3,818,34.46484375,102.00390625,0.0,70.80859375,9.348341941833496
12,100,4,none,3,819,33.3984375,102.7109375,0.0,70.89453125,9.488021850585938
12,100,4,none,3,820,33.7109375,102.07421875,0.0,70.984375,9.477670669555664
12,100,4,none,3,821,33.140625,102.2734375,0.0,71.0078125,9.744662284851074
12,100,4,none,3,822,33.40234375,103.515625,0.0,70.8125,9.59902572631836
12,100,4,none,3,823,33.30078125,102.98828125,0.0,70.86328125,9.57581615447998
12,100,4,none,3,824,33.71875,102.76953125,0.0,71.1171875,9.50013256072998
12,100,4,none,3,825,33.54296875,101.28125,0.0,71.5390625,9.506805419921875
12,100,4,none,3,826,34.05859375,103.40625,0.0,70.71875,9.635451316833496
12,100,4,none,3,827,33.64453125,102.1875,0.0,71.29296875,9.77773666381836
12,100,4,none,3,828,32.98046875,103.51171875,0.0,71.296875,9.896974563598633
12,100,4,none,3,829,33.59765625,103.03125,0.0,71.29296875,9.808107376098633
12,100,4,none,3,830,32.78515625,103.39453125,0.0,71.2890625,9.878256797790527
12,100,4,none,3,831,33.07421875,103.09765625,0.0,71.515625,9.812175750732422
12,100,4,none,3,832,33.08984375,103.2578125,0.0,71.2265625,9.712241172790527
12,100,4,none,3,833,33.5078125,102.95703125,0.0,71.1484375,9.643556594848633
12,100,4,none,3,834,33.453125,102.625,0.0,71.01171875,9.513185501098633
12,100,4,none,3,835,33.5546875,103.46484375,0.0,71.0625,9.703290939331055
12,100,4,none,3,836,32.64453125,102.859375,0.0,71.23828125,9.76484489440918
12,100,4,none,3,837,33.54296875,102.9296875,0.0,71.18359375,9.717677116394043
12,100,4,none,3,838,32.65625,102.890625,0.0,70.94921875,9.606773376464844
12,100,4,none,3,839,32.3671875,102.58203125,0.0,71.4921875,9.88548469543457
12,100,4,none,3,840,32.953125,102.3671875,0.0,71.640625,9.83450698852539
12,100,4,none,3,841,32.4921875,102.6796875,0.0,71.6796875,9.700620651245117
12,100,4,none,3,842,32.2734375,103.8671875,0.0,71.35546875,9.869630813598633
12,100,4,none,3,843,32.33984375,103.2265625,0.0,71.45703125,9.748146057128906
12,100,4,none,3,844,33.10546875,102.7421875,0.0,71.453125,9.722234725952148
12,100,4,none,3,845,33.5703125,103.91796875,0.0,70.8671875,9.554559707641602
12,100,4,none,3,846,32.66796875,103.6796875,0.0,71.17578125,9.734637260437012
12,100,4,none,3,847,33.19921875,104.79296875,0.0,71.1484375,9.78372573852539
12,100,4,none,3,848,33.5234375,103.26171875,0.0,71.4296875,9.83242416381836
12,100,4,none,3,849,32.55078125,104.01953125,0.0,71.4140625,10.07815933227539
12,100,4,none,3,850,32.54296875,104.00390625,0.0,70.98828125,9.866863250732422
12,100,4,none,3,851,32.94921875,103.24609375,0.0,71.296875,9.817481994628906
12,100,4,none,3,852,33.54296875,104.1640625,0.0,71.08984375,9.755535125732422
12,100,4,none,3,853,32.20703125,103.84375,0.0,71.44921875,10.041766166687012
12,100,4,none,3,854,32.125,102.76953125,0.0,71.42578125,9.841440200805664
12,100,4,none,3,855,32.3984375,103.93359375,0.0,71.67578125,10.017221450805664
12,100,4,none,3,856,33.26953125,103.55078125,0.0,71.75390625,9.859312057495117
12,100,4,none,3,857,33.453125,104.1484375,0.0,71.28515625,9.79007339477539
12,100,4,none,3,858,32.5703125,103.609375,0.0,71.4765625,9.97744369506836
12,100,4,none,3,859,32.9609375,103.68359375,0.0,71.44921875,9.945704460144043
12,100,4,none,3,860,32.390625,102.984375,0.0,71.8046875,9.924415588378906
12,100,4,none,3,861,32.33203125,103.26171875,0.0,71.5078125,10.004981994628906
12,100,4,none,3,862,32.21875,104.2421875,0.0,71.6875,9.93558120727539
12,100,4,none,3,863,32.21484375,103.71484375,0.0,71.72265625,10.068068504333496
12,100,4,none,3,864,32.58203125,104.22265625,0.0,72.24609375,10.18851089477539
12,100,4,none,3,865,32.2421875,103.08984375,0.0,71.8671875,10.049903869628906
12,100,4,none,3,866,32.0078125,102.78125,0.0,72.359375,10.17679214477539
12,100,4,none,3,867,31.86328125,104.1953125,0.0,71.96484375,10.178973197937012
12,100,4,none,3,868,32.4453125,105.1171875,0.0,71.55078125,10.090203285217285
12,100,4,none,3,869,32.3515625,104.11328125,0.0,71.69921875,9.897951126098633
12,100,4,none,3,870,31.68359375,103.7890625,0.0,71.83203125,10.186232566833496
12,100,4,none,3,871,33.02734375,103.96484375,0.0,71.56640625,9.881609916687012
12,100,4,none,3,872,32.9296875,104.50390625,0.0,71.49609375,9.896193504333496
12,100,4,none,3,873,32.76171875,104.47265625,0.0,71.33984375,9.883661270141602
12,100,4,none,3,874,32.4921875,104.9296875,0.0,71.66015625,10.069599151611328
12,100,4,none,3,875,32.55078125,105.2109375,0.0,71.49609375,10.020606994628906
12,100,4,none,3,876,32.98046875,105.23828125,0.0,71.5546875,9.93301010131836
12,100,4,none,3,877,32.0625,106.453125,0.0,71.32421875,10.093002319335938
12,100,4,none,3,878,32.90625,105.27734375,0.0,71.328125,9.858953475952148
12,100,4,none,3,879,33.31640625,105.203125,0.0,71.6171875,9.866961479187012
12,100,4,none,3,880,32.33203125,104.859375,0.0,71.66015625,10.039194107055664
12,100,4,none,3,881,31.8125,105.29296875,0.0,71.94140625,10.139455795288086
12,100,4,none,3,882,31.703125,105.7734375,0.0,71.57421875,10.349058151245117
12,100,4,none,3,883,31.8828125,105.71875,0.0,71.3046875,10.23694896697998
12,100,4,none,3,884,31.48046875,105.6015625,0.0,71.98046875,10.245054244995117
12,100,4,none,3,885,32.91015625,105.83203125,0.0,71.66015625,9.995574951171875
12,100,4,none,3,886,30.9765625,105.984375,0.0,72.1171875,10.409637451171875
12,100,4,none,3,887,32.48828125,103.95703125,0.0,72.1953125,10.230210304260254
12,100,4,none,3,888,31.84375,105.0546875,0.0,72.0234375,10.268621444702148
12,100,4,none,3,889,31.8671875,105.5,0.0,71.82421875,10.135841369628906
12,100,4,none,3,890,31.19921875,105.23046875,0.0,71.9140625,10.215431213378906
12,100,4,none,3,891,31.6640625,106.3046875,0.0,71.77734375,10.39456558227539
12,100,4,none,3,892,31.00390625,106.16796875,0.0,72.15234375,10.381121635437012
12,100,4,none,3,893,31.08203125,106.48828125,0.0,71.94140625,10.509539604187012
12,100,4,none,3,894,30.96484375,106.6640625,0.0,72.31640625,10.508270263671875
12,100,4,none,3,895,31.18359375,106.21484375,0.0,71.9453125,10.458627700805664
12,100,4,none,3,896,31.2421875,106.87890625,0.0,71.79296875,10.485516548156738
12,100,4,none,3,897,31.6953125,106.875,0.0,71.7890625,10.34339427947998
12,100,4,none,3,898,31.78125,106.4140625,0.0,71.98828125,10.377996444702148
12,100,4,none,3,899,30.23046875,106.1328125,0.0,72.37109375,10.640562057495117
12,100,4,none,3,900,30.86328125,106.86328125,0.0,72.12890625,10.45791244506836
12,100,4,none,3,901,30.45703125,107.22265625,0.0,72.2421875,10.625750541687012
12,100,4,none,3,902,30.453125,105.921875,0.0,72.4296875,10.515789985656738
12,100,4,none,3,903,30.26171875,106.421875,0.0,72.3671875,10.680438041687012
12,100,4,none,3,904,30.18359375,106.51171875,0.0,72.203125,10.700361251831055
12,100,4,none,3,905,31.19921875,105.60546875,0.0,72.05078125,10.376825332641602
12,100,4,none,3,906,29.65625,106.36328125,0.0,72.4765625,10.726661682128906
12,100,4,none,3,907,29.87890625,105.296875,0.0,72.79296875,10.584670066833496
12,100,4,none,3,908,29.83203125,105.78125,0.0,72.48828125,10.718263626098633
12,100,4,none,3,909,30.78125,106.140625,0.0,72.22265625,10.520965576171875
12,100,4,none,3,910,30.3359375,107.1484375,0.0,72.00390625,10.59296989440918
12,100,4,none,3,911,29.890625,106.37890625,0.0,72.69921875,10.741018295288086
12,100,4,none,3,912,31.01171875,106.515625,0.0,72.0390625,10.56458568572998
12,100,4,none,3,913,30.5859375,107.58203125,0.0,72.25390625,10.577963829040527
12,100,4,none,3,914,30.66796875,106.43359375,0.0,72.1015625,10.563119888305664
12,100,4,none,3,915,30.62109375,107.58984375,0.0,72.08203125,10.714747428894043
12,100,4,none,3,916,30.9609375,106.51171875,0.0,72.3203125,10.505535125732422
12,100,4,none,3,917,30.8828125,106.875,0.0,72.06640625,10.652898788452148
12,100,4,none,3,918,30.41015625,106.80078125,0.0,71.9140625,10.618036270141602
12,100,4,none,3,919,31.05859375,107.72265625,0.0,71.67578125,10.557292938232422
12,100,4,none,3,920,31.48046875,107.19140625,0.0,72.06640625,10.471747398376465
12,100,4,none,3,921,30.4609375,107.953125,0.0,72.19921875,10.744010925292969
12,100,4,none,3,922,30.765625,107.81640625,0.0,72.3984375,10.648634910583496
12,100,4,none,3,923,31.0703125,107.76171875,0.0,72.12890625,10.646160125732422
12,100,4,none,3,924,30.56640625,107.7578125,0.0,72.3046875,10.695964813232422
12,100,4,none,3,925,30.078125,108.61328125,0.0,71.97265625,10.953744888305664
12,100,4,none,3,926,29.73828125,108.74609375,0.0,72.6875,11.079038619995117
12,100,4,none,3,927,30.55078125,107.734375,0.0,72.39453125,10.78958511352539
12,100,4,none,3,928,30.203125,107.96484375,0.0,72.62890625,10.925392150878906
12,100,4,none,3,929,28.78515625,107.3984375,0.0,72.8359375,11.176694869995117
12,100,4,none,3,930,30.4140625,107.4375,0.0,72.8359375,10.855079650878906
12,100,4,none,3,931,30.03125,108.40625,0.0,72.3671875,10.886167526245117
12,100,4,none,3,932,30.12109375,107.32421875,0.0,72.390625,10.880209922790527
12,100,4,none,3,933,29.125,108.4453125,0.0,72.58984375,11.189227104187012
12,100,4,none,3,934,28.578125,108.8671875,0.0,73.14453125,11.341115951538086
12,100,4,none,3,935,28.30078125,107.375,0.0,73.34375,11.282651901245117
12,100,4,none,3,936,29.46484375,108.4921875,0.0,72.52734375,11.071584701538086
12,100,4,none,3,937,29.3125,108.29296875,0.0,72.8671875,11.12343978881836
12,100,4,none,3,938,28.84765625,108.24609375,0.0,72.953125,11.233953475952148
12,100,4,none,3,939,29.7109375,107.28515625,0.0,72.78515625,10.93519115447998
12,100,4,none,3,940,28.42578125,107.3515625,0.0,73.0234375,11.135255813598633
12,100,4,none,3,941,28.40234375,108.81640625,0.0,72.75390625,11.246387481689453
12,100,4,none,3,942,30.0,108.01953125,0.0,72.57421875,10.844337463378906
12,100,4,none,3,943,28.921875,107.75,0.0,73.07421875,11.054754257202148
12,100,4,none,3,944,29.06640625,108.4765625,0.0,73.07421875,11.047950744628906
12,100,4,none,3,945,28.73828125,108.12109375,0.0,73.19140625,11.140497207641602
12,100,4,none,3,946,28.8125,109.76171875,0.0,73.296875,11.358367919921875
12,100,4,none,3,947,28.37109375,108.29296875,0.0,73.17578125,11.297365188598633
12,100,4,none,3,948,28.65234375,108.2734375,0.0,73.48828125,11.17568588256836
12,100,4,none,3,949,29.3828125,108.21484375,0.0,73.015625,11.076434135437012
12,100,4,none,3,950,29.00390625,108.75,0.0,73.06640625,11.278549194335938
12,100,4,none,3,951,28.37890625,110.19921875,0.0,73.25,11.341278076171875
12,100,4,none,3,952,28.08984375,107.93359375,0.0,73.0390625,11.141408920288086
12,100,4,none,3,953,28.37890625,109.5546875,0.0,73.0234375,11.39017105102539
12,100,4,none,3,954,28.28515625,109.6484375,0.0,72.84765625,11.316927909851074
12,100,4,none,3,955,28.4296875,108.359375,0.0,72.68359375,11.175458908081055
12,100,4,none,3,956,27.640625,108.68359375,0.0,72.921875,11.316278457641602
12,100,4,none,3,957,28.7734375,108.27734375,0.0,72.8671875,11.17552375793457
12,100,4,none,3,958,29.25,108.13671875,0.0,73.0,10.983823776245117
12,100,4,none,3,959,28.4765625,108.3671875,0.0,73.203125,11.350326538085938
12,100,4,none,3,960,28.71875,109.03125,0.0,72.890625,11.350393295288086
12,100,4,none,3,961,28.6484375,108.75,0.0,73.00390625,11.17715072631836
12,100,4,none,3,962,27.671875,110.11328125,0.0,73.125,11.485613822937012
12,100,4,none,3,963,28.26953125,108.4921875,0.0,73.09765625,11.279037475585938
12,100,4,none,3,964,27.6015625,109.421875,0.0,72.97265625,11.412567138671875
12,100,4,none,3,965,28.265625,109.77734375,0.0,73.46875,11.501564025878906
12,100,4,none,3,966,27.43359375,109.07421875,0.0,73.390625,11.427020072937012
12,100,4,none,3,967,27.671875,109.4921875,0.0,73.12890625,11.507390975952148
12,100,4,none,3,968,27.4375,109.4765625,0.0,73.625,11.595508575439453
12,100,4,none,3,969,28.078125,110.98828125,0.0,72.97265625,11.67793083190918
12,100,4,none,3,970,27.53125,109.9921875,0.0,73.33984375,11.769434928894043
12,100,4,none,3,971,27.85546875,109.00390625,0.0,73.28125,11.380340576171875
12,100,4,none,3,972,27.89453125,109.921875,0.0,72.9921875,11.341960906982422
12,100,4,none,3,973,28.19921875,109.34765625,0.0,73.04296875,11.360613822937012
12,100,4,none,3,974,28.33984375,109.53125,0.0,72.98046875,11.20380973815918
12,100,4,none,3,975,27.46875,108.73046875,0.0,73.453125,11.282455444335938
12,100,4,none,3,976,27.6171875,107.93359375,0.0,73.625,11.401433944702148
12,100,4,none,3,977,28.28515625,107.94921875,0.0,73.4296875,11.280502319335938
12,100,4,none,3,978,27.83203125,109.90234375,0.0,73.0859375,11.450262069702148
12,100,4,none,3,979,28.08984375,108.76171875,0.0,73.13671875,11.318751335144043
12,100,4,none,3,980,27.68359375,108.34765625,0.0,73.30859375,11.304949760437012
12,100,4,none,3,981,27.0546875,109.90234375,0.0,73.4375,11.650327682495117
12,100,4,none,3,982,26.3984375,110.109375,0.0,73.27734375,11.662924766540527
12,100,4,none,3,983,27.66015625,109.1953125,0.0,73.515625,11.59345817565918
12,100,4,none,3,984,27.4296875,110.3359375,0.0,73.6171875,11.614649772644043
12,100,4,none,3,985,27.51171875,109.7734375,0.0,73.5,11.658531188964844
12,100,4,none,3,986,26.7890625,111.375,0.0,73.51953125,11.904884338378906
12,100,4,none,3,987,28.12890625,111.0546875,0.0,73.15234375,11.83353042602539
12,100,4,none,3,988,27.30859375,110.83203125,0.0,73.69921875,11.894989013671875
12,100,4,none,3,989,27.33203125,111.07421875,0.0,73.5390625,11.767938613891602
12,100,4,none,3,990,26.81640625,111.19140625,0.0,73.15234375,11.759931564331055
12,100,4,none,3,991,26.53515625,112.21875,0.0,73.6171875,12.073406219482422
12,100,4,none,3,992,26.71484375,112.3359375,0.0,73.26171875,11.918295860290527
12,100,4,none,3,993,26.16796875,111.38671875,0.0,73.74609375,11.929298400878906
12,100,4,none,3,994,26.921875,110.47265625,0.0,73.203125,11.650912284851074
12,100,4,none,3,995,26.984375,110.90625,0.0,73.56640625,11.78382396697998
12,100,4,none,3,996,27.01953125,111.23828125,0.0,73.6015625,11.78577709197998
12,100,4,none,3,997,26.24609375,111.6328125,0.0,73.6328125,11.902769088745117
12,100,4,none,3,998,26.90625,110.140625,0.0,73.8828125,11.818458557128906
12,100,4,none,3,999,26.8046875,111.3359375,0.0,73.3828125,11.723081588745117
12,100,4,none,3,1000,26.921875,110.35546875,0.0,73.4140625,11.589683532714844
12,100,4,none,3,1001,26.875,111.09765625,0.0,73.3671875,11.61878490447998
12,100,4,none,3,1002,27.6875,112.0,0.0,73.125,11.726271629333496
12,100,4,none,3,1003,26.62109375,110.3046875,0.0,73.671875,11.821127891540527
12,100,4,none,3,1004,26.75390625,110.80859375,0.0,73.61328125,11.868621826171875
12,100,4,none,3,1005,26.5078125,112.01953125,0.0,74.09765625,12.132326126098633
12,100,4,none,3,1006,26.46484375,112.04296875,0.0,73.58984375,11.982097625732422
12,100,4,none,3,1007,26.3984375,112.07421875,0.0,73.41015625,11.767840385437012
12,100,4,none,3,1008,27.1015625,111.703125,0.0,73.36328125,11.764877319335938
12,100,4,none,3,1009,26.9453125,112.78515625,0.0,73.77734375,12.051923751831055
12,100,4,none,3,1010,26.578125,111.01171875,0.0,73.91015625,12.152833938598633
12,100,4,none,3,1011,27.53515625,112.47265625,0.0,73.64453125,11.989974975585938
12,100,4,none,3,1012,27.51953125,112.8203125,0.0,73.40625,11.83450698852539
12,100,4,none,3,1013,27.58203125,112.08203125,0.0,73.7578125,11.950912475585938
12,100,4,none,3,1014,27.3671875,113.79296875,0.0,73.76171875,12.160353660583496
12,100,4,none,3,1015,26.6796875,113.3828125,0.0,73.734375,12.148733139038086
12,100,4,none,3,1016,27.1796875,113.92578125,0.0,73.5703125,12.057977676391602
12,100,4,none,3,1017,27.26953125,113.05078125,0.0,73.6328125,11.968132019042969
12,100,4,none,3,1018,27.265625,111.8046875,0.0,73.640625,12.022789001464844
12,100,4,none,3,1019,27.21875,112.55859375,0.0,73.51953125,11.957359313964844
12,100,4,none,3,1020,27.1171875,112.2890625,0.0,73.59765625,11.894858360290527
12,100,4,none,3,1021,27.25390625,112.24609375,0.0,73.72265625,11.93919563293457
12,100,4,none,3,1022,26.40625,112.97265625,0.0,73.87109375,12.042970657348633
12,100,4,none,3,1023,25.53125,112.4453125,0.0,74.0390625,12.224838256835938
12,100,4,none,3,1024,26.8125,113.16015625,0.0,73.8203125,12.062858581542969
12,100,4,none,3,1025,26.78125,113.02734375,0.0,73.75390625,12.218849182128906
12,100,4,none,3,1026,26.67578125,112.83984375,0.0,73.59765625,12.101954460144043
12,100,4,none,3,1027,25.9609375,113.625,0.0,73.8125,12.194533348083496
12,100,4,none,3,1028,26.66015625,113.6328125,0.0,73.69921875,12.25166130065918
12,100,4,none,3,1029,25.81640625,113.87109375,0.0,73.921875,12.193263053894043
12,100,4,none,3,1030,25.625,114.7734375,0.0,73.9921875,12.454038619995117
12,100,4,none,3,1031,26.67578125,113.03515625,0.0,73.8125,12.106870651245117
12,100,4,none,3,1032,26.05078125,113.60546875,0.0,73.64453125,12.229852676391602
12,100,4,none,3,1033,25.23046875,114.33203125,0.0,74.1796875,12.540334701538086
12,100,4,none,3,1034,26.5234375,112.9453125,0.0,74.22265625,12.253843307495117
12,100,4,none,3,1035,25.3671875,114.609375,0.0,74.2890625,12.627996444702148
12,100,4,none,3,1036,26.29296875,113.65625,0.0,74.21875,12.373210906982422
12,100,4,none,3,1037,25.7578125,114.4453125,0.0,74.12890625,12.534278869628906
12,100,4,none,3,1038,26.40234375,113.05859375,0.0,74.2265625,12.299220085144043
12,100,4,none,3,1039,26.1484375,114.11328125,0.0,74.4609375,12.471649169921875
12,100,4,none,3,1040,26.39453125,113.9453125,0.0,74.1953125,12.346616744995117
12,100,4,none,3,1041,26.53515625,115.66015625,0.0,73.71875,12.335678100585938
12,100,4,none,3,1042,25.5078125,113.546875,0.0,74.6171875,12.50833511352539
12,100,4,none,3,1043,25.9765625,114.453125,0.0,74.52734375,12.456350326538086
12,100,4,none,3,1044,25.921875,115.546875,0.0,74.03125,12.512533187866211
12,100,4,none,3,1045,26.09375,115.84375,0.0,74.09375,12.557586669921875
12,100,4,none,3,1046,25.859375,114.69921875,0.0,74.3203125,12.69642162322998
12,100,4,none,3,1047,26.45703125,115.0390625,0.0,73.90234375,12.363706588745117
12,100,4,none,3,1048,26.015625,115.62890625,0.0,73.55078125,12.50068473815918
12,100,4,none,3,1049,25.3359375,114.21484375,0.0,74.14453125,12.596095085144043
12,100,4,none,3,1050,25.96484375,114.57421875,0.0,73.94140625,12.392417907714844
12,100,4,none,3,1051,25.88671875,115.68359375,0.0,74.04296875,12.653127670288086
12,100,4,none,3,1052,25.73828125,115.2890625,0.0,74.3125,12.675360679626465
12,100,4,none,3,1053,25.6484375,114.6953125,0.0,74.01171875,12.455373764038086
12,100,4,none,3,1054,26.01171875,114.66015625,0.0,73.921875,12.418426513671875
12,100,4,none,3,1055,25.671875,115.29296875,0.0,73.65234375,12.463804244995117
12,100,4,none,3,1056,25.921875,114.7578125,0.0,73.94921875,12.491765975952148
12,100,4,none,3,1057,25.67578125,114.5546875,0.0,74.28125,12.455015182495117
12,100,4,none,3,1058,26.0078125,115.078125,0.0,74.15625,12.54902458190918
12,100,4,none,3,1059,24.8828125,114.90234375,0.0,74.484375,12.844207763671875
12,100,4,none,3,1060,24.9765625,115.5078125,0.0,74.66796875,12.807586669921875
12,100,4,none,3,1061,25.2421875,115.05859375,0.0,74.23828125,12.727508544921875
12,100,4,none,3,1062,25.1328125,116.1171875,0.0,74.29296875,12.763023376464844
12,100,4,none,3,1063,25.2734375,114.5390625,0.0,74.171875,12.52347183227539
12,100,4,none,3,1064,24.86328125,117.08203125,0.0,74.6875,12.918132781982422
12,100,4,none,3,1065,24.7578125,115.4140625,0.0,74.54296875,12.697657585144043
12,100,4,none,3,1066,24.83984375,116.13671875,0.0,74.36328125,12.776759147644043
12,100,4,none,3,1067,25.52734375,115.015625,0.0,74.28515625,12.53958511352539
12,100,4,none,3,1068,24.44140625,115.37890625,0.0,74.15234375,12.656447410583496
12,100,4,none,3,1069,25.19921875,116.24609375,0.0,74.265625,12.875686645507812
12,100,4,none,3,1070,24.34765625,115.71875,0.0,74.359375,12.88733959197998
12,100,4,none,3,1071,25.234375,114.9609375,0.0,74.16015625,12.522299766540527
12,100,4,none,3,1072,24.69921875,115.0859375,0.0,74.3828125,12.617091178894043
12,100,4,none,3,1073,24.7734375,114.95703125,0.0,74.53125,12.66907787322998
12,100,4,none,3,1074,25.015625,115.55859375,0.0,74.68359375,12.81953239440918
12,100,4,none,3,1075,25.35546875,116.15625,0.0,74.43359375,12.804656982421875
12,100,4,none,3,1076,25.33984375,116.4609375,0.0,74.234375,12.707033157348633
12,100,4,none,3,1077,25.1015625,115.81640625,0.0,74.89453125,12.886655807495117
12,100,4,none,3,1078,25.40625,116.10546875,0.0,74.421875,12.834246635437012
12,100,4,none,3,1079,24.6796875,116.55078125,0.0,74.55078125,12.96133041381836
12,100,4,none,3,1080,24.46484375,117.12109375,0.0,74.33984375,12.962142944335938
12,100,4,none,3,1081,24.80078125,115.89453125,0.0,74.50390625,12.93313980102539
12,100,4,none,3,1082,24.27734375,116.9765625,0.0,74.6875,12.958888053894043
12,100,4,none,3,1083,24.703125,116.2890625,0.0,74.609375,12.86220932006836
12,100,4,none,3,1084,24.29296875,117.71875,0.0,74.59765625,13.00110912322998
12,100,4,none,3,1085,24.48046875,116.74609375,0.0,74.66015625,12.82337474822998
12,100,4,none,3,1086,24.9296875,116.77734375,0.0,74.63671875,12.919272422790527
12,100,4,none,3,1087,23.91796875,118.8515625,0.0,74.63671875,13.321876525878906
12,100,4,none,3,1088,23.6015625,117.25390625,0.0,74.890625,13.20862865447998
12,100,4,none,3,1089,23.9375,116.45703125,0.0,74.75,13.039878845214844
12,100,4,none,3,1090,24.12890625,116.88671875,0.0,74.9921875,13.203453063964844
12,100,4,none,3,1091,24.9921875,118.58984375,0.0,74.5234375,13.079428672790527
12,100,4,none,3,1092,24.15234375,118.83984375,0.0,74.55078125,13.162534713745117
12,100,4,none,3,1093,24.08203125,118.45703125,0.0,74.37109375,13.167319297790527
12,100,4,none,3,1094,24.28125,117.94140625,0.0,74.765625,13.099513053894043
12,100,4,none,3,1095,23.5546875,117.0078125,0.0,74.765625,13.072951316833496
12,100,4,none,3,1096,24.12890625,118.0625,0.0,74.46484375,13.024481773376465
12,100,4,none,3,1097,23.796875,117.3671875,0.0,74.60546875,13.055014610290527
12,100,4,none,3,1098,23.33984375,118.5390625,0.0,74.6953125,13.228322982788086
12,100,4,none,3,1099,23.2578125,118.375,0.0,75.0078125,13.16663646697998
12,100,4,none,3,1100,23.35546875,116.97265625,0.0,74.87890625,13.22288703918457
12,100,4,none,3,1101,23.41796875,119.4765625,0.0,74.8984375,13.334083557128906
12,100,4,none,3,1102,22.96875,118.02734375,0.0,75.1171875,13.263705253601074
12,100,4,none,3,1103,23.41796875,118.53125,0.0,74.75,13.40188980102539
12,100,4,none,3,1104,23.2890625,118.44921875,0.0,75.10546875,13.428290367126465
12,100,4,none,3,1105,23.6484375,116.984375,0.0,74.9375,13.324481010437012
12,100,4,none,3,1106,23.671875,118.5859375,0.0,74.9296875,13.270639419555664
12,100,4,none,3,1107,22.953125,118.6953125,0.0,75.1875,13.523603439331055
12,100,4,none,3,1108,23.4140625,119.234375,0.0,74.80859375,13.371681213378906
12,100,4,none,3,1109,24.21484375,118.65234375,0.0,74.69921875,13.221519470214844
12,100,4,none,3,1110,23.71875,119.0,0.0,74.9921875,13.493818283081055
12,100,4,none,3,1111,23.55078125,118.2421875,0.0,74.71875,13.261558532714844
12,100,4,none,3,1112,23.78125,119.1328125,0.0,75.03125,13.397201538085938
12,100,4,none,3,1113,23.33984375,118.48828125,0.0,74.9140625,13.422625541687012
12,100,4,none,3,1114,23.609375,118.3671875,0.0,75.125,13.334474563598633
12,100,4,none,3,1115,23.95703125,119.421875,0.0,74.8515625,13.39248275756836
12,100,4,none,3,1116,23.55859375,119.9140625,0.0,74.91796875,13.348308563232422
12,100,4,none,3,1117,23.5078125,119.25,0.0,75.265625,13.417742729187012
12,100,4,none,3,1118,23.7734375,118.9375,0.0,74.95703125,13.37708568572998
12,100,4,none,3,1119,23.3671875,119.78515625,0.0,74.97265625,13.476791381835938
12,100,4,none,3,1120,23.203125,119.33984375,0.0,75.15625,13.530860900878906
12,100,4,none,3,1121,23.2109375,118.21484375,0.0,75.08203125,13.230372428894043
12,100,4,none,3,1122,23.234375,119.09765625,0.0,74.94921875,13.485387802124023
12,100,4,none,3,1123,22.609375,120.96484375,0.0,75.234375,13.734670639038086
12,100,4,none,3,1124,22.62109375,118.5078125,0.0,75.2578125,13.460027694702148
12,100,4,none,3,1125,23.30859375,119.9609375,0.0,75.1015625,13.441017150878906
12,100,4,none,3,1126,23.02734375,120.13671875,0.0,74.58984375,13.450979232788086
12,100,4,none,3,1127,22.76171875,119.74609375,0.0,75.5234375,13.591700553894043
12,100,4,none,3,1128,23.12109375,120.5234375,0.0,74.71875,13.39710521697998
12,100,4,none,3,1129,23.07421875,120.31640625,0.0,75.16796875,13.62708568572998
12,100,4,none,3,1130,23.05859375,119.71875,0.0,75.1953125,13.563250541687012
12,100,4,none,3,1131,21.73046875,119.68359375,0.0,75.27734375,13.74964427947998
12,100,4,none,3,1132,23.17578125,120.44140625,0.0,75.13671875,13.573537826538086
12,100,4,none,3,1133,22.76953125,120.046875,0.0,75.41796875,13.627246856689453
12,100,4,none,3,1134,22.15625,120.015625,0.0,74.953125,13.50316047668457
12,100,4,none,3,1135,22.4921875,120.9375,0.0,75.49609375,13.762144088745117
12,100,4,none,3,1136,22.85546875,119.578125,0.0,75.10546875,13.54837417602539
12,100,4,none,3,1137,23.1171875,120.96484375,0.0,75.26171875,13.715919494628906
12,100,4,none,3,1138,22.56640625,119.953125,0.0,75.3046875,13.673015594482422
12,100,4,none,3,1139,23.62109375,119.23046875,0.0,75.32421875,13.507781982421875
12,100,4,none,3,1140,23.0078125,119.734375,0.0,75.35546875,13.521780014038086
12,100,4,none,3,1141,22.9453125,121.3828125,0.0,75.3046875,13.632326126098633
12,100,4,none,3,1142,22.73828125,119.6328125,0.0,75.24609375,13.47500228881836
12,100,4,none,3,1143,22.953125,120.42578125,0.0,75.18359375,13.556869506835938
12,100,4,none,3,1144,21.78125,119.64453125,0.0,75.63671875,13.49827766418457
12,100,4,none,3,1145,22.35546875,120.109375,0.0,75.23046875,13.57728099822998
12,100,4,none,3,1146,22.98046875,121.03515625,0.0,75.484375,13.607391357421875
12,100,4,none,3,1147,22.0,119.97265625,0.0,75.36328125,13.791571617126465
12,100,4,none,3,1148,21.8828125,121.57421875,0.0,75.61328125,13.910972595214844
12,100,4,none,3,1149,22.04296875,121.9140625,0.0,75.234375,13.845052719116211
12,100,4,none,3,1150,22.546875,120.921875,0.0,75.48828125,13.84082317352295
12,100,4,none,3,1151,22.390625,120.34765625,0.0,75.3125,13.713152885437012
12,100,4,none,3,1152,23.23828125,121.1875,0.0,75.3671875,13.776564598083496
12,100,4,none,3,1153,21.8203125,121.15234375,0.0,75.3515625,13.818035125732422
12,100,4,none,3,1154,22.06640625,120.859375,0.0,75.65625,13.843165397644043
12,100,4,none,3,1155,22.26171875,120.90625,0.0,75.828125,13.898601531982422
12,100,4,none,3,1156,22.7109375,120.03515625,0.0,75.5234375,13.71448802947998
12,100,4,none,3,1157,22.484375,121.7890625,0.0,75.4453125,13.795248985290527
12,100,4,none,3,1158,21.33203125,121.76171875,0.0,75.84375,13.926435470581055
12,100,4,none,3,1159,22.16796875,122.40234375,0.0,75.5234375,13.834409713745117
12,100,4,none,3,1160,22.9765625,121.1484375,0.0,75.3984375,13.774480819702148
12,100,4,none,3,1161,22.5625,119.33203125,0.0,75.5,13.654722213745117
12,100,4,none,3,1162,21.59375,121.3828125,0.0,75.4453125,13.940299987792969
12,100,4,none,3,1163,21.81640625,120.97265625,0.0,75.3671875,13.735515594482422
12,100,4,none,3,1164,22.7734375,121.5234375,0.0,75.2734375,13.682130813598633
12,100,4,none,3,1165,21.6875,121.4609375,0.0,75.57421875,13.87910270690918
12,100,4,none,3,1166,22.0390625,123.48046875,0.0,75.45703125,14.027021408081055
12,100,4,none,3,1167,21.87890625,122.0703125,0.0,75.25390625,13.781967163085938
12,100,4,none,3,1168,22.05859375,121.703125,0.0,75.45703125,13.956480026245117
12,100,4,none,3,1169,21.70703125,121.9609375,0.0,75.41796875,13.931999206542969
12,100,4,none,3,1170,21.91796875,122.41015625,0.0,75.1953125,13.947982788085938
12,100,4,none,3,1171,22.84375,121.9375,0.0,75.5859375,13.87490463256836
12,100,4,none,3,1172,22.35546875,121.96875,0.0,75.49609375,14.010027885437012
12,100,4,none,3,1173,22.18359375,121.40234375,0.0,75.5,13.95179271697998
12,100,4,none,3,1174,22.09375,123.1328125,0.0,75.5390625,14.10364818572998
12,100,4,none,3,1175,21.60546875,121.890625,0.0,75.48046875,14.005666732788086
12,100,4,none,3,1176,21.8828125,123.70703125,0.0,75.390625,14.186393737792969
12,100,4,none,3,1177,21.92578125,122.2421875,0.0,75.5234375,13.968816757202148
12,100,4,none,3,1178,22.05078125,122.65234375,0.0,75.59765625,14.04544448852539
12,100,4,none,3,1179,22.33203125,122.63671875,0.0,75.1328125,13.928451538085938
12,100,4,none,3,1180,21.8359375,123.64453125,0.0,75.20703125,14.109115600585938
12,100,4,none,3,1181,22.125,123.1484375,0.0,75.21875,13.915105819702148
12,100,4,none,3,1182,22.1640625,122.92578125,0.0,75.6015625,13.940790176391602
12,100,4,none,3,1183,21.65234375,121.8046875,0.0,75.87109375,14.013055801391602
12,100,4,none,3,1184,21.7265625,122.4609375,0.0,75.59765625,14.006902694702148
12,100,4,none,3,1185,21.125,123.86328125,0.0,75.72265625,14.261329650878906
12,100,4,none,3,1186,21.37890625,123.30078125,0.0,75.74609375,14.114227294921875
12,100,4,none,3,1187,20.828125,123.6171875,0.0,76.0546875,14.29261302947998
12,100,4,none,3,1188,20.74609375,124.3984375,0.0,75.93359375,14.372365951538086
12,100,4,none,3,1189,20.66796875,123.609375,0.0,75.890625,14.328290939331055
12,100,4,none,3,1190,21.06640625,122.9765625,0.0,75.7109375,14.267189025878906
12,100,4,none,3,1191,21.85546875,124.5390625,0.0,75.9375,14.336329460144043
12,100,4,none,3,1192,20.90234375,123.35546875,0.0,76.3984375,14.388412475585938
12,100,4,none,3,1193,21.58203125,123.4609375,0.0,76.06640625,14.297592163085938
12,100,4,none,3,1194,21.0859375,124.375,0.0,75.87890625,14.471224784851074
12,100,4,none,3,1195,21.4921875,122.9765625,0.0,75.984375,14.258399963378906
12,100,4,none,3,1196,21.1328125,123.4375,0.0,75.70703125,14.190821647644043
12,100,4,none,3,1197,20.546875,124.50390625,0.0,75.91015625,14.371420860290527
12,100,4,none,3,1198,21.49609375,124.36328125,0.0,75.5546875,14.352736473083496
12,100,4,none,3,1199,20.7265625,124.69140625,0.0,76.19921875,14.551531791687012
12,100,4,none,3,1200,20.9609375,123.34765625,0.0,75.78125,14.240530014038086
12,100,4,none,3,1201,21.765625,125.578125,0.0,75.41796875,14.320574760437012
12,100,4,none,3,1202,21.60546875,125.54296875,0.0,75.39453125,14.335027694702148
12,100,4,none,3,1203,21.71875,125.82421875,0.0,75.3828125,14.25394058227539
12,100,4,none,3,1204,20.90625,125.578125,0.0,75.08984375,14.326140403747559
12,100,4,none,3,1205,20.91015625,123.8125,0.0,75.73046875,14.237892150878906
12,100,4,none,3,1206,21.53515625,125.9140625,0.0,75.34765625,14.374383926391602
12,100,4,none,3,1207,22.2265625,126.2421875,0.0,75.3984375,14.40335464477539
12,100,4,none,3,1208,20.9921875,126.359375,0.0,75.8203125,14.503843307495117
12,100,4,none,3,1209,21.3984375,126.2421875,0.0,75.95703125,14.48261833190918
12,100,4,none,3,1210,21.40234375,125.2578125,0.0,75.72265625,14.484766960144043
12,100,4,none,3,1211,21.19921875,124.15234375,0.0,75.93359375,14.28431224822998
12,100,4,none,3,1212,21.66015625,126.16796875,0.0,75.6640625,14.427053451538086
12,100,4,none,3,1213,21.0859375,124.8125,0.0,75.8828125,14.50999641418457
12,100,4,none,3,1214,21.20703125,125.84765625,0.0,75.95703125,14.569206237792969
12,100,4,none,3,1215,21.60546875,126.25390625,0.0,75.875,14.437762260437012
12,100,4,none,3,1216,20.73046875,126.0546875,0.0,75.98046875,14.620704650878906
12,100,4,none,3,1217,21.00390625,125.0234375,0.0,75.90234375,14.390790939331055
12,100,4,none,3,1218,20.83984375,126.0703125,0.0,75.8828125,14.641016960144043
12,100,4,none,3,1219,20.8203125,124.44921875,0.0,76.0234375,14.566375732421875
12,100,4,none,3,1220,21.6484375,124.92578125,0.0,76.01953125,14.468427658081055
12,100,4,none,3,1221,21.35546875,125.640625,0.0,75.84765625,14.391180038452148
12,100,4,none,3,1222,21.03125,126.5546875,0.0,75.7578125,14.562957763671875
12,100,4,none,3,1223,21.2265625,125.40234375,0.0,75.78125,14.426010131835938
12,100,4,none,3,1224,20.640625,125.5703125,0.0,75.73046875,14.46878433227539
12,100,4,none,3,1225,20.52734375,125.79296875,0.0,75.96484375,14.516082763671875
12,100,4,none,3,1226,21.44140625,125.1484375,0.0,75.56640625,14.24368667602539
12,100,4,none,3,1227,21.16015625,125.22265625,0.0,75.6875,14.210321426391602
12,100,4,none,3,1228,20.8671875,126.7421875,0.0,75.54296875,14.451563835144043
12,100,4,none,3,1229,20.91796875,125.37890625,0.0,75.94140625,14.479558944702148
12,100,4,none,3,1230,20.7421875,125.26953125,0.0,76.0234375,14.499675750732422
12,100,4,none,3,1231,19.52734375,126.8125,0.0,76.203125,14.638477325439453
12,100,4,none,3,1232,20.48828125,126.1484375,0.0,76.0546875,14.613447189331055
12,100,4,none,3,1233,20.16796875,126.24609375,0.0,76.02734375,14.757617950439453
12,100,4,none,3,1234,19.74609375,127.078125,0.0,76.03515625,14.80508041381836
12,100,4,none,3,1235,19.796875,127.25,0.0,76.6875,15.067645072937012
12,100,4,none,3,1236,20.21875,125.66015625,0.0,76.65234375,14.718100547790527
12,100,4,none,3,1237,20.09375,127.90234375,0.0,76.1640625,14.880437850952148
12,100,4,none,3,1238,20.171875,126.77734375,0.0,76.12109375,14.816375732421875
12,100,4,none,3,1239,21.1640625,125.88671875,0.0,76.375,14.722593307495117
12,100,4,none,3,1240,20.30078125,127.09375,0.0,76.125,14.820053100585938
12,100,4,none,3,1241,19.97265625,126.91015625,0.0,75.93359375,14.795802116394043
12,100,4,none,3,1242,20.0703125,126.60546875,0.0,76.2890625,14.920119285583496
12,100,4,none,3,1243,20.50390625,128.3125,0.0,75.70703125,14.801337242126465
12,100,4,none,3,1244,20.8046875,127.06640625,0.0,76.08984375,14.750358581542969
12,100,4,none,3,1245,21.10546875,126.84375,0.0,76.3828125,14.705307006835938
12,100,4,none,3,1246,20.73828125,128.06640625,0.0,76.234375,14.981023788452148
12,100,4,none,3,1247,19.890625,127.03125,0.0,76.33203125,14.933889389038086
12,100,4,none,3,1248,19.9296875,127.5078125,0.0,76.3671875,14.959376335144043
12,100,4,none,3,1249,20.3828125,127.76953125,0.0,76.24609375,14.840431213378906
12,100,4,none,3,1250,19.4609375,126.34765625,0.0,76.5390625,14.834376335144043
12,100,4,none,3,1251,19.58203125,128.12890625,0.0,76.546875,15.20804214477539
12,100,4,none,3,1252,20.1015625,125.3046875,0.0,76.49609375,14.800230026245117
12,100,4,none,3,1253,19.60546875,127.80078125,0.0,76.6171875,15.085809707641602
12,100,4,none,3,1254,19.93359375,127.61328125,0.0,76.3046875,14.98831558227539
12,100,4,none,3,1255,19.6796875,127.30859375,0.0,76.50390625,14.92597770690918
12,100,4,none,3,1256,20.17578125,126.20703125,0.0,76.6328125,14.958953857421875
12,100,4,none,3,1257,19.203125,128.5390625,0.0,76.515625,15.059799194335938
12,100,4,none,3,1258,20.31640625,126.55859375,0.0,76.28515625,14.634931564331055
12,100,4,none,3,1259,19.953125,127.58984375,0.0,76.51953125,14.92444896697998
12,100,4,none,3,1260,19.39453125,127.7734375,0.0,76.4140625,15.060972213745117
12,100,4,none,3,1261,19.9765625,127.73046875,0.0,76.0859375,14.782163619995117
12,100,4,none,3,1262,20.125,127.54296875,0.0,75.94140625,14.731966972351074
12,100,4,none,3,1263,19.24609375,128.74609375,0.0,76.26171875,14.941278457641602
12,100,4,none,3,1264,19.94140625,126.51953125,0.0,76.390625,14.59974193572998
12,100,4,none,3,1265,19.91015625,129.14453125,0.0,76.22265625,14.934473991394043
12,100,4,none,3,1266,19.44140625,128.39453125,0.0,76.17578125,14.953062057495117
12,100,4,none,3,1267,19.671875,129.23828125,0.0,76.359375,15.12275505065918
12,100,4,none,3,1268,19.5546875,128.48828125,0.0,76.22265625,15.01465129852295
12,100,4,none,3,1269,20.09375,127.421875,0.0,76.3046875,14.73294448852539
12,100,4,none,3,1270,19.88671875,129.2421875,0.0,76.26953125,15.016212463378906
12,100,4,none,3,1271,18.984375,127.765625,0.0,76.56640625,15.099349975585938
12,100,4,none,3,1272,19.734375,128.8359375,0.0,76.21484375,14.915952682495117
12,100,4,none,3,1273,20.0703125,129.17578125,0.0,76.1796875,14.950653076171875
12,100,4,none,3,1274,19.203125,128.51171875,0.0,76.578125,15.128028869628906
12,100,4,none,3,1275,19.70703125,127.53515625,0.0,76.32421875,14.849481582641602
12,100,4,none,3,1276,19.078125,129.4140625,0.0,76.58203125,15.090789794921875
12,100,4,none,3,1277,19.44921875,128.1015625,0.0,76.6328125,15.098861694335938
12,100,4,none,3,1278,18.87109375,129.46875,0.0,76.39453125,15.098731994628906
12,100,4,none,3,1279,19.4765625,128.3203125,0.0,76.359375,14.988184928894043
12,100,4,none,3,1280,19.25,129.30859375,0.0,76.359375,15.057683944702148
12,100,4,none,3,1281,19.75390625,126.953125,0.0,77.01953125,14.92200756072998
12,100,4,none,3,1282,19.46484375,129.48046875,0.0,76.78515625,15.23499584197998
12,100,4,none,3,1283,19.51953125,129.515625,0.0,76.8125,15.116180419921875
12,100,4,none,3,1284,19.01953125,130.34765625,0.0,76.76171875,15.337404251098633
12,100,4,none,3,1285,19.86328125,129.1171875,0.0,76.2421875,15.095640182495117
12,100,4,none,3,1286,19.52734375,129.16796875,0.0,76.6171875,15.070704460144043
12,100,4,none,3,1287,17.9296875,131.109375,0.0,76.8671875,15.449904441833496
12,100,4,none,3,1288,20.35546875,129.01171875,0.0,76.359375,15.047788619995117
12,100,4,none,3,1289,19.0859375,131.39453125,0.0,76.3046875,15.309344291687012
12,100,4,none,3,1290,19.72265625,129.0625,0.0,76.65625,15.077345848083496
12,100,4,none,3,1291,19.99609375,130.74609375,0.0,76.37890625,15.192351341247559
12,100,4,none,3,1292,18.68359375,129.69140625,0.0,77.1640625,15.351824760437012
12,100,4,none,3,1293,18.70703125,129.19140625,0.0,77.25390625,15.400978088378906
12,100,4,none,3,1294,19.44140625,128.0625,0.0,76.90625,15.019598007202148
12,100,4,none,3,1295,19.015625,128.7265625,0.0,76.48828125,15.052215576171875
12,100,4,none,3,1296,19.23828125,129.5078125,0.0,76.6796875,15.309344291687012
12,100,4,none,3,1297,18.56640625,130.61328125,0.0,76.7890625,15.363380432128906
12,100,4,none,3,1298,18.41796875,130.78515625,0.0,76.9375,15.448959350585938
12,100,4,none,3,1299,19.0546875,131.23046875,0.0,76.87109375,15.364356994628906
12,100,4,none,3,1300,18.7890625,131.06640625,0.0,77.1171875,15.500652313232422
12,100,4,none,3,1301,18.4296875,130.89453125,0.0,76.61328125,15.454428672790527
12,100,4,none,3,1302,18.16796875,130.83984375,0.0,77.0703125,15.611231803894043
12,100,4,none,3,1303,17.765625,130.44921875,0.0,76.91015625,15.428062438964844
12,100,4,none,3,1304,18.6953125,131.39453125,0.0,76.70703125,15.501337051391602
12,100,4,none,3,1305,19.00390625,131.3125,0.0,76.546875,15.43167495727539
12,100,4,none,3,1306,18.578125,132.55078125,0.0,76.359375,15.457977294921875
12,100,4,none,3,1307,18.7421875,132.62890625,0.0,76.68359375,15.650327682495117
12,100,4,none,3,1308,18.51171875,133.2421875,0.0,76.61328125,15.547365188598633
12,100,4,none,3,1309,19.203125,132.22265625,0.0,76.59765625,15.494989395141602
12,100,4,none,3,1310,19.15234375,132.44140625,0.0,76.38671875,15.585613250732422
12,100,4,none,3,1311,18.3828125,132.09765625,0.0,76.82421875,15.678290367126465
12,100,4,none,3,1312,19.4140625,132.1953125,0.0,76.3984375,15.674610137939453
12,100,4,none,3,1313,18.8515625,133.40625,0.0,76.57421875,15.667448997497559
12,100,4,none,3,1314,18.8203125,132.796875,0.0,76.72265625,15.560613632202148
12,100,4,none,3,1315,19.1328125,131.5078125,0.0,76.59765625,15.461166381835938
12,100,4,none,3,1316,18.890625,133.30859375,0.0,76.84375,15.727801322937012
12,100,4,none,3,1317,18.6640625,132.4375,0.0,76.859375,15.636947631835938
12,100,4,none,3,1318,18.5546875,132.97265625,0.0,76.546875,15.737892150878906
12,100,4,none,3,1319,18.328125,132.71484375,0.0,76.69921875,15.657033920288086
12,100,4,none,3,1320,18.19140625,134.203125,0.0,76.7421875,15.912859916687012
12,100,4,none,3,1321,18.3125,133.52734375,0.0,76.65625,15.66474723815918
12,100,4,none,3,1322,18.17578125,132.6640625,0.0,77.046875,15.79687786102295
12,100,4,none,3,1323,18.67578125,133.5625,0.0,76.55859375,15.663576126098633
12,100,4,none,3,1324,19.19140625,132.22265625,0.0,76.9609375,15.570249557495117
12,100,4,none,3,1325,17.73046875,132.140625,0.0,76.75,15.684832572937012
12,100,4,none,3,1326,18.6640625,132.76171875,0.0,76.63671875,15.530437469482422
12,100,4,none,3,1327,17.85546875,132.8125,0.0,76.96875,15.730731964111328
12,100,4,none,3,1328,18.53515625,130.99609375,0.0,76.984375,15.518068313598633
12,100,4,none,3,1329,17.92578125,131.4921875,0.0,77.05859375,15.67396068572998
12,100,4,none,3,1330,18.26171875,133.703125,0.0,76.96875,15.823016166687012
12,100,4,none,3,1331,17.80078125,133.96484375,0.0,77.20703125,15.957359313964844
12,100,4,none,3,1332,17.50390625,132.83203125,0.0,77.0234375,15.949644088745117
12,100,4,none,3,1333,18.5546875,131.8984375,0.0,77.1328125,15.559669494628906
12,100,4,none,3,1334,17.60546875,135.6953125,0.0,76.69140625,15.960027694702148
12,100,4,none,3,1335,18.6875,132.67578125,0.0,76.8671875,15.587860107421875
12,100,4,none,3,1336,18.23046875,133.83984375,0.0,76.75,15.762435913085938
12,100,4,none,3,1337,17.95703125,134.79296875,0.0,76.7578125,15.983205795288086
12,100,4,none,3,1338,17.890625,133.6796875,0.0,76.859375,15.818231582641602
12,100,4,none,3,1339,18.3203125,134.95703125,0.0,76.6015625,15.777377128601074
12,100,4,none,3,1340,18.83984375,133.6484375,0.0,76.98046875,15.72806167602539
12,100,4,none,3,1341,17.8828125,133.04296875,0.0,77.03125,15.884571075439453
12,100,4,none,3,1342,18.5546875,132.26171875,0.0,77.109375,15.581121444702148
12,100,4,none,3,1343,17.8359375,134.43359375,0.0,77.34765625,15.957977294921875
12,100,4,none,3,1344,17.609375,133.07421875,0.0,77.13671875,15.877638816833496
12,100,4,none,3,1345,19.078125,134.9140625,0.0,76.2578125,15.647333145141602
12,100,4,none,3,1346,18.07421875,133.75,0.0,76.98828125,15.852313041687012
12,100,4,none,3,1347,18.06640625,133.49609375,0.0,76.90625,15.829168319702148
12,100,4,none,3,1348,18.75,134.578125,0.0,77.08203125,15.891929626464844
12,100,4,none,3,1349,18.12109375,135.44140625,0.0,77.22265625,16.01748275756836
12,100,4,none,3,1350,17.71875,135.2890625,0.0,77.08203125,16.037046432495117
12,100,4,none,3,1351,17.5078125,134.26953125,0.0,77.3359375,16.047008514404297
12,100,4,none,3,1352,17.59765625,134.8046875,0.0,77.17578125,16.165756225585938
12,100,4,none,3,1353,18.1328125,136.46484375,0.0,76.875,16.009214401245117
12,100,4,none,3,1354,17.328125,134.91796875,0.0,77.39453125,16.13027572631836
12,100,4,none,3,1355,18.07421875,135.671875,0.0,76.9765625,16.063674926757812
12,100,4,none,3,1356,18.08984375,135.89453125,0.0,77.30859375,16.149383544921875
12,100,4,none,3,1357,17.82421875,135.46875,0.0,77.0859375,16.150327682495117
12,100,4,none,3,1358,17.89453125,135.32421875,0.0,77.37890625,16.1497745513916
12,100,4,none,3,1359,17.671875,135.91796875,0.0,76.91015625,16.021583557128906
12,100,4,none,3,1360,17.30078125,136.24609375,0.0,76.875,16.208465576171875
12,100,4,none,3,1361,18.20703125,137.4296875,0.0,77.15625,16.260940551757812
12,100,4,none,3,1362,18.5234375,139.00390625,0.0,76.90625,16.4344425201416
12,100,4,none,3,1363,17.9375,136.69140625,0.0,77.203125,16.266342163085938
12,100,4,none,3,1364,18.078125,136.71484375,0.0,76.671875,16.084962844848633
12,100,4,none,3,1365,17.39453125,138.0234375,0.0,77.2734375,16.537925720214844
12,100,4,none,3,1366,17.453125,136.55078125,0.0,77.23046875,16.43248748779297
12,100,4,none,3,1367,16.8671875,137.59375,0.0,77.3203125,16.465431213378906
12,100,4,none,3,1368,17.578125,135.41796875,0.0,77.19921875,16.126598358154297
12,100,4,none,3,1369,16.921875,135.9453125,0.0,77.22265625,16.31631088256836
12,100,4,none,3,1370,17.30859375,135.91796875,0.0,77.3203125,16.1903018951416
12,100,4,none,3,1371,17.6875,137.0,0.0,77.13671875,16.253746032714844
12,100,4,none,3,1372,17.1796875,134.84375,0.0,77.68359375,16.116214752197266
12,100,4,none,3,1373,17.48828125,135.8671875,0.0,77.41015625,16.171682357788086
12,100,4,none,3,1374,17.96484375,134.51171875,0.0,77.3203125,16.011428833007812
12,100,4,none,3,1375,17.77734375,134.46484375,0.0,77.640625,16.015920639038086
12,100,4,none,3,1376,17.98046875,135.9140625,0.0,76.85546875,15.979721069335938
12,100,4,none,3,1377,17.5625,135.74609375,0.0,77.51171875,16.258174896240234
12,100,4,none,3,1378,17.55078125,134.78515625,0.0,77.421875,16.110973358154297
12,100,4,none,3,1379,17.70703125,135.7421875,0.0,77.30859375,16.27025032043457
12,100,4,none,3,1380,17.73828125,136.29296875,0.0,77.0859375,16.186721801757812
12,100,4,none,3,1381,18.29296875,136.72265625,0.0,77.5546875,16.35065269470215
12,100,4,none,3,1382,16.8125,137.328125,0.0,77.7421875,16.527217864990234
12,100,4,none,3,1383,17.51953125,135.85546875,0.0,77.4140625,16.230243682861328
12,100,4,none,3,1384,17.4140625,135.9296875,0.0,77.3984375,16.335060119628906
12,100,4,none,3,1385,17.4453125,136.58984375,0.0,77.59375,16.333759307861328
12,100,4,none,3,1386,17.36328125,137.57421875,0.0,77.32421875,16.371356964111328
12,100,4,none,3,1387,17.3359375,137.48828125,0.0,77.5234375,16.375263214111328
12,100,4,none,3,1388,17.01953125,135.421875,0.0,77.58984375,16.323699951171875
12,100,4,none,3,1389,17.0625,137.8359375,0.0,77.1484375,16.319143295288086
12,100,4,none,3,1390,16.828125,138.578125,0.0,77.62890625,16.572528839111328
12,100,4,none,3,1391,17.6484375,135.7890625,0.0,77.44140625,16.18056869506836
12,100,4,none,3,1392,17.171875,137.9375,0.0,77.34375,16.4520206451416
12,100,4,none,3,1393,16.8046875,136.3671875,0.0,77.515625,16.419437408447266
12,100,4,none,3,1394,16.1796875,136.5390625,0.0,77.95703125,16.564748764038086
12,100,4,none,3,1395,17.0625,138.65234375,0.0,77.64453125,16.535484313964844
12,100,4,none,3,1396,16.51953125,139.16796875,0.0,77.44921875,16.658498764038086
12,100,4,none,3,1397,16.80859375,138.6875,0.0,77.23046875,16.566669464111328
12,100,4,none,3,1398,16.828125,137.91796875,0.0,77.28515625,16.607717514038086
12,100,4,none,3,1399,17.1875,138.9375,0.0,77.12890625,16.532651901245117
12,100,4,none,3,1400,16.92578125,138.671875,0.0,77.203125,16.52285385131836
12,100,4,none,3,1401,16.93359375,141.64453125,0.0,77.3828125,16.827247619628906
12,100,4,none,3,1402,17.21484375,138.40234375,0.0,77.4296875,16.570575714111328
12,100,4,none,3,1403,16.42578125,138.5625,0.0,77.2578125,16.60501480102539
12,100,4,none,3,1404,16.7578125,137.46484375,0.0,77.3203125,16.44615936279297
12,100,4,none,3,1405,16.75390625,138.4765625,0.0,77.49609375,16.503746032714844
12,100,4,none,3,1406,16.51171875,137.74609375,0.0,77.390625,16.58190155029297
12,100,4,none,3,1407,17.078125,136.515625,0.0,77.55859375,16.315921783447266
12,100,4,none,3,1408,16.48828125,138.90234375,0.0,77.66796875,16.614974975585938
12,100,4,none,3,1409,16.93359375,138.34765625,0.0,77.484375,16.48004913330078
12,100,4,none,3,1410,16.8046875,138.24609375,0.0,77.72265625,16.57376480102539
12,100,4,none,3,1411,16.484375,137.23828125,0.0,77.5546875,16.543785095214844
12,100,4,none,3,1412,16.54296875,138.82421875,0.0,77.58984375,16.581512451171875
12,100,4,none,3,1413,16.96875,138.43359375,0.0,77.75390625,16.491897583007812
12,100,4,none,3,1414,16.6875,138.13671875,0.0,77.734375,16.602540969848633
12,100,4,none,3,1415,16.59765625,138.421875,0.0,77.53515625,16.532943725585938
12,100,4,none,3,1416,16.203125,138.32421875,0.0,77.84375,16.67031478881836
12,100,4,none,3,1417,16.0,139.28125,0.0,77.52734375,16.677574157714844
12,100,4,none,3,1418,15.5390625,140.515625,0.0,77.8046875,17.00397300720215
12,100,4,none,3,1419,16.17578125,138.98828125,0.0,78.04296875,16.832521438598633
12,100,4,none,3,1420,16.046875,138.8828125,0.0,77.9921875,16.83060073852539
12,100,4,none,3,1421,15.36328125,138.00390625,0.0,78.3046875,16.87034797668457
12,100,4,none,3,1422,16.40234375,138.93359375,0.0,77.93359375,16.761459350585938
12,100,4,none,3,1423,15.796875,138.28515625,0.0,77.8671875,16.692092895507812
12,100,4,none,3,1424,15.890625,139.66015625,0.0,78.06640625,16.987991333007812
12,100,4,none,3,1425,16.24609375,139.92578125,0.0,77.5390625,16.702964782714844
12,100,4,none,3,1426,16.7734375,141.203125,0.0,77.51171875,16.638835906982422
12,100,4,none,3,1427,17.0390625,135.828125,0.0,77.453125,16.09691047668457
12,100,4,none,3,1428,16.69140625,139.03125,0.0,77.77734375,16.698406219482422
12,100,4,none,3,1429,15.546875,138.09765625,0.0,78.0390625,16.755046844482422
12,100,4,none,3,1430,15.8984375,138.33203125,0.0,77.7734375,16.60029411315918
12,100,4,none,3,1431,16.81640625,137.38671875,0.0,77.60546875,16.455047607421875
12,100,4,none,3,1432,16.171875,138.87109375,0.0,78.0234375,16.7518253326416
12,100,4,none,3,1433,16.2265625,138.7421875,0.0,77.57421875,16.714975357055664
12,100,4,none,3,1434,16.53515625,138.84765625,0.0,77.6484375,16.754852294921875
12,100,4,none,3,1435,15.93359375,139.890625,0.0,78.1484375,16.932491302490234
12,100,4,none,3,1436,15.875,140.86328125,0.0,77.69140625,16.810287475585938
12,100,4,none,3,1437,15.8515625,139.18359375,0.0,78.15234375,16.931610107421875
12,100,4,none,3,1438,16.05078125,141.0078125,0.0,77.47265625,16.909345626831055
12,100,4,none,3,1439,16.37109375,140.875,0.0,77.94921875,16.9730167388916
12,100,4,none,3,1440,16.640625,142.0546875,0.0,77.45703125,16.91442108154297
12,100,4,none,3,1441,16.48828125,142.421875,0.0,77.1796875,16.843231201171875
12,100,4,none,3,1442,16.6328125,140.64453125,0.0,77.47265625,16.7254581451416
12,100,4,none,3,1443,15.78125,142.7265625,0.0,77.7890625,16.995086669921875
12,100,4,none,3,1444,15.875,142.70703125,0.0,77.44140625,16.9036808013916
12,100,4,none,3,1445,15.9765625,140.43359375,0.0,78.02734375,16.87067413330078
12,100,4,none,3,1446,15.51171875,143.13671875,0.0,77.96484375,17.264617919921875
12,100,4,none,3,1447,15.44921875,141.2421875,0.0,78.0234375,17.07998275756836
12,100,4,none,3,1448,15.4453125,141.69921875,0.0,77.8046875,17.106056213378906
12,100,4,none,3,1449,16.0234375,145.3671875,0.0,77.90625,17.459148406982422
12,100,4,none,3,1450,15.69140625,141.34765625,0.0,77.91796875,17.061363220214844
12,100,4,none,3,1451,15.1484375,141.64453125,0.0,78.234375,17.306806564331055
12,100,4,none,3,1452,16.3359375,144.109375,0.0,77.65625,17.159671783447266
12,100,4,none,3,1453,15.67578125,143.1171875,0.0,77.98828125,17.308921813964844
12,100,4,none,3,1454,15.48828125,143.578125,0.0,78.1015625,17.334800720214844
12,100,4,none,3,1455,15.33984375,144.3984375,0.0,78.30078125,17.479658126831055
12,100,4,none,3,1456,16.24609375,143.8125,0.0,77.734375,17.241439819335938
12,100,4,none,3,1457,15.9765625,144.69921875,0.0,77.7421875,17.304168701171875
12,100,4,none,3,1458,15.59765625,141.53125,0.0,78.13671875,17.150915145874023
12,100,4,none,3,1459,15.5078125,143.84375,0.0,78.16015625,17.387989044189453
12,100,4,none,3,1460,15.609375,141.0859375,0.0,78.08984375,17.040008544921875
12,100,4,none,3,1461,15.546875,141.71875,0.0,77.85546875,17.118915557861328
12,100,4,none,3,1462,14.90625,142.47265625,0.0,78.06640625,17.249027252197266
12,100,4,none,3,1463,15.25390625,141.6953125,0.0,78.1640625,17.097919464111328
12,100,4,none,3,1464,15.09765625,144.60546875,0.0,78.14453125,17.506023406982422
12,100,4,none,3,1465,15.234375,141.46875,0.0,78.63671875,17.28554916381836
12,100,4,none,3,1466,15.11328125,141.91796875,0.0,78.41796875,17.28851318359375
12,100,4,none,3,1467,14.41015625,143.2421875,0.0,78.68359375,17.522235870361328
12,100,4,none,3,1468,15.390625,142.12890625,0.0,78.33984375,17.211427688598633
12,100,4,none,3,1469,15.16015625,143.03515625,0.0,78.26953125,17.25511360168457
12,100,4,none,3,1470,15.0390625,142.6015625,0.0,78.34375,17.238056182861328
12,100,4,none,3,1471,15.35546875,143.06640625,0.0,78.2734375,17.21588706970215
12,100,4,none,3,1472,15.98046875,141.32421875,0.0,78.37890625,17.003158569335938
12,100,4,none,3,1473,15.51171875,142.09765625,0.0,78.015625,17.18134880065918
12,100,4,none,3,1474,14.8671875,144.15625,0.0,78.05078125,17.40029525756836
12,100,4,none,3,1475,16.07421875,143.20703125,0.0,77.7265625,17.087078094482422
12,100,4,none,3,1476,16.1015625,143.4765625,0.0,78.06640625,17.168132781982422
12,100,4,none,3,1477,15.37890625,144.375,0.0,77.91015625,17.30524253845215
12,100,4,none,3,1478,15.26953125,145.2890625,0.0,78.1640625,17.473960876464844
12,100,4,none,3,1479,15.0546875,142.01171875,0.0,78.30078125,17.144271850585938
12,100,4,none,3,1480,14.8671875,142.73828125,0.0,78.046875,17.389488220214844
12,100,4,none,3,1481,15.2109375,143.26953125,0.0,78.3125,17.30377769470215
12,100,4,none,3,1482,15.640625,143.265625,0.0,78.0,17.274580001831055
12,100,4,none,3,1483,15.43359375,143.98828125,0.0,77.796875,17.236167907714844
12,100,4,none,3,1484,15.203125,142.98046875,0.0,78.24609375,17.258628845214844
12,100,4,none,3,1485,14.99609375,144.74609375,0.0,78.33203125,17.449317932128906
12,100,4,none,3,1486,14.9921875,143.16796875,0.0,78.484375,17.342222213745117
12,100,4,none,3,1487,15.2734375,144.45703125,0.0,78.0,17.300718307495117
12,100,4,none,3,1488,15.109375,142.26953125,0.0,78.1171875,17.136037826538086
12,100,4,none,3,1489,15.6640625,141.6796875,0.0,78.15625,17.20966911315918
12,100,4,none,3,1490,15.85546875,141.9609375,0.0,77.9921875,16.955665588378906
12,100,4,none,3,1491,15.5546875,143.21875,0.0,78.3046875,17.186525344848633
12,100,4,none,3,1492,15.51171875,145.5546875,0.0,78.27734375,17.498310089111328
12,100,4,none,3,1493,15.5234375,144.74609375,0.0,77.98828125,17.43121910095215
12,100,4,none,3,1494,16.171875,142.44140625,0.0,78.1640625,17.089977264404297
12,100,4,none,3,1495,15.203125,143.55859375,0.0,78.28125,17.32607650756836
12,100,4,none,3,1496,15.23828125,145.40234375,0.0,78.16015625,17.422203063964844
12,100,4,none,3,1497,14.6953125,143.08203125,0.0,78.44921875,17.316408157348633
12,100,4,none,3,1498,15.3359375,143.3125,0.0,78.33984375,17.3187198638916
12,100,4,none,3,1499,14.6875,144.22265625,0.0,78.19921875,17.409278869628906
12,100,4,none,4,0,57.21484375,60.71484375,0.0,41.09765625,0.3519214987754822
12,100,4,none,4,1,57.39453125,62.57421875,0.0,41.44921875,0.7306975722312927
12,100,4,none,4,2,59.41796875,63.046875,0.0,42.78125,0.4504241347312927
12,100,4,none,4,3,58.67578125,64.77734375,0.0,43.71484375,0.7916025519371033
12,100,4,none,4,4,61.42578125,63.55859375,0.0,44.3984375,0.039030950516462326
12,100,4,none,4,5,61.265625,64.62109375,0.0,45.57421875,0.20511166751384735
12,100,4,none,4,6,61.7734375,65.3984375,0.0,46.72265625,0.44345805048942566
12,100,4,none,4,7,62.203125,66.05078125,0.0,47.42578125,0.2159191071987152
12,100,4,none,4,8,62.7734375,66.08203125,0.0,48.2578125,0.16696080565452576
12,100,4,none,4,9,62.81640625,66.85546875,0.0,49.01171875,0.3197275996208191
12,100,4,none,4,10,63.29296875,66.953125,0.0,49.16015625,-0.07268770784139633
12,100,4,none,4,11,63.5625,67.2578125,0.0,50.41015625,-0.044497571885585785
12,100,4,none,4,12,62.7578125,69.1640625,0.0,50.609375,0.11373814195394516
12,100,4,none,4,13,63.18359375,68.0625,0.0,51.296875,0.03704556077718735
12,100,4,none,4,14,64.30078125,68.484375,0.0,51.81640625,-0.34957560896873474
12,100,4,none,4,15,62.36328125,69.9140625,0.0,52.55078125,0.12308057397603989
12,100,4,none,4,16,63.8671875,70.33984375,0.0,52.2734375,-0.13525256514549255
12,100,4,none,4,17,64.21484375,69.921875,0.0,52.98046875,-0.07398955523967743
12,100,4,none,4,18,64.21875,70.26953125,0.0,53.01953125,-0.17890501022338867
12,100,4,none,4,19,64.61328125,70.45703125,0.0,52.875,-0.47545450925827026
12,100,4,none,4,20,65.1171875,70.53515625,0.0,53.39453125,-0.46728381514549255
12,100,4,none,4,21,64.640625,70.5,0.0,53.53125,-0.35110539197921753
12,100,4,none,4,22,64.046875,70.8671875,0.0,53.296875,-0.4895169734954834
12,100,4,none,4,23,63.84765625,71.2109375,0.0,53.8203125,-0.3916327953338623
12,100,4,none,4,24,63.68359375,71.4296875,0.0,53.6875,-0.36240094900131226
12,100,4,none,4,25,64.37890625,71.9921875,0.0,53.92578125,-0.40204939246177673
12,100,4,none,4,26,64.375,71.6875,0.0,54.3671875,-0.4202459752559662
12,100,4,none,4,27,63.94140625,72.68359375,0.0,54.2578125,-0.3929022252559662
12,100,4,none,4,28,66.16796875,72.8828125,0.0,54.140625,-0.5053698420524597
12,100,4,none,4,29,65.3359375,73.0234375,0.0,54.44921875,-0.36370301246643066
12,100,4,none,4,30,65.546875,71.8359375,0.0,55.05859375,-0.3446275591850281
12,100,4,none,4,31,64.0859375,73.62109375,0.0,55.02734375,-0.022947948426008224
12,100,4,none,4,32,64.828125,73.86328125,0.0,55.44140625,-0.11734883487224579
12,100,4,none,4,33,65.0,73.8359375,0.0,55.31640625,-0.13675007224082947
12,100,4,none,4,34,65.12109375,72.56640625,0.0,55.25390625,-0.5682276487350464
12,100,4,none,4,35,64.6328125,72.90625,0.0,55.92578125,-0.22564959526062012
12,100,4,none,4,36,63.87109375,74.0859375,0.0,56.00390625,0.24889469146728516
12,100,4,none,4,37,64.984375,74.14453125,0.0,55.359375,-0.13961458206176758
12,100,4,none,4,38,65.4453125,74.0625,0.0,55.51171875,-0.11572138965129852
12,100,4,none,4,39,65.921875,73.79296875,0.0,55.31640625,-0.364419162273407
12,100,4,none,4,40,64.9765625,73.64453125,0.0,55.88671875,0.13808727264404297
12,100,4,none,4,41,65.72265625,74.1875,0.0,55.875,0.07317845523357391
12,100,4,none,4,42,64.984375,73.05078125,0.0,56.390625,-0.0033189456444233656
12,100,4,none,4,43,64.6796875,75.24609375,0.0,56.0234375,0.21367327868938446
12,100,4,none,4,44,65.80078125,74.0859375,0.0,55.94140625,-0.01093602180480957
12,100,4,none,4,45,64.91015625,74.38671875,0.0,56.671875,0.14114713668823242
12,100,4,none,4,46,65.5546875,74.328125,0.0,56.15625,-0.1933579444885254
12,100,4,none,4,47,65.8828125,74.36328125,0.0,56.27734375,-0.12154817581176758
12,100,4,none,4,48,65.48828125,74.40625,0.0,56.23828125,-0.10719259828329086
12,100,4,none,4,49,65.140625,74.875,0.0,55.75390625,-0.0005196730489842594
12,100,4,none,4,50,65.80859375,75.390625,0.0,55.953125,0.06263160705566406
12,100,4,none,4,51,66.98828125,75.43359375,0.0,55.70703125,-0.10960157960653305
12,100,4,none,4,52,66.5390625,75.2578125,0.0,55.77734375,-0.16181492805480957
12,100,4,none,4,53,65.91796875,74.96875,0.0,55.19140625,-0.07721209526062012
12,100,4,none,4,54,66.47265625,75.34375,0.0,55.453125,-0.000682274519931525
12,100,4,none,4,55,66.875,74.640625,0.0,55.671875,-0.21135926246643066
12,100,4,none,4,56,65.5546875,75.47265625,0.0,55.375,-0.00859252642840147
12,100,4,none,4,57,66.1953125,75.04296875,0.0,55.6953125,0.04544409364461899
12,100,4,none,4,58,65.66015625,74.16796875,0.0,55.703125,0.02588025853037834
12,100,4,none,4,59,66.078125,74.6328125,0.0,55.57421875,-0.024836063385009766
12,100,4,none,4,60,65.85546875,74.6640625,0.0,55.80859375,0.06569139659404755
12,100,4,none,4,61,65.671875,74.546875,0.0,56.37109375,0.07379691302776337
12,100,4,none,4,62,65.484375,74.8125,0.0,56.7109375,0.31396612524986267
12,100,4,none,4,63,66.1953125,74.77734375,0.0,56.56640625,0.047429800033569336
12,100,4,none,4,64,65.03125,75.5546875,0.0,55.9140625,0.12311331927776337
12,100,4,none,4,65,66.12890625,75.0,0.0,56.66796875,-0.10227720439434052
12,100,4,none,4,66,64.43359375,74.98828125,0.0,56.6953125,0.5833346843719482
12,100,4,none,4,67,65.234375,76.17578125,0.0,56.2421875,0.17262506484985352
12,100,4,none,4,68,66.07421875,74.3359375,0.0,56.5859375,0.02575000189244747
12,100,4,none,4,69,65.88671875,74.7734375,0.0,56.3203125,-0.040428243577480316
12,100,4,none,4,70,65.80859375,74.796875,0.0,56.3984375,-0.0076158843003213406
12,100,4,none,4,71,64.03125,75.4921875,0.0,56.8671875,0.6057958006858826
12,100,4,none,4,72,63.84765625,75.64453125,0.0,56.78125,0.5093111991882324
12,100,4,none,4,73,64.18359375,76.46875,0.0,56.83984375,0.5516939163208008
12,100,4,none,4,74,64.0859375,75.64453125,0.0,56.8359375,0.4049491882324219
12,100,4,none,4,75,64.4296875,75.8359375,0.0,56.8515625,0.32272276282310486
12,100,4,none,4,76,64.50390625,75.9375,0.0,56.75390625,0.23685011267662048
12,100,4,none,4,77,63.1171875,75.75390625,0.0,57.0,0.6318697929382324
12,100,4,none,4,78,63.234375,75.8203125,0.0,57.0625,0.6412124633789062
12,100,4,none,4,79,64.2109375,75.11328125,0.0,57.171875,0.27838683128356934
12,100,4,none,4,80,63.85546875,76.05859375,0.0,56.88671875,0.4629245698451996
12,100,4,none,4,81,63.375,75.67578125,0.0,56.80859375,0.3798190951347351
12,100,4,none,4,82,64.13671875,75.578125,0.0,57.15234375,0.40465641021728516
12,100,4,none,4,83,63.84765625,75.046875,0.0,56.7109375,0.3438163697719574
12,100,4,none,4,84,64.30859375,74.6171875,0.0,57.078125,0.19830863177776337
12,100,4,none,4,85,63.84375,75.28125,0.0,57.06640625,0.5524103045463562
12,100,4,none,4,86,63.22265625,76.34375,0.0,56.76953125,0.5022801160812378
12,100,4,none,4,87,64.30078125,75.921875,0.0,57.26953125,0.4302423894405365
12,100,4,none,4,88,62.890625,76.734375,0.0,56.81640625,0.6934584975242615
12,100,4,none,4,89,64.23046875,75.29296875,0.0,57.05859375,0.181316539645195
12,100,4,none,4,90,63.59765625,75.0546875,0.0,57.37890625,0.5016940832138062
12,100,4,none,4,91,64.953125,75.2265625,0.0,57.1484375,0.43772920966148376
12,100,4,none,4,92,63.0390625,74.85546875,0.0,57.36328125,0.4707369804382324
12,100,4,none,4,93,63.63671875,76.140625,0.0,57.3984375,0.6185562014579773
12,100,4,none,4,94,63.9921875,76.48828125,0.0,57.1953125,0.4697605073451996
12,100,4,none,4,95,64.42578125,76.2578125,0.0,57.37890625,0.49853652715682983
12,100,4,none,4,96,64.1015625,76.6796875,0.0,57.26953125,0.5917656421661377
12,100,4,none,4,97,64.57421875,75.37109375,0.0,57.53125,0.5126967430114746
12,100,4,none,4,98,63.21875,75.2734375,0.0,57.36328125,0.3988296389579773
12,100,4,none,4,99,62.5703125,76.8984375,0.0,57.70703125,0.8100924491882324
12,100,4,none,4,100,63.46875,76.16796875,0.0,57.609375,0.5646173357963562
12,100,4,none,4,101,63.08984375,76.0546875,0.0,57.80859375,0.5970391631126404
12,100,4,none,4,102,63.9609375,76.15234375,0.0,57.3125,0.5292657613754272
12,100,4,none,4,103,62.67578125,76.39453125,0.0,57.59765625,0.7335625886917114
12,100,4,none,4,104,62.01171875,76.69140625,0.0,57.890625,0.7438164949417114
12,100,4,none,4,105,62.63671875,76.01953125,0.0,57.859375,0.5298842787742615
12,100,4,none,4,106,62.8828125,76.30859375,0.0,57.51953125,0.5623712539672852
12,100,4,none,4,107,62.39453125,76.234375,0.0,58.109375,0.8275405764579773
12,100,4,none,4,108,61.89453125,77.546875,0.0,57.82421875,0.9951187372207642
12,100,4,none,4,109,62.5078125,76.81640625,0.0,57.4765625,0.7458349466323853
12,100,4,none,4,110,62.09765625,77.2265625,0.0,57.609375,0.8741225600242615
12,100,4,none,4,111,62.1875,78.19921875,0.0,57.41796875,1.01787269115448
12,100,4,none,4,112,62.18359375,77.6171875,0.0,57.734375,0.8157240748405457
12,100,4,none,4,113,62.2109375,77.015625,0.0,58.37890625,0.9265639185905457
12,100,4,none,4,114,61.7734375,77.328125,0.0,57.8671875,1.1107763051986694
12,100,4,none,4,115,61.68359375,77.171875,0.0,57.7734375,0.9855157136917114
12,100,4,none,4,116,62.125,77.0390625,0.0,58.046875,0.862989604473114
12,100,4,none,4,117,62.1640625,77.0,0.0,57.73046875,0.7888362407684326
12,100,4,none,4,118,61.99609375,77.6875,0.0,57.96875,0.7408541440963745
12,100,4,none,4,119,61.3125,77.8984375,0.0,57.671875,1.160190224647522
12,100,4,none,4,120,61.03125,77.9453125,0.0,58.2109375,1.1906263828277588
12,100,4,none,4,121,61.73046875,78.19140625,0.0,58.06640625,1.1599624156951904
12,100,4,none,4,122,61.59765625,77.08984375,0.0,58.33203125,1.0383479595184326
12,100,4,none,4,123,61.38671875,76.32421875,0.0,58.38671875,0.9480156302452087
12,100,4,none,4,124,62.5234375,78.1640625,0.0,57.9765625,0.9575533866882324
12,100,4,none,4,125,62.26953125,77.37109375,0.0,57.8828125,0.8255549669265747
12,100,4,none,4,126,61.51171875,78.453125,0.0,57.98046875,1.0524429082870483
12,100,4,none,4,127,61.73046875,77.5234375,0.0,58.11328125,1.110971450805664
12,100,4,none,4,128,61.33203125,78.36328125,0.0,58.0703125,1.2559585571289062
12,100,4,none,4,129,62.55078125,78.3515625,0.0,57.99609375,1.0349297523498535
12,100,4,none,4,130,61.62890625,78.703125,0.0,58.3515625,1.3018244504928589
12,100,4,none,4,131,62.36328125,79.00390625,0.0,57.93359375,1.0936212539672852
12,100,4,none,4,132,61.10546875,78.55078125,0.0,57.88671875,1.1497411727905273
12,100,4,none,4,133,61.14453125,78.70703125,0.0,58.171875,1.3282241821289062
12,100,4,none,4,134,60.83984375,78.8046875,0.0,58.18359375,1.2912448644638062
12,100,4,none,4,135,61.74609375,77.86328125,0.0,57.8828125,1.1884454488754272
12,100,4,none,4,136,60.39453125,78.4921875,0.0,58.5234375,1.383204698562622
12,100,4,none,4,137,60.2265625,78.640625,0.0,58.125,1.4353855848312378
12,100,4,none,4,138,60.6640625,78.4375,0.0,58.21484375,1.2964205741882324
12,100,4,none,4,139,60.91796875,78.84375,0.0,58.53515625,1.455958366394043
12,100,4,none,4,140,59.9609375,78.05078125,0.0,58.9140625,1.4395521879196167
12,100,4,none,4,141,60.84765625,78.5390625,0.0,58.48046875,1.4020521640777588
12,100,4,none,4,142,61.1640625,78.32421875,0.0,58.45703125,1.1171238422393799
12,100,4,none,4,143,60.96875,77.73046875,0.0,58.34375,1.1283868551254272
12,100,4,none,4,144,60.66796875,78.0390625,0.0,58.6953125,1.3994154930114746
12,100,4,none,4,145,60.2265625,78.31640625,0.0,58.52734375,1.3348973989486694
12,100,4,none,4,146,60.359375,79.0234375,0.0,58.94921875,1.6095393896102905
12,100,4,none,4,147,60.44140625,79.359375,0.0,58.53515625,1.4665052890777588
12,100,4,none,4,148,60.15625,78.05078125,0.0,58.8046875,1.4196953773498535
12,100,4,none,4,149,60.0078125,78.6328125,0.0,58.5625,1.4119153022766113
12,100,4,none,4,150,61.5390625,78.71875,0.0,58.1640625,1.2008804082870483
12,100,4,none,4,151,61.40625,77.78125,0.0,59.05859375,1.320574402809143
12,100,4,none,4,152,60.765625,79.0859375,0.0,58.3046875,1.3083022832870483
12,100,4,none,4,153,60.69921875,79.55859375,0.0,58.5,1.4373711347579956
12,100,4,none,4,154,60.62109375,78.13671875,0.0,58.41796875,1.3016291856765747
12,100,4,none,4,155,60.1484375,78.75,0.0,58.49609375,1.4069026708602905
12,100,4,none,4,156,60.671875,78.51171875,0.0,58.69921875,1.3869481086730957
12,100,4,none,4,157,61.39453125,78.62890625,0.0,58.296875,1.2157566547393799
12,100,4,none,4,158,60.578125,79.02734375,0.0,58.546875,1.520672082901001
12,100,4,none,4,159,60.44921875,78.57421875,0.0,58.76171875,1.6200535297393799
12,100,4,none,4,160,59.42578125,78.8984375,0.0,58.95703125,1.5983738899230957
12,100,4,none,4,161,61.4140625,78.47265625,0.0,58.62109375,1.4035496711730957
12,100,4,none,4,162,60.61328125,78.82421875,0.0,58.23046875,1.2390966415405273
12,100,4,none,4,163,62.01953125,78.74609375,0.0,58.30859375,1.2518243789672852
12,100,4,none,4,164,60.79296875,78.50390625,0.0,58.54296875,1.3646173477172852
12,100,4,none,4,165,60.26171875,79.15234375,0.0,58.60546875,1.3485692739486694
12,100,4,none,4,166,61.08984375,79.03515625,0.0,58.30078125,1.5363620519638062
12,100,4,none,4,167,61.58984375,79.11328125,0.0,58.2109375,1.1083673238754272
12,100,4,none,4,168,61.453125,79.85546875,0.0,58.65234375,1.4767268896102905
12,100,4,none,4,169,60.40234375,78.76171875,0.0,58.8203125,1.4806331396102905
12,100,4,none,4,170,60.6328125,80.1640625,0.0,58.453125,1.73125159740448
12,100,4,none,4,171,60.41015625,78.1484375,0.0,58.8203125,1.4200210571289062
12,100,4,none,4,172,61.05078125,79.15625,0.0,58.6640625,1.4143893718719482
12,100,4,none,4,173,60.62109375,79.90234375,0.0,58.66796875,1.607813835144043
12,100,4,none,4,174,60.76171875,79.90625,0.0,58.72265625,1.5659193992614746
12,100,4,none,4,175,60.26171875,79.7421875,0.0,58.53515625,1.4999363422393799
12,100,4,none,4,176,60.59375,79.125,0.0,58.9609375,1.563608169555664
12,100,4,none,4,177,60.84375,78.921875,0.0,59.0703125,1.3021173477172852
12,100,4,none,4,178,61.18359375,79.37890625,0.0,59.0703125,1.5518244504928589
12,100,4,none,4,179,60.7421875,80.24609375,0.0,58.51953125,1.5248386859893799
12,100,4,none,4,180,60.95703125,79.3984375,0.0,59.2578125,1.4908217191696167
12,100,4,none,4,181,60.671875,80.22265625,0.0,58.48046875,1.4866876602172852
12,100,4,none,4,182,58.671875,80.09765625,0.0,59.375,2.1538100242614746
12,100,4,none,4,183,60.1640625,78.79296875,0.0,59.3125,1.7186864614486694
12,100,4,none,4,184,59.6953125,78.84375,0.0,59.28515625,1.629786729812622
12,100,4,none,4,185,59.48828125,79.38671875,0.0,59.41796875,1.6644872426986694
12,100,4,none,4,186,60.359375,80.1328125,0.0,58.94140625,1.4411797523498535
12,100,4,none,4,187,60.41015625,79.8125,0.0,58.9921875,1.5677423477172852
12,100,4,none,4,188,59.21875,79.5703125,0.0,59.140625,1.680340051651001
12,100,4,none,4,189,59.51953125,79.921875,0.0,58.9609375,1.69218909740448
12,100,4,none,4,190,59.73828125,79.90625,0.0,59.46875,1.8010756969451904
12,100,4,none,4,191,59.0703125,80.07421875,0.0,59.328125,1.915658950805664
12,100,4,none,4,192,58.83984375,80.77734375,0.0,59.37109375,1.9611667394638062
12,100,4,none,4,193,59.3515625,79.98046875,0.0,59.35546875,1.7880876064300537
12,100,4,none,4,194,59.25,79.44921875,0.0,59.53125,1.9064140319824219
12,100,4,none,4,195,60.73828125,80.3671875,0.0,59.0859375,1.7753920555114746
12,100,4,none,4,196,59.0,81.828125,0.0,58.99609375,1.9246758222579956
12,100,4,none,4,197,60.21484375,80.24609375,0.0,58.59765625,1.6014988422393799
12,100,4,none,4,198,61.12109375,79.5546875,0.0,59.14453125,1.5242526531219482
12,100,4,none,4,199,59.375,81.13671875,0.0,59.02734375,1.9340183734893799
12,100,4,none,4,200,59.1953125,80.32421875,0.0,59.46484375,1.7696303129196167
12,100,4,none,4,201,60.671875,80.51953125,0.0,58.76953125,1.514910101890564
12,100,4,none,4,202,59.33203125,79.828125,0.0,59.11328125,1.6322931051254272
12,100,4,none,4,203,59.12890625,80.125,0.0,59.546875,1.8911147117614746
12,100,4,none,4,204,59.39453125,80.12890625,0.0,59.453125,1.8246759176254272
12,100,4,none,4,205,59.22265625,81.01953125,0.0,59.2734375,1.8887059688568115
12,100,4,none,4,206,59.375,80.71875,0.0,59.14453125,1.7502944469451904
12,100,4,none,4,207,59.19921875,80.765625,0.0,58.9609375,1.7433284521102905
12,100,4,none,4,208,57.85546875,81.51953125,0.0,59.51953125,2.3176448345184326
12,100,4,none,4,209,60.1328125,80.9921875,0.0,59.58203125,1.916147232055664
12,100,4,none,4,210,58.859375,79.98828125,0.0,59.265625,1.9238297939300537
12,100,4,none,4,211,59.59375,81.3359375,0.0,59.234375,1.9031915664672852
12,100,4,none,4,212,59.60546875,81.109375,0.0,59.30078125,1.8947280645370483
12,100,4,none,4,213,58.3984375,81.27734375,0.0,59.5703125,2.183725357055664
12,100,4,none,4,214,58.91015625,80.0625,0.0,59.53515625,1.9699233770370483
12,100,4,none,4,215,59.65234375,81.6015625,0.0,59.33984375,1.850750207901001
12,100,4,none,4,216,59.09375,80.55078125,0.0,59.234375,1.872071623802185
12,100,4,none,4,217,58.90234375,81.12890625,0.0,59.65234375,2.02164888381958
12,100,4,none,4,218,58.86328125,81.37109375,0.0,59.55859375,1.8629573583602905
12,100,4,none,4,219,58.37109375,81.3515625,0.0,59.546875,2.032846689224243
12,100,4,none,4,220,59.35546875,80.8828125,0.0,59.51171875,1.8500665426254272
12,100,4,none,4,221,57.90234375,81.33984375,0.0,59.80859375,1.9794938564300537
12,100,4,none,4,222,58.0078125,80.40625,0.0,59.78125,2.019467830657959
12,100,4,none,4,223,59.15625,81.6796875,0.0,59.6015625,1.9431328773498535
12,100,4,none,4,224,59.40234375,81.34375,0.0,59.6484375,1.891505479812622
12,100,4,none,4,225,58.27734375,80.92578125,0.0,60.03125,2.22259259223938
12,100,4,none,4,226,57.45703125,81.55078125,0.0,59.578125,2.2261734008789062
12,100,4,none,4,227,58.96875,80.61328125,0.0,60.0390625,2.0549168586730957
12,100,4,none,4,228,58.4453125,81.0625,0.0,60.015625,2.317840099334717
12,100,4,none,4,229,59.22265625,80.7578125,0.0,59.66796875,1.8833022117614746
12,100,4,none,4,230,58.546875,81.3203125,0.0,60.0078125,2.138120174407959
12,100,4,none,4,231,58.26171875,81.31640625,0.0,59.953125,2.0237319469451904
12,100,4,none,4,232,57.98828125,81.14453125,0.0,59.55859375,2.0816421508789062
12,100,4,none,4,233,58.06640625,81.68359375,0.0,60.01171875,2.1841812133789062
12,100,4,none,4,234,57.18359375,81.13671875,0.0,59.7578125,2.2742204666137695
12,100,4,none,4,235,58.7890625,81.25390625,0.0,59.71875,1.9147475957870483
12,100,4,none,4,236,59.0,81.578125,0.0,59.54296875,2.050001382827759
12,100,4,none,4,237,57.91796875,81.57421875,0.0,59.8359375,2.199350595474243
12,100,4,none,4,238,58.640625,81.9375,0.0,59.6015625,2.058009147644043
12,100,4,none,4,239,58.26171875,81.98046875,0.0,60.078125,2.1963231563568115
12,100,4,none,4,240,58.5625,82.05859375,0.0,59.7109375,2.106642246246338
12,100,4,none,4,241,58.859375,81.12890625,0.0,60.20703125,2.288478136062622
12,100,4,none,4,242,59.69140625,81.68359375,0.0,59.7421875,1.8373059034347534
12,100,4,none,4,243,58.98046875,82.0859375,0.0,59.67578125,2.1384456157684326
12,100,4,none,4,244,59.01953125,82.0,0.0,59.55078125,2.044826030731201
12,100,4,none,4,245,58.546875,82.2265625,0.0,59.80078125,2.1738295555114746
12,100,4,none,4,246,58.58984375,81.671875,0.0,59.59765625,2.017026424407959
12,100,4,none,4,247,57.76953125,82.80078125,0.0,60.0078125,2.4736995697021484
12,100,4,none,4,248,59.04296875,80.84375,0.0,59.94921875,1.961329698562622
12,100,4,none,4,249,58.265625,81.9375,0.0,60.01953125,2.1743178367614746
12,100,4,none,4,250,58.01953125,81.83984375,0.0,60.4296875,2.3928728103637695
12,100,4,none,4,251,57.89453125,81.61328125,0.0,60.37890625,2.330730676651001
12,100,4,none,4,252,58.12890625,81.86328125,0.0,59.90234375,2.376401424407959
12,100,4,none,4,253,58.21484375,81.67578125,0.0,60.28125,2.138543128967285
12,100,4,none,4,254,57.234375,81.640625,0.0,60.2109375,2.200131893157959
12,100,4,none,4,255,57.9921875,82.16015625,0.0,60.1015625,2.2719743251800537
12,100,4,none,4,256,58.8046875,80.109375,0.0,60.95703125,2.309474229812622
12,100,4,none,4,257,59.05859375,81.31640625,0.0,60.1796875,2.131544351577759
12,100,4,none,4,258,56.9765625,82.11328125,0.0,60.6015625,2.2915382385253906
12,100,4,none,4,259,57.82421875,80.796875,0.0,60.59765625,2.3132827281951904
12,100,4,none,4,260,57.6484375,81.390625,0.0,60.5,2.254331111907959
12,100,4,none,4,261,57.80859375,81.44140625,0.0,60.2421875,2.1919286251068115
12,100,4,none,4,262,58.1640625,81.59375,0.0,60.265625,1.8789730072021484
12,100,4,none,4,263,57.953125,80.60546875,0.0,60.1015625,2.0915379524230957
12,100,4,none,4,264,58.109375,81.3203125,0.0,60.43359375,2.0371761322021484
12,100,4,none,4,265,57.015625,82.28125,0.0,60.27734375,2.2469091415405273
12,100,4,none,4,266,57.3046875,81.875,0.0,60.38671875,2.3159193992614746
12,100,4,none,4,267,57.55859375,81.50390625,0.0,60.73046875,2.415235757827759
12,100,4,none,4,268,56.94921875,81.6484375,0.0,60.56640625,2.213738441467285
12,100,4,none,4,269,57.18359375,81.89453125,0.0,60.6640625,2.5153987407684326
12,100,4,none,4,270,58.0078125,80.91796875,0.0,59.98046875,2.069728136062622
12,100,4,none,4,271,57.125,82.58203125,0.0,60.46875,2.4736669063568115
12,100,4,none,4,272,57.85546875,81.94140625,0.0,60.47265625,2.353191614151001
12,100,4,none,4,273,58.1953125,81.75,0.0,60.4921875,2.138868808746338
12,100,4,none,4,274,58.16796875,82.18359375,0.0,59.99609375,2.1377944946289062
12,100,4,none,4,275,57.9296875,82.0,0.0,60.76171875,2.3462581634521484
12,100,4,none,4,276,56.9921875,82.0234375,0.0,60.67578125,2.363673210144043
12,100,4,none,4,277,57.56640625,82.640625,0.0,60.83203125,2.586069107055664
12,100,4,none,4,278,56.60546875,82.21484375,0.0,60.7578125,2.6850602626800537
12,100,4,none,4,279,57.07421875,81.62109375,0.0,60.96484375,2.3125340938568115
12,100,4,none,4,280,55.9453125,82.1171875,0.0,61.37890625,2.5606460571289062
12,100,4,none,4,281,56.984375,82.05859375,0.0,60.421875,2.2834978103637695
12,100,4,none,4,282,56.74609375,82.5546875,0.0,60.734375,2.3775081634521484
12,100,4,none,4,283,56.9296875,81.5703125,0.0,60.78125,2.3680028915405273
12,100,4,none,4,284,56.39453125,82.09765625,0.0,61.0703125,2.63248872756958
12,100,4,none,4,285,55.98828125,82.76953125,0.0,61.453125,2.863478183746338
12,100,4,none,4,286,56.5859375,83.52734375,0.0,60.4453125,2.5679378509521484
12,100,4,none,4,287,56.734375,82.73046875,0.0,60.62109375,2.5256199836730957
12,100,4,none,4,288,55.91796875,82.37109375,0.0,61.1953125,2.796518325805664
12,100,4,none,4,289,56.0703125,82.32421875,0.0,60.7421875,2.543165683746338
12,100,4,none,4,290,56.01953125,82.50390625,0.0,60.921875,2.643198013305664
12,100,4,none,4,291,56.00390625,83.08203125,0.0,61.05859375,2.9015965461730957
12,100,4,none,4,292,56.75,83.09765625,0.0,60.7734375,2.559702157974243
12,100,4,none,4,293,55.7578125,82.390625,0.0,61.1796875,2.8628921508789062
12,100,4,none,4,294,56.66015625,82.4296875,0.0,60.8984375,2.656381607055664
12,100,4,none,4,295,56.65234375,83.37109375,0.0,60.93359375,2.6365575790405273
12,100,4,none,4,296,57.3359375,83.1953125,0.0,60.8203125,2.7122085094451904
12,100,4,none,4,297,56.3203125,83.21875,0.0,61.15234375,2.709181308746338
12,100,4,none,4,298,57.1015625,82.5234375,0.0,61.0078125,2.6931331157684326
12,100,4,none,4,299,56.39453125,83.8984375,0.0,61.0546875,2.692351818084717
12,100,4,none,4,300,56.63671875,82.76953125,0.0,61.25,2.6626644134521484
12,100,4,none,4,301,56.59765625,83.4453125,0.0,60.9765625,2.6870784759521484
12,100,4,none,4,302,56.30859375,83.625,0.0,60.64453125,2.647364854812622
12,100,4,none,4,303,55.5546875,83.37109375,0.0,60.66796875,2.622462511062622
12,100,4,none,4,304,56.84765625,83.51953125,0.0,60.6484375,2.697429656982422
12,100,4,none,4,305,56.13671875,83.171875,0.0,61.23828125,2.7444674968719482
12,100,4,none,4,306,56.04296875,82.2890625,0.0,61.3984375,2.598276138305664
12,100,4,none,4,307,56.13671875,82.84765625,0.0,60.9375,2.5740251541137695
12,100,4,none,4,308,56.2890625,82.80078125,0.0,61.44140625,2.626889705657959
12,100,4,none,4,309,55.63671875,82.8046875,0.0,61.3515625,2.953061580657959
12,100,4,none,4,310,54.8828125,83.41796875,0.0,61.484375,3.076043128967285
12,100,4,none,4,311,55.69921875,82.51171875,0.0,61.3984375,2.6992855072021484
12,100,4,none,4,312,55.8828125,83.05859375,0.0,61.40625,2.7505223751068115
12,100,4,none,4,313,55.71484375,81.73828125,0.0,61.30859375,2.5413100719451904
12,100,4,none,4,314,55.70703125,83.0625,0.0,61.09765625,2.8603532314300537
12,100,4,none,4,315,54.79296875,82.72265625,0.0,61.59375,2.836167097091675
12,100,4,none,4,316,55.5546875,82.203125,0.0,61.67578125,2.8297219276428223
12,100,4,none,4,317,55.37890625,83.3203125,0.0,61.17578125,2.8679702281951904
12,100,4,none,4,318,55.08984375,83.18359375,0.0,61.45703125,2.8150081634521484
12,100,4,none,4,319,55.3984375,82.7109375,0.0,61.17578125,2.779982089996338
12,100,4,none,4,320,55.51953125,83.11328125,0.0,61.3125,2.9090185165405273
12,100,4,none,4,321,55.57421875,82.72265625,0.0,61.52734375,2.732781410217285
12,100,4,none,4,322,55.265625,83.23828125,0.0,61.2734375,2.8897151947021484
12,100,4,none,4,323,55.78125,83.12890625,0.0,61.46875,2.7944676876068115
12,100,4,none,4,324,55.87109375,82.828125,0.0,61.8046875,3.11149263381958
12,100,4,none,4,325,55.8984375,83.4140625,0.0,61.25,2.801499128341675
12,100,4,none,4,326,56.71875,82.921875,0.0,61.25390625,2.551466464996338
12,100,4,none,4,327,55.6875,83.28515625,0.0,61.45703125,2.8584651947021484
12,100,4,none,4,328,55.19140625,84.34375,0.0,61.25390625,2.920769691467285
12,100,4,none,4,329,55.8359375,84.0234375,0.0,60.99609375,2.839812755584717
12,100,4,none,4,330,55.53515625,83.81640625,0.0,61.30078125,2.9461278915405273
12,100,4,none,4,331,55.91796875,84.671875,0.0,61.51171875,2.9820327758789062
12,100,4,none,4,332,55.78515625,83.9375,0.0,61.390625,3.0491225719451904
12,100,4,none,4,333,54.68359375,83.2265625,0.0,61.98828125,3.059929847717285
12,100,4,none,4,334,54.546875,84.6640625,0.0,61.75,3.2258152961730957
12,100,4,none,4,335,55.51171875,83.5078125,0.0,61.7265625,2.9585952758789062
12,100,4,none,4,336,55.58203125,83.390625,0.0,61.62890625,2.7349624633789062
12,100,4,none,4,337,55.28515625,83.125,0.0,61.6328125,2.826629161834717
12,100,4,none,4,338,55.61328125,84.2890625,0.0,61.6015625,3.0437514781951904
12,100,4,none,4,339,55.23828125,83.18359375,0.0,61.77734375,2.890073299407959
12,100,4,none,4,340,53.53125,84.00390625,0.0,61.7734375,3.188185214996338
12,100,4,none,4,341,55.65234375,83.6171875,0.0,61.84375,2.8606460094451904
12,100,4,none,4,342,54.5625,83.5703125,0.0,61.74609375,3.1666030883789062
12,100,4,none,4,343,55.09765625,83.8671875,0.0,61.46875,3.0791356563568115
12,100,4,none,4,344,56.328125,83.25390625,0.0,61.234375,2.793328285217285
12,100,4,none,4,345,55.05859375,84.17578125,0.0,61.41796875,2.9877943992614746
12,100,4,none,4,346,56.21484375,83.82421875,0.0,61.6171875,2.8872084617614746
12,100,4,none,4,347,54.78125,84.27734375,0.0,61.6953125,3.090789556503296
12,100,4,none,4,348,55.61328125,84.1484375,0.0,61.28515625,2.7954118251800537
12,100,4,none,4,349,54.30859375,84.30078125,0.0,61.5078125,3.1402034759521484
12,100,4,none,4,350,55.24609375,82.67578125,0.0,61.8046875,3.0779638290405273
12,100,4,none,4,351,54.51171875,84.66796875,0.0,61.62890625,3.1975600719451904
12,100,4,none,4,352,56.32421875,83.0078125,0.0,61.21875,2.5950212478637695
12,100,4,none,4,353,55.66015625,82.92578125,0.0,61.9140625,2.8594090938568115
12,100,4,none,4,354,55.02734375,83.84765625,0.0,61.76171875,3.0083675384521484
12,100,4,none,4,355,55.78515625,83.96484375,0.0,61.3125,2.7217788696289062
12,100,4,none,4,356,56.01953125,82.6796875,0.0,61.8828125,2.864454746246338
12,100,4,none,4,357,54.2734375,83.11328125,0.0,61.94921875,3.139031410217285
12,100,4,none,4,358,54.125,83.1875,0.0,62.55859375,3.383236885070801
12,100,4,none,4,359,54.5546875,83.94921875,0.0,61.9921875,3.315366268157959
12,100,4,none,4,360,52.95703125,83.8828125,0.0,62.4921875,3.3794612884521484
12,100,4,none,4,361,53.765625,83.93359375,0.0,62.203125,3.174546003341675
12,100,4,none,4,362,55.0,83.13671875,0.0,62.2734375,3.1497411727905273
12,100,4,none,4,363,54.62890625,83.80078125,0.0,61.859375,2.9892919063568115
12,100,4,none,4,364,53.6484375,83.47265625,0.0,62.32421875,3.3359389305114746
12,100,4,none,4,365,55.51953125,83.23828125,0.0,61.7265625,2.772429943084717
12,100,4,none,4,366,54.08984375,84.35546875,0.0,61.48828125,2.993068218231201
12,100,4,none,4,367,54.40625,83.07421875,0.0,62.05859375,2.9961278438568115
12,100,4,none,4,368,53.953125,83.71875,0.0,62.25390625,3.276792049407959
12,100,4,none,4,369,54.65625,83.4296875,0.0,62.05859375,2.9919612407684326
12,100,4,none,4,370,53.56640625,83.9765625,0.0,62.15234375,3.3305678367614746
12,100,4,none,4,371,54.1953125,84.39453125,0.0,62.0078125,3.220932722091675
12,100,4,none,4,372,53.58984375,84.19140625,0.0,62.25390625,3.324676036834717
12,100,4,none,4,373,53.4609375,84.10546875,0.0,62.4921875,3.361785650253296
12,100,4,none,4,374,54.73046875,82.734375,0.0,62.0546875,3.0852227210998535
12,100,4,none,4,375,54.78515625,84.51171875,0.0,61.7265625,2.977996349334717
12,100,4,none,4,376,53.98046875,84.9375,0.0,62.01171875,3.320769786834717
12,100,4,none,4,377,54.40625,84.54296875,0.0,62.05078125,3.202052593231201
12,100,4,none,4,378,54.0390625,85.015625,0.0,62.328125,3.4771173000335693
12,100,4,none,4,379,54.5078125,84.4921875,0.0,62.23046875,3.3433282375335693
12,100,4,none,4,380,54.06640625,84.9765625,0.0,61.95703125,3.321713924407959
12,100,4,none,4,381,54.5625,84.73828125,0.0,62.1484375,3.3085951805114746
12,100,4,none,4,382,53.859375,85.05859375,0.0,62.203125,3.4595718383789062
12,100,4,none,4,383,53.96875,85.25390625,0.0,61.71484375,3.5528664588928223
12,100,4,none,4,384,54.80859375,84.13671875,0.0,61.98046875,3.152963638305664
12,100,4,none,4,385,54.1171875,84.94140625,0.0,61.546875,3.0913426876068115
12,100,4,none,4,386,53.5546875,84.55078125,0.0,62.28125,3.32243013381958
12,100,4,none,4,387,53.05859375,84.8046875,0.0,62.26171875,3.565398693084717
12,100,4,none,4,388,52.6328125,85.3046875,0.0,62.390625,3.4922542572021484
12,100,4,none,4,389,52.36328125,85.74609375,0.0,62.72265625,3.7122740745544434
12,100,4,none,4,390,53.24609375,84.98828125,0.0,62.46875,3.469109296798706
12,100,4,none,4,391,52.82421875,84.67578125,0.0,62.49609375,3.4990901947021484
12,100,4,none,4,392,53.625,84.875,0.0,62.51171875,3.4826838970184326
12,100,4,none,4,393,53.59765625,84.56640625,0.0,62.40234375,3.383758068084717
12,100,4,none,4,394,53.12890625,85.9375,0.0,62.328125,3.511199474334717
12,100,4,none,4,395,53.34375,85.91796875,0.0,62.55859375,3.6558284759521484
12,100,4,none,4,396,53.125,84.828125,0.0,62.30078125,3.495248794555664
12,100,4,none,4,397,55.046875,85.17578125,0.0,62.4375,3.3824238777160645
12,100,4,none,4,398,53.7890625,85.79296875,0.0,62.20703125,3.626922130584717
12,100,4,none,4,399,54.46484375,85.703125,0.0,62.26171875,3.534311056137085
12,100,4,none,4,400,55.25390625,85.57421875,0.0,62.12109375,3.281186580657959
12,100,4,none,4,401,53.19140625,85.25,0.0,62.38671875,3.5791356563568115
12,100,4,none,4,402,52.98046875,86.25,0.0,62.375,3.652312755584717
12,100,4,none,4,403,53.0625,85.6484375,0.0,62.765625,3.5007829666137695
12,100,4,none,4,404,53.0859375,85.1796875,0.0,62.74609375,3.634734630584717
12,100,4,none,4,405,52.8828125,84.97265625,0.0,62.32421875,3.3922219276428223
12,100,4,none,4,406,52.0234375,85.515625,0.0,62.734375,3.7915377616882324
12,100,4,none,4,407,52.9609375,84.9765625,0.0,63.09765625,3.5842463970184326
12,100,4,none,4,408,52.640625,85.5078125,0.0,63.03125,3.784865140914917
12,100,4,none,4,409,53.47265625,85.11328125,0.0,62.3984375,3.3588881492614746
12,100,4,none,4,410,53.8828125,84.80078125,0.0,62.203125,3.3477554321289062
12,100,4,none,4,411,52.19921875,85.69921875,0.0,63.078125,3.855437755584717
12,100,4,none,4,412,52.73046875,86.31640625,0.0,62.38671875,3.7595393657684326
12,100,4,none,4,413,52.54296875,85.3828125,0.0,62.80078125,3.6626644134521484
12,100,4,none,4,414,52.640625,85.55078125,0.0,62.84765625,3.773634672164917
12,100,4,none,4,415,52.34375,86.046875,0.0,62.64453125,3.743133068084717
12,100,4,none,4,416,51.953125,86.6171875,0.0,62.69921875,4.024741172790527
12,100,4,none,4,417,52.6328125,86.30859375,0.0,62.61328125,4.083758354187012
12,100,4,none,4,418,51.66796875,86.0234375,0.0,62.72265625,3.99479341506958
12,100,4,none,4,419,52.33984375,86.6015625,0.0,62.3515625,3.798211097717285
12,100,4,none,4,420,52.32421875,86.28125,0.0,62.91796875,3.8401057720184326
12,100,4,none,4,421,53.01953125,86.14453125,0.0,62.6484375,3.74967622756958
12,100,4,none,4,422,52.2578125,87.828125,0.0,63.09765625,4.151141166687012
12,100,4,none,4,423,51.625,86.46484375,0.0,63.28125,3.975229263305664
12,100,4,none,4,424,52.17578125,86.1875,0.0,63.28125,3.945770025253296
12,100,4,none,4,425,51.4609375,86.38671875,0.0,63.6953125,4.273894786834717
12,100,4,none,4,426,51.3828125,86.30859375,0.0,63.421875,4.007976531982422
12,100,4,none,4,427,52.859375,86.36328125,0.0,62.70703125,3.6501317024230957
12,100,4,none,4,428,51.8515625,87.5234375,0.0,62.90625,4.064584732055664
12,100,4,none,4,429,52.95703125,86.74609375,0.0,62.7578125,3.931772232055664
12,100,4,none,4,430,52.515625,86.13671875,0.0,63.421875,3.869011878967285
12,100,4,none,4,431,51.25,86.92578125,0.0,63.078125,4.107195854187012
12,100,4,none,4,432,50.98828125,87.125,0.0,63.6484375,4.350555419921875
12,100,4,none,4,433,50.03125,86.265625,0.0,63.921875,4.3948259353637695
12,100,4,none,4,434,50.27734375,86.4609375,0.0,63.48828125,4.197364807128906
12,100,4,none,4,435,50.74609375,86.6171875,0.0,63.40234375,4.154493808746338
12,100,4,none,4,436,49.5,86.46875,0.0,64.35546875,4.500197410583496
12,100,4,none,4,437,51.0859375,85.76171875,0.0,63.68359375,4.149676322937012
12,100,4,none,4,438,50.71484375,86.3046875,0.0,63.7734375,4.219663143157959
12,100,4,none,4,439,51.046875,85.8515625,0.0,63.8515625,4.119988441467285
12,100,4,none,4,440,51.56640625,86.1640625,0.0,63.42578125,4.057260513305664
12,100,4,none,4,441,51.30078125,85.546875,0.0,63.72265625,4.1091814041137695
12,100,4,none,4,442,51.44921875,87.45703125,0.0,63.94921875,4.261720657348633
12,100,4,none,4,443,51.44140625,86.078125,0.0,63.13671875,3.8865575790405273
12,100,4,none,4,444,50.59765625,86.37109375,0.0,63.74609375,4.149252891540527
12,100,4,none,4,445,50.375,87.47265625,0.0,64.00390625,4.485776424407959
12,100,4,none,4,446,50.9921875,87.3359375,0.0,63.71875,4.373373985290527
12,100,4,none,4,447,51.31640625,86.921875,0.0,63.7890625,4.282228469848633
12,100,4,none,4,448,50.66015625,86.6484375,0.0,63.44140625,4.247234344482422
12,100,4,none,4,449,50.8671875,87.98828125,0.0,63.75390625,4.508530616760254
12,100,4,none,4,450,50.7421875,87.58203125,0.0,63.84765625,4.437892436981201
12,100,4,none,4,451,51.4921875,87.61328125,0.0,63.58203125,4.23356294631958
12,100,4,none,4,452,49.671875,86.9296875,0.0,64.3515625,4.460515975952148
12,100,4,none,4,453,50.640625,87.19921875,0.0,63.5859375,4.224643707275391
12,100,4,none,4,454,50.40234375,87.07421875,0.0,63.84765625,4.221063137054443
12,100,4,none,4,455,49.6796875,86.828125,0.0,63.96875,4.4275407791137695
12,100,4,none,4,456,51.140625,87.5078125,0.0,63.4921875,4.215431213378906
12,100,4,none,4,457,50.58984375,88.0625,0.0,63.59765625,4.5798516273498535
12,100,4,none,4,458,50.953125,87.375,0.0,63.4765625,4.165138244628906
12,100,4,none,4,459,50.28125,87.15625,0.0,64.01953125,4.401792049407959
12,100,4,none,4,460,50.203125,88.05859375,0.0,64.22265625,4.485483169555664
12,100,4,none,4,461,48.859375,87.3515625,0.0,64.20703125,4.798699378967285
12,100,4,none,4,462,49.62890625,87.8359375,0.0,64.21875,4.431479454040527
12,100,4,none,4,463,50.12890625,87.54296875,0.0,64.24609375,4.430665969848633
12,100,4,none,4,464,50.0546875,87.98828125,0.0,64.140625,4.645965099334717
12,100,4,none,4,465,49.41015625,87.29296875,0.0,64.265625,4.593328475952148
12,100,4,none,4,466,49.84765625,87.203125,0.0,64.45703125,4.515203475952148
12,100,4,none,4,467,49.3203125,88.71875,0.0,63.8984375,4.792157173156738
12,100,4,none,4,468,49.30859375,87.54296875,0.0,64.25390625,4.528582572937012
12,100,4,none,4,469,48.5234375,86.89453125,0.0,64.3515625,4.6490254402160645
12,100,4,none,4,470,49.45703125,87.734375,0.0,64.640625,4.601596832275391
12,100,4,none,4,471,48.828125,87.359375,0.0,64.41015625,4.728582382202148
12,100,4,none,4,472,48.53515625,87.91015625,0.0,64.50390625,4.795509338378906
12,100,4,none,4,473,48.82421875,88.4453125,0.0,64.5,4.8337578773498535
12,100,4,none,4,474,49.0546875,87.984375,0.0,64.5234375,4.902606010437012
12,100,4,none,4,475,49.34375,89.609375,0.0,64.16796875,4.848634243011475
12,100,4,none,4,476,47.8671875,88.7890625,0.0,64.578125,5.200522422790527
12,100,4,none,4,477,49.34375,88.56640625,0.0,63.8671875,4.6472673416137695
12,100,4,none,4,478,48.8125,88.765625,0.0,64.43359375,4.832260608673096
12,100,4,none,4,479,49.35546875,88.04296875,0.0,64.6015625,4.6912455558776855
12,100,4,none,4,480,48.23046875,89.04296875,0.0,64.60546875,5.041375637054443
12,100,4,none,4,481,47.79296875,88.47265625,0.0,64.84375,5.107651710510254
12,100,4,none,4,482,48.98046875,87.93359375,0.0,64.4296875,4.726661682128906
12,100,4,none,4,483,48.60546875,89.1875,0.0,64.3828125,4.824416160583496
12,100,4,none,4,484,48.578125,88.5078125,0.0,65.17578125,5.036296844482422
12,100,4,none,4,485,48.3515625,88.58984375,0.0,64.890625,4.906479835510254
12,100,4,none,4,486,48.62890625,88.640625,0.0,64.47265625,4.880633354187012
12,100,4,none,4,487,48.25,88.921875,0.0,64.73046875,5.020574569702148
12,100,4,none,4,488,47.87109375,88.33984375,0.0,64.6640625,4.936134338378906
12,100,4,none,4,489,49.1640625,87.859375,0.0,64.91015625,4.791896343231201
12,100,4,none,4,490,47.67578125,89.41796875,0.0,65.0546875,5.134506702423096
12,100,4,none,4,491,47.88671875,88.703125,0.0,64.734375,5.1560564041137695
12,100,4,none,4,492,48.5625,88.26953125,0.0,64.44921875,4.727671146392822
12,100,4,none,4,493,48.16796875,88.3828125,0.0,65.29296875,5.203191757202148
12,100,4,none,4,494,47.6484375,88.390625,0.0,65.21484375,5.195183753967285
12,100,4,none,4,495,48.12890625,89.21484375,0.0,64.625,5.07096529006958
12,100,4,none,4,496,47.9296875,88.92578125,0.0,64.78515625,4.916082382202148
12,100,4,none,4,497,48.85546875,88.55859375,0.0,64.515625,4.88297700881958
12,100,4,none,4,498,49.2421875,88.82421875,0.0,64.90234375,5.006251811981201
12,100,4,none,4,499,48.84765625,89.6328125,0.0,64.55078125,4.988901615142822
12,100,4,none,4,500,48.44140625,89.3828125,0.0,64.91796875,5.156186580657959
12,100,4,none,4,501,48.6640625,88.66015625,0.0,64.8046875,5.012339115142822
12,100,4,none,4,502,47.453125,89.04296875,0.0,64.9921875,5.231707572937012
12,100,4,none,4,503,46.76953125,89.6953125,0.0,65.29296875,5.584376811981201
12,100,4,none,4,504,47.984375,90.6015625,0.0,64.7265625,5.200815200805664
12,100,4,none,4,505,47.7578125,89.26171875,0.0,65.2109375,5.328224182128906
12,100,4,none,4,506,47.81640625,89.2109375,0.0,64.76171875,5.134864807128906
12,100,4,none,4,507,48.0,87.796875,0.0,64.92578125,4.875913143157959
12,100,4,none,4,508,46.83984375,89.41015625,0.0,65.3828125,5.264520168304443
12,100,4,none,4,509,46.65625,87.0234375,0.0,65.86328125,5.019761085510254
12,100,4,none,4,510,47.40234375,88.578125,0.0,65.125,4.9788103103637695
12,100,4,none,4,511,46.69921875,88.19921875,0.0,65.4453125,5.181479454040527
12,100,4,none,4,512,47.3515625,87.85546875,0.0,65.03125,4.803777694702148
12,100,4,none,4,513,46.0234375,88.37109375,0.0,65.71875,5.329103469848633
12,100,4,none,4,514,46.40625,88.46875,0.0,65.890625,5.397950649261475
12,100,4,none,4,515,46.5625,88.45703125,0.0,65.41796875,5.288673400878906
12,100,4,none,4,516,47.11328125,88.3515625,0.0,65.359375,5.049513339996338
12,100,4,none,4,517,46.96875,89.1171875,0.0,65.2890625,5.412045955657959
12,100,4,none,4,518,47.68359375,89.15234375,0.0,65.1484375,5.1301774978637695
12,100,4,none,4,519,47.1171875,90.5625,0.0,65.3046875,5.343198299407959
12,100,4,none,4,520,46.015625,89.0234375,0.0,65.75390625,5.560353755950928
12,100,4,none,4,521,47.03125,90.4375,0.0,65.3125,5.504624366760254
12,100,4,none,4,522,47.0078125,89.7421875,0.0,65.42578125,5.403582572937012
12,100,4,none,4,523,46.36328125,89.97265625,0.0,65.88671875,5.714812755584717
12,100,4,none,4,524,46.9296875,89.75,0.0,65.2578125,5.344272136688232
12,100,4,none,4,525,46.640625,89.5234375,0.0,65.53515625,5.410190582275391
12,100,4,none,4,526,48.14453125,90.28515625,0.0,64.97265625,5.121615886688232
12,100,4,none,4,527,46.96484375,90.28125,0.0,65.15234375,5.332098007202148
12,100,4,none,4,528,46.62109375,89.0625,0.0,65.69921875,5.453907012939453
12,100,4,none,4,529,46.28515625,90.57421875,0.0,65.62890625,5.534181118011475
12,100,4,none,4,530,47.31640625,89.0234375,0.0,65.84765625,5.304298400878906
12,100,4,none,4,531,47.35546875,89.84375,0.0,65.640625,5.459409236907959
12,100,4,none,4,532,46.66796875,89.8984375,0.0,65.05078125,5.487924575805664
12,100,4,none,4,533,47.6171875,90.71484375,0.0,65.41796875,5.307358264923096
12,100,4,none,4,534,46.03125,90.14453125,0.0,65.66015625,5.540269374847412
12,100,4,none,4,535,47.49609375,89.76953125,0.0,65.3984375,5.412143707275391
12,100,4,none,4,536,46.6796875,91.09765625,0.0,65.609375,5.7459330558776855
12,100,4,none,4,537,47.140625,89.91796875,0.0,65.828125,5.563738822937012
12,100,4,none,4,538,47.234375,90.8828125,0.0,65.4296875,5.414910793304443
12,100,4,none,4,539,47.69140625,90.44921875,0.0,65.53515625,5.360385894775391
12,100,4,none,4,540,46.375,90.53515625,0.0,66.22265625,5.530925750732422
12,100,4,none,4,541,47.3671875,90.10546875,0.0,65.55859375,5.418946743011475
12,100,4,none,4,542,46.5625,90.8046875,0.0,65.64453125,5.571258068084717
12,100,4,none,4,543,45.71484375,90.53125,0.0,65.90234375,5.732684135437012
12,100,4,none,4,544,46.6953125,90.40234375,0.0,65.80859375,5.552670955657959
12,100,4,none,4,545,46.01171875,91.6328125,0.0,66.07421875,5.901270866394043
12,100,4,none,4,546,46.85546875,89.78515625,0.0,65.81640625,5.380145072937012
12,100,4,none,4,547,45.0234375,91.81640625,0.0,66.19140625,6.114877700805664
12,100,4,none,4,548,45.78125,89.46484375,0.0,66.13671875,5.62848424911499
12,100,4,none,4,549,46.62109375,90.24609375,0.0,65.578125,5.498797416687012
12,100,4,none,4,550,45.41796875,90.42578125,0.0,66.359375,5.9012064933776855
12,100,4,none,4,551,45.6484375,91.39453125,0.0,65.8203125,5.702671051025391
12,100,4,none,4,552,45.921875,91.3671875,0.0,65.97265625,5.830535888671875
12,100,4,none,4,553,44.80859375,92.28125,0.0,66.03515625,6.068198204040527
12,100,4,none,4,554,46.109375,91.7109375,0.0,65.72265625,5.771941661834717
12,100,4,none,4,555,45.16015625,92.57421875,0.0,66.05078125,6.200847625732422
12,100,4,none,4,556,45.953125,92.2890625,0.0,65.58203125,5.818068504333496
12,100,4,none,4,557,45.3359375,91.578125,0.0,66.234375,6.011687755584717
12,100,4,none,4,558,45.6953125,91.58203125,0.0,66.53515625,5.796648979187012
12,100,4,none,4,559,45.10546875,91.05859375,0.0,66.21875,5.8084001541137695
12,100,4,none,4,560,46.6015625,91.52734375,0.0,65.80859375,5.626856803894043
12,100,4,none,4,561,45.6640625,91.37109375,0.0,66.41015625,5.993524074554443
12,100,4,none,4,562,45.87890625,91.125,0.0,65.80078125,5.597755432128906
12,100,4,none,4,563,46.1484375,91.5625,0.0,65.92578125,5.6477556228637695
12,100,4,none,4,564,45.78125,91.82421875,0.0,66.0859375,5.844369888305664
12,100,4,none,4,565,45.61328125,90.84765625,0.0,66.15234375,5.745802879333496
12,100,4,none,4,566,45.23046875,92.1328125,0.0,65.78515625,5.921160697937012
12,100,4,none,4,567,46.08984375,91.05078125,0.0,66.078125,5.683530330657959
12,100,4,none,4,568,45.49609375,92.03515625,0.0,66.0078125,5.980632781982422
12,100,4,none,4,569,44.84765625,91.96875,0.0,66.4609375,6.150588035583496
12,100,4,none,4,570,45.16015625,92.74609375,0.0,66.421875,6.145020961761475
12,100,4,none,4,571,45.44140625,92.6640625,0.0,66.11328125,6.0217132568359375
12,100,4,none,4,572,44.765625,93.734375,0.0,66.13671875,6.406023979187012
12,100,4,none,4,573,45.28125,92.71484375,0.0,66.52734375,6.171453475952148
12,100,4,none,4,574,45.01171875,93.1875,0.0,66.62890625,6.403192043304443
12,100,4,none,4,575,44.1640625,92.515625,0.0,66.71484375,6.357423305511475
12,100,4,none,4,576,45.0546875,92.671875,0.0,66.1875,6.020639419555664
12,100,4,none,4,577,44.234375,92.21875,0.0,66.52734375,6.2839860916137695
12,100,4,none,4,578,44.3828125,92.2109375,0.0,66.3359375,6.168490886688232
12,100,4,none,4,579,43.59375,91.828125,0.0,66.76171875,6.324741363525391
12,100,4,none,4,580,44.51953125,90.74609375,0.0,66.69921875,6.112241268157959
12,100,4,none,4,581,44.12890625,91.52734375,0.0,66.6875,6.115659236907959
12,100,4,none,4,582,44.1796875,91.7109375,0.0,66.5,6.184962749481201
12,100,4,none,4,583,44.11328125,91.796875,0.0,66.36328125,6.0748395919799805
12,100,4,none,4,584,44.14453125,92.2109375,0.0,66.45703125,6.258888244628906
12,100,4,none,4,585,44.5859375,92.37890625,0.0,66.78515625,6.307521820068359
12,100,4,none,4,586,44.3203125,92.125,0.0,66.5078125,6.145183563232422
12,100,4,none,4,587,43.44140625,91.8828125,0.0,66.98828125,6.398406982421875
12,100,4,none,4,588,43.6875,93.71484375,0.0,66.58984375,6.469174861907959
12,100,4,none,4,589,44.0546875,92.421875,0.0,66.8203125,6.385353088378906
12,100,4,none,4,590,42.82421875,92.87890625,0.0,67.04296875,6.705568313598633
12,100,4,none,4,591,43.65625,91.79296875,0.0,67.015625,6.536752700805664
12,100,4,none,4,592,43.26953125,92.01953125,0.0,67.1328125,6.475978374481201
12,100,4,none,4,593,43.40234375,92.4765625,0.0,67.07421875,6.548862457275391
12,100,4,none,4,594,43.52734375,92.44921875,0.0,67.1328125,6.3630876541137695
12,100,4,none,4,595,42.86328125,92.17578125,0.0,67.28515625,6.6539411544799805
12,100,4,none,4,596,42.27734375,92.57421875,0.0,67.36328125,6.508302688598633
12,100,4,none,4,597,43.77734375,92.46484375,0.0,66.96484375,6.314227104187012
12,100,4,none,4,598,44.1953125,92.234375,0.0,66.921875,6.276238918304443
12,100,4,none,4,599,44.3984375,93.02734375,0.0,67.0859375,6.392091274261475
12,100,4,none,4,600,43.51171875,92.71875,0.0,66.6953125,6.3782243728637695
12,100,4,none,4,601,43.73046875,92.671875,0.0,67.28515625,6.558139801025391
12,100,4,none,4,602,44.12109375,93.5546875,0.0,66.265625,6.414617538452148
12,100,4,none,4,603,44.7890625,92.89453125,0.0,66.66796875,6.308237075805664
12,100,4,none,4,604,43.4921875,93.97265625,0.0,66.5234375,6.555730819702148
12,100,4,none,4,605,43.49609375,94.1484375,0.0,66.921875,6.621128082275391
12,100,4,none,4,606,44.37109375,93.6328125,0.0,66.703125,6.311232566833496
12,100,4,none,4,607,44.28125,93.80078125,0.0,66.8359375,6.48359489440918
12,100,4,none,4,608,43.52734375,93.84765625,0.0,66.90625,6.659669399261475
12,100,4,none,4,609,43.26171875,92.15234375,0.0,67.1484375,6.531251430511475
12,100,4,none,4,610,43.9453125,93.78125,0.0,66.8671875,6.526987075805664
12,100,4,none,4,611,44.71484375,93.3984375,0.0,66.734375,6.462762355804443
12,100,4,none,4,612,42.81640625,93.7109375,0.0,67.2109375,6.737371444702148
12,100,4,none,4,613,43.28125,93.62890625,0.0,67.25,6.850848197937012
12,100,4,none,4,614,43.73046875,94.578125,0.0,66.80078125,6.556349754333496
12,100,4,none,4,615,43.19921875,93.55859375,0.0,67.07421875,6.569663047790527
12,100,4,none,4,616,43.44921875,94.109375,0.0,66.609375,6.474057674407959
12,100,4,none,4,617,43.8828125,94.21875,0.0,67.203125,6.745151519775391
12,100,4,none,4,618,42.9140625,93.5625,0.0,67.02734375,6.661231994628906
12,100,4,none,4,619,42.51953125,94.6875,0.0,67.31640625,6.8180036544799805
12,100,4,none,4,620,42.984375,94.0546875,0.0,67.1953125,6.6882171630859375
12,100,4,none,4,621,42.79296875,93.296875,0.0,67.28515625,6.74664831161499
12,100,4,none,4,622,42.97265625,94.27734375,0.0,67.3359375,6.607326030731201
12,100,4,none,4,623,43.05859375,93.9375,0.0,67.71875,6.838641166687012
12,100,4,none,4,624,42.69140625,94.21484375,0.0,67.546875,6.898927211761475
12,100,4,none,4,625,42.39453125,94.734375,0.0,67.3671875,6.8465189933776855
12,100,4,none,4,626,42.51171875,95.41015625,0.0,67.21875,6.927735805511475
12,100,4,none,4,627,42.51953125,93.9765625,0.0,67.421875,6.877931118011475
12,100,4,none,4,628,42.99609375,94.56640625,0.0,67.1796875,6.767481803894043
12,100,4,none,4,629,43.48828125,94.72265625,0.0,67.328125,6.881740093231201
12,100,4,none,4,630,43.1484375,94.39453125,0.0,67.03515625,6.722365379333496
12,100,4,none,4,631,42.0078125,94.26171875,0.0,67.453125,6.915170669555664
12,100,4,none,4,632,42.5,94.82421875,0.0,67.41796875,6.883725643157959
12,100,4,none,4,633,42.37109375,92.68359375,0.0,67.5078125,6.668817043304443
12,100,4,none,4,634,41.37109375,94.36328125,0.0,67.515625,7.082326412200928
12,100,4,none,4,635,42.33984375,93.7109375,0.0,67.7265625,7.003810405731201
12,100,4,none,4,636,41.51171875,93.5859375,0.0,67.7265625,7.026368618011475
12,100,4,none,4,637,42.0078125,93.96484375,0.0,67.83203125,6.877703666687012
12,100,4,none,4,638,42.39453125,94.23046875,0.0,67.48828125,6.875555038452148
12,100,4,none,4,639,41.2421875,94.31640625,0.0,67.69921875,7.133855819702148
12,100,4,none,4,640,41.21484375,93.8359375,0.0,67.94140625,7.005795955657959
12,100,4,none,4,641,41.69140625,93.8046875,0.0,67.90234375,6.980470180511475
12,100,4,none,4,642,41.84375,94.03125,0.0,67.10546875,6.735939025878906
12,100,4,none,4,643,41.74609375,93.765625,0.0,67.97265625,6.983953475952148
12,100,4,none,4,644,41.296875,94.51171875,0.0,67.5078125,7.103419780731201
12,100,4,none,4,645,41.09765625,94.00390625,0.0,67.98828125,7.083823204040527
12,100,4,none,4,646,40.609375,94.3125,0.0,68.0859375,7.205079555511475
12,100,4,none,4,647,41.2109375,93.484375,0.0,67.87890625,7.082618713378906
12,100,4,none,4,648,40.94140625,93.94921875,0.0,67.54296875,6.920053482055664
12,100,4,none,4,649,41.328125,93.37890625,0.0,68.08203125,6.983823299407959
12,100,4,none,4,650,42.23046875,93.77734375,0.0,67.91015625,6.93720817565918
12,100,4,none,4,651,41.4375,94.0625,0.0,67.96875,6.8948588371276855
12,100,4,none,4,652,41.80859375,95.2578125,0.0,67.46484375,6.968719005584717
12,100,4,none,4,653,42.44921875,95.82421875,0.0,67.78515625,7.107814311981201
12,100,4,none,4,654,42.63671875,94.66796875,0.0,67.6875,7.008920669555664
12,100,4,none,4,655,42.59375,95.203125,0.0,67.3359375,6.893784523010254
12,100,4,none,4,656,41.67578125,94.75,0.0,67.8125,7.098341941833496
12,100,4,none,4,657,42.73828125,94.95703125,0.0,67.6953125,6.917807579040527
12,100,4,none,4,658,42.625,95.47265625,0.0,67.85546875,7.009213924407959
12,100,4,none,4,659,41.2421875,96.453125,0.0,67.984375,7.410451412200928
12,100,4,none,4,660,41.2421875,94.5859375,0.0,68.03515625,7.228549957275391
12,100,4,none,4,661,42.31640625,94.9921875,0.0,67.66015625,6.783400535583496
12,100,4,none,4,662,41.86328125,94.59765625,0.0,67.94921875,7.212566375732422
12,100,4,none,4,663,41.96875,95.765625,0.0,67.58984375,7.122983455657959
12,100,4,none,4,664,41.5546875,95.57421875,0.0,67.81640625,7.2428083419799805
12,100,4,none,4,665,41.57421875,96.38671875,0.0,67.39453125,7.351792335510254
12,100,4,none,4,666,41.140625,97.19921875,0.0,67.8828125,7.412761688232422
12,100,4,none,4,667,41.82421875,96.1953125,0.0,67.625,7.368524074554443
12,100,4,none,4,668,41.3515625,96.69140625,0.0,67.84765625,7.368328094482422
12,100,4,none,4,669,41.50390625,97.0390625,0.0,67.8046875,7.5075531005859375
12,100,4,none,4,670,40.45703125,96.234375,0.0,68.16796875,7.670184135437012
12,100,4,none,4,671,41.203125,97.12890625,0.0,67.6953125,7.375457286834717
12,100,4,none,4,672,40.4609375,96.3203125,0.0,68.1640625,7.497234344482422
12,100,4,none,4,673,41.04296875,96.6875,0.0,68.36328125,7.629005432128906
12,100,4,none,4,674,40.28515625,96.6171875,0.0,67.984375,7.577605724334717
12,100,4,none,4,675,40.73046875,96.0234375,0.0,68.23046875,7.4226579666137695
12,100,4,none,4,676,39.81640625,95.78125,0.0,68.359375,7.612208843231201
12,100,4,none,4,677,40.15234375,95.2890625,0.0,68.75,7.6428070068359375
12,100,4,none,4,678,39.1640625,96.01171875,0.0,68.65234375,7.675685405731201
12,100,4,none,4,679,39.84375,96.1328125,0.0,68.7578125,7.720769882202148
12,100,4,none,4,680,40.38671875,95.7578125,0.0,68.3828125,7.4139018058776855
12,100,4,none,4,681,40.08203125,95.8203125,0.0,68.7890625,7.561362266540527
12,100,4,none,4,682,39.19140625,96.89453125,0.0,68.609375,7.617612361907959
12,100,4,none,4,683,40.46484375,95.44921875,0.0,68.3359375,7.501922607421875
12,100,4,none,4,684,39.33203125,96.828125,0.0,68.62890625,7.712566375732422
12,100,4,none,4,685,39.81640625,95.26171875,0.0,68.54296875,7.509084224700928
12,100,4,none,4,686,39.7109375,96.33203125,0.0,68.3828125,7.6174821853637695
12,100,4,none,4,687,39.25,95.55078125,0.0,68.7421875,7.749383449554443
12,100,4,none,4,688,39.87109375,96.27734375,0.0,68.90625,7.691277980804443
12,100,4,none,4,689,39.19140625,97.046875,0.0,68.69140625,7.886785507202148
12,100,4,none,4,690,40.65234375,96.5859375,0.0,68.52734375,7.476108551025391
12,100,4,none,4,691,39.40234375,96.6015625,0.0,68.4453125,7.683172225952148
12,100,4,none,4,692,39.56640625,97.3984375,0.0,68.69921875,7.7966814041137695
12,100,4,none,4,693,39.8203125,97.2734375,0.0,68.7109375,7.8220720291137695
12,100,4,none,4,694,40.53515625,97.3046875,0.0,68.41796875,7.624024868011475
12,100,4,none,4,695,40.45703125,97.96875,0.0,68.5,7.830698013305664
12,100,4,none,4,696,39.91796875,97.57421875,0.0,68.5859375,7.726759910583496
12,100,4,none,4,697,39.19140625,97.84375,0.0,69.04296875,8.102248191833496
12,100,4,none,4,698,39.16796875,97.94140625,0.0,68.66015625,8.036981582641602
12,100,4,none,4,699,40.1484375,97.96484375,0.0,68.48828125,7.794110298156738
12,100,4,none,4,700,39.9375,97.7734375,0.0,68.3125,7.854884624481201
12,100,4,none,4,701,39.453125,97.98046875,0.0,68.484375,7.7141618728637695
12,100,4,none,4,702,39.3203125,98.0625,0.0,68.6484375,8.084930419921875
12,100,4,none,4,703,40.5546875,98.796875,0.0,68.26171875,7.898146629333496
12,100,4,none,4,704,39.93359375,98.828125,0.0,67.98828125,7.821681499481201
12,100,4,none,4,705,40.05078125,98.9296875,0.0,68.640625,7.884799957275391
12,100,4,none,4,706,39.0,99.01953125,0.0,68.796875,8.295770645141602
12,100,4,none,4,707,39.52734375,97.59765625,0.0,68.55078125,7.866538047790527
12,100,4,none,4,708,39.28515625,97.8984375,0.0,68.64453125,8.03323745727539
12,100,4,none,4,709,39.6328125,98.31640625,0.0,68.6015625,7.876141548156738
12,100,4,none,4,710,39.8203125,97.828125,0.0,68.68359375,7.765985012054443
12,100,4,none,4,711,39.1875,99.1796875,0.0,68.59375,8.137469291687012
12,100,4,none,4,712,39.5546875,98.19921875,0.0,68.39453125,7.898797512054443
12,100,4,none,4,713,39.1484375,97.68359375,0.0,68.9375,7.899350643157959
12,100,4,none,4,714,39.484375,98.93359375,0.0,68.7734375,8.022592544555664
12,100,4,none,4,715,38.35546875,98.609375,0.0,68.77734375,8.14944839477539
12,100,4,none,4,716,39.05859375,98.16796875,0.0,68.859375,8.177474975585938
12,100,4,none,4,717,39.578125,98.08984375,0.0,68.54296875,8.044142723083496
12,100,4,none,4,718,38.79296875,99.06640625,0.0,68.97265625,8.268915176391602
12,100,4,none,4,719,38.62890625,99.48828125,0.0,69.09375,8.511037826538086
12,100,4,none,4,720,38.38671875,98.23828125,0.0,68.75390625,8.130698204040527
12,100,4,none,4,721,39.17578125,98.484375,0.0,68.8359375,8.17412281036377
12,100,4,none,4,722,38.09765625,99.09375,0.0,68.96875,8.29505443572998
12,100,4,none,4,723,38.6953125,98.265625,0.0,69.10546875,8.099773406982422
12,100,4,none,4,724,38.984375,98.56640625,0.0,68.94140625,8.26956558227539
12,100,4,none,4,725,38.19921875,98.1015625,0.0,69.19921875,8.28958511352539
12,100,4,none,4,726,37.3984375,98.12890625,0.0,69.61328125,8.434473991394043
12,100,4,none,4,727,37.83984375,98.109375,0.0,69.375,8.40491771697998
12,100,4,none,4,728,37.75390625,98.37890625,0.0,69.12109375,8.261526107788086
12,100,4,none,4,729,38.328125,98.359375,0.0,69.06640625,8.21683120727539
12,100,4,none,4,730,38.35546875,98.55859375,0.0,69.33984375,8.201173782348633
12,100,4,none,4,731,37.86328125,97.5859375,0.0,69.2421875,8.147821426391602
12,100,4,none,4,732,38.15234375,97.41015625,0.0,69.609375,8.222496032714844
12,100,4,none,4,733,37.09375,99.03125,0.0,69.3671875,8.467449188232422
12,100,4,none,4,734,38.3203125,98.62890625,0.0,69.43359375,8.25931167602539
12,100,4,none,4,735,36.70703125,97.28125,0.0,69.98828125,8.373797416687012
12,100,4,none,4,736,37.7265625,98.07421875,0.0,69.64453125,8.436981201171875
12,100,4,none,4,737,37.07421875,99.11328125,0.0,69.58984375,8.47441577911377
12,100,4,none,4,738,36.53125,98.30859375,0.0,69.875,8.511590957641602
12,100,4,none,4,739,37.22265625,97.5546875,0.0,69.5859375,8.412567138671875
12,100,4,none,4,740,37.515625,99.12109375,0.0,69.5390625,8.34671401977539
12,100,4,none,4,741,38.21484375,98.14453125,0.0,69.640625,8.14629077911377
12,100,4,none,4,742,37.49609375,99.6796875,0.0,69.234375,8.447463035583496
12,100,4,none,4,743,37.5859375,98.921875,0.0,69.55078125,8.370020866394043
12,100,4,none,4,744,37.6953125,99.25,0.0,69.3671875,8.326597213745117
12,100,4,none,4,745,37.92578125,99.4453125,0.0,69.36328125,8.29970932006836
12,100,4,none,4,746,37.88671875,99.1015625,0.0,69.55078125,8.386167526245117
12,100,4,none,4,747,37.76171875,98.921875,0.0,69.5546875,8.50735855102539
12,100,4,none,4,748,37.24609375,98.81640625,0.0,69.57421875,8.479461669921875
12,100,4,none,4,749,36.265625,99.078125,0.0,69.80078125,8.662696838378906
12,100,4,none,4,750,37.4453125,99.69921875,0.0,69.21875,8.479429244995117
12,100,4,none,4,751,37.0546875,99.8984375,0.0,69.51171875,8.799903869628906
12,100,4,none,4,752,38.05078125,99.37890625,0.0,69.65625,8.50967025756836
12,100,4,none,4,753,38.45703125,99.72265625,0.0,69.4140625,8.428874969482422
12,100,4,none,4,754,37.67578125,99.7578125,0.0,69.1796875,8.462501525878906
12,100,4,none,4,755,38.0703125,100.71484375,0.0,69.1328125,8.524579048156738
12,100,4,none,4,756,37.3359375,99.9453125,0.0,69.8046875,8.730144500732422
12,100,4,none,4,757,37.09765625,99.4765625,0.0,69.6953125,8.748373985290527
12,100,4,none,4,758,37.1484375,100.40625,0.0,69.515625,8.671128273010254
12,100,4,none,4,759,37.57421875,99.96875,0.0,69.61328125,8.590561866760254
12,100,4,none,4,760,37.42578125,100.69140625,0.0,69.62109375,8.846388816833496
12,100,4,none,4,761,37.8828125,99.30078125,0.0,69.65625,8.6122407913208
12,100,4,none,4,762,37.05859375,100.66796875,0.0,69.54296875,8.665985107421875
12,100,4,none,4,763,36.6171875,100.87109375,0.0,69.7890625,8.762664794921875
12,100,4,none,4,764,36.91015625,100.8203125,0.0,69.2421875,8.689878463745117
12,100,4,none,4,765,36.60546875,100.0703125,0.0,69.8671875,8.720118522644043
12,100,4,none,4,766,36.32421875,99.56640625,0.0,69.7890625,8.70390796661377
12,100,4,none,4,767,36.50390625,99.94921875,0.0,69.8671875,8.70071792602539
12,100,4,none,4,768,36.8125,99.73828125,0.0,69.76171875,8.621648788452148
12,100,4,none,4,769,35.953125,99.65234375,0.0,69.91796875,8.736265182495117
12,100,4,none,4,770,36.6171875,99.42578125,0.0,69.921875,8.638803482055664
12,100,4,none,4,771,35.55078125,99.72265625,0.0,70.078125,8.927736282348633
12,100,4,none,4,772,36.921875,100.23828125,0.0,70.03125,8.758074760437012
12,100,4,none,4,773,35.99609375,100.59765625,0.0,69.6640625,8.676206588745117
12,100,4,none,4,774,37.015625,100.3515625,0.0,70.01171875,8.640073776245117
12,100,4,none,4,775,35.47265625,100.19140625,0.0,70.42578125,9.006187438964844
12,100,4,none,4,776,36.1953125,100.88671875,0.0,70.52734375,8.986818313598633
12,100,4,none,4,777,35.59765625,100.640625,0.0,70.03515625,9.094207763671875
12,100,4,none,4,778,35.39453125,102.02734375,0.0,69.84765625,9.149578094482422
12,100,4,none,4,779,36.515625,101.02734375,0.0,69.87890625,8.811785697937012
12,100,4,none,4,780,36.33984375,101.03515625,0.0,69.83203125,8.894044876098633
12,100,4,none,4,781,36.87890625,101.66015625,0.0,69.9296875,8.861655235290527
12,100,4,none,4,782,36.28125,101.6015625,0.0,70.21484375,9.041440963745117
12,100,4,none,4,783,36.29296875,101.046875,0.0,69.7109375,8.828972816467285
12,100,4,none,4,784,36.03515625,100.390625,0.0,70.12890625,8.892709732055664
12,100,4,none,4,785,36.0234375,100.31640625,0.0,70.23828125,8.998178482055664
12,100,4,none,4,786,35.17578125,100.8828125,0.0,70.49609375,8.975522994995117
12,100,4,none,4,787,35.19921875,101.4453125,0.0,70.44140625,9.228647232055664
12,100,4,none,4,788,35.7734375,101.28125,0.0,70.1796875,9.233530044555664
12,100,4,none,4,789,35.6484375,101.57421875,0.0,70.19921875,9.153061866760254
12,100,4,none,4,790,34.828125,101.796875,0.0,70.359375,9.29104995727539
12,100,4,none,4,791,35.69921875,101.95703125,0.0,70.4296875,9.328386306762695
12,100,4,none,4,792,36.28515625,101.64453125,0.0,69.9609375,9.263218879699707
12,100,4,none,4,793,35.3359375,101.421875,0.0,70.375,9.228354454040527
12,100,4,none,4,794,35.0625,101.5546875,0.0,70.4453125,9.180339813232422
12,100,4,none,4,795,35.24609375,101.31640625,0.0,70.984375,9.358660697937012
12,100,4,none,4,796,35.12109375,102.2109375,0.0,70.51953125,9.25527572631836
12,100,4,none,4,797,35.26171875,101.0390625,0.0,70.578125,9.133726119995117
12,100,4,none,4,798,35.2734375,101.8515625,0.0,70.7734375,9.127800941467285
12,100,4,none,4,799,34.875,102.2734375,0.0,70.546875,9.436004638671875
12,100,4,none,4,800,35.20703125,101.140625,0.0,70.93359375,9.267515182495117
12,100,4,none,4,801,35.0859375,101.1875,0.0,70.40234375,9.198569297790527
12,100,4,none,4,802,34.47265625,102.38671875,0.0,70.66015625,9.229299545288086
12,100,4,none,4,803,35.05859375,101.6171875,0.0,70.2578125,9.071388244628906
12,100,4,none,4,804,34.40234375,101.75,0.0,70.9453125,9.428875923156738
12,100,4,none,4,805,35.12890625,102.34765625,0.0,70.2890625,9.345216751098633
12,100,4,none,4,806,35.0234375,101.796875,0.0,70.6015625,9.210288047790527
12,100,4,none,4,807,35.1875,102.46484375,0.0,70.47265625,9.26406478881836
12,100,4,none,4,808,35.5625,102.0234375,0.0,70.51171875,9.282587051391602
12,100,4,none,4,809,34.65234375,102.8359375,0.0,70.69921875,9.434800148010254
12,100,4,none,4,810,34.0703125,102.65234375,0.0,70.58203125,9.562078475952148
12,100,4,none,4,811,33.95703125,103.51953125,0.0,70.7109375,9.756317138671875
12,100,4,none,4,812,34.22265625,104.0859375,0.0,70.47265625,9.721908569335938
12,100,4,none,4,813,35.125,102.79296875,0.0,70.8125,9.557716369628906
12,100,4,none,4,814,34.73046875,102.32421875,0.0,70.8125,9.401466369628906
12,100,4,none,4,815,34.15625,102.2421875,0.0,70.828125,9.329689979553223
12,100,4,none,4,816,34.61328125,102.33984375,0.0,70.5234375,9.311166763305664
12,100,4,none,4,817,34.3125,103.1484375,0.0,71.296875,9.789910316467285
12,100,4,none,4,818,34.38671875,103.6328125,0.0,70.64453125,9.50820541381836
12,100,4,none,4,819,35.08203125,103.41796875,0.0,70.66015625,9.407196044921875
12,100,4,none,4,820,33.89453125,103.25390625,0.0,70.87109375,9.733660697937012
12,100,4,none,4,821,33.0390625,103.90234375,0.0,70.828125,9.741147994995117
12,100,4,none,4,822,34.16796875,103.57421875,0.0,70.9609375,9.655959129333496
12,100,4,none,4,823,34.03125,101.51953125,0.0,70.9921875,9.537729263305664
12,100,4,none,4,824,34.06640625,101.953125,0.0,71.125,9.457261085510254
12,100,4,none,4,825,32.8984375,104.07421875,0.0,70.77734375,9.731870651245117
12,100,4,none,4,826,33.98046875,102.94921875,0.0,70.6875,9.432228088378906
12,100,4,none,4,827,34.16015625,103.890625,0.0,70.875,9.625652313232422
12,100,4,none,4,828,33.2421875,103.83203125,0.0,71.3046875,9.866571426391602
12,100,4,none,4,829,33.98046875,103.8203125,0.0,70.765625,9.519891738891602
12,100,4,none,4,830,32.94921875,104.24609375,0.0,70.8125,9.774578094482422
12,100,4,none,4,831,33.828125,103.01953125,0.0,71.19921875,9.76712417602539
12,100,4,none,4,832,33.09375,104.14453125,0.0,70.796875,9.834636688232422
12,100,4,none,4,833,34.19921875,103.94140625,0.0,71.04296875,9.754949569702148
12,100,4,none,4,834,34.34375,102.828125,0.0,71.078125,9.653257369995117
12,100,4,none,4,835,33.37890625,103.58984375,0.0,70.9765625,9.931740760803223
12,100,4,none,4,836,33.5078125,103.9609375,0.0,71.1875,9.879884719848633
12,100,4,none,4,837,33.86328125,103.875,0.0,71.19140625,9.786199569702148
12,100,4,none,4,838,33.46484375,103.87890625,0.0,70.98046875,9.744077682495117
12,100,4,none,4,839,33.7578125,104.78515625,0.0,70.9765625,9.855894088745117
12,100,4,none,4,840,34.3125,103.53515625,0.0,70.875,9.781478881835938
12,100,4,none,4,841,33.4375,103.8359375,0.0,71.078125,9.815105438232422
12,100,4,none,4,842,34.48046875,104.98046875,0.0,70.9140625,9.776531219482422
12,100,4,none,4,843,34.0625,103.8828125,0.0,71.67578125,9.890138626098633
12,100,4,none,4,844,32.9296875,104.203125,0.0,71.1875,10.007781982421875
12,100,4,none,4,845,33.11328125,104.546875,0.0,70.90234375,9.996681213378906
12,100,4,none,4,846,32.9453125,104.296875,0.0,71.12890625,9.82181167602539
12,100,4,none,4,847,33.0703125,103.65625,0.0,71.30078125,10.06621265411377
12,100,4,none,4,848,32.9140625,103.59375,0.0,71.51171875,9.930274963378906
12,100,4,none,4,849,32.671875,105.22265625,0.0,71.2734375,10.015399932861328
12,100,4,none,4,850,32.5546875,104.0078125,0.0,71.25,9.884864807128906
12,100,4,none,4,851,32.75,103.9296875,0.0,71.58203125,9.855698585510254
12,100,4,none,4,852,31.80078125,104.3203125,0.0,71.1953125,10.101824760437012
12,100,4,none,4,853,32.23828125,104.41796875,0.0,71.625,10.22513198852539
12,100,4,none,4,854,32.046875,105.01171875,0.0,71.453125,10.208693504333496
12,100,4,none,4,855,32.6796875,104.1640625,0.0,71.24609375,9.901498794555664
12,100,4,none,4,856,32.58203125,104.6640625,0.0,71.4375,10.022560119628906
12,100,4,none,4,857,32.328125,104.52734375,0.0,71.44140625,10.014650344848633
12,100,4,none,4,858,32.51953125,104.30078125,0.0,71.90625,10.107717514038086
12,100,4,none,4,859,31.62890625,104.3125,0.0,71.61328125,10.16914176940918
12,100,4,none,4,860,33.0859375,104.71484375,0.0,71.8046875,10.13978099822998
12,100,4,none,4,861,31.6640625,105.85546875,0.0,71.55859375,10.246030807495117
12,100,4,none,4,862,32.49609375,103.5625,0.0,71.953125,9.945672988891602
12,100,4,none,4,863,31.8984375,104.71875,0.0,71.8046875,10.231609344482422
12,100,4,none,4,864,32.3984375,104.44140625,0.0,71.70703125,10.211851119995117
12,100,4,none,4,865,32.375,105.41796875,0.0,71.74609375,10.270868301391602
12,100,4,none,4,866,33.28515625,104.55859375,0.0,71.7578125,10.052475929260254
12,100,4,none,4,867,32.6875,104.91015625,0.0,71.546875,10.089031219482422
12,100,4,none,4,868,32.36328125,104.91796875,0.0,71.7578125,10.27552318572998
12,100,4,none,4,869,32.4453125,105.6171875,0.0,71.33203125,10.215659141540527
12,100,4,none,4,870,32.734375,105.453125,0.0,71.23046875,10.09769058227539
12,100,4,none,4,871,33.2265625,106.390625,0.0,71.30078125,10.164976119995117
12,100,4,none,4,872,33.3203125,105.4375,0.0,71.55078125,9.996583938598633
12,100,4,none,4,873,32.9765625,106.203125,0.0,71.234375,10.07483959197998
12,100,4,none,4,874,34.3046875,105.2578125,0.0,71.3046875,9.909832000732422
12,100,4,none,4,875,33.140625,106.68359375,0.0,71.65625,10.352767944335938
12,100,4,none,4,876,33.5546875,106.78515625,0.0,70.97265625,10.138282775878906
12,100,4,none,4,877,33.89453125,104.33984375,0.0,71.86328125,9.937990188598633
12,100,4,none,4,878,33.34765625,106.7734375,0.0,71.37890625,10.323829650878906
12,100,4,none,4,879,31.9375,105.953125,0.0,71.24609375,10.184213638305664
12,100,4,none,4,880,33.23046875,104.36328125,0.0,71.29296875,9.918523788452148
12,100,4,none,4,881,32.6015625,105.5078125,0.0,71.4765625,10.057456970214844
12,100,4,none,4,882,31.86328125,105.62109375,0.0,71.5234375,10.28235912322998
12,100,4,none,4,883,32.74609375,105.08984375,0.0,71.81640625,10.091961860656738
12,100,4,none,4,884,33.06640625,106.2890625,0.0,71.5390625,10.238706588745117
12,100,4,none,4,885,32.08984375,106.171875,0.0,71.60546875,10.477084159851074
12,100,4,none,4,886,31.55859375,107.4921875,0.0,72.00390625,10.707130432128906
12,100,4,none,4,887,32.45703125,106.8984375,0.0,71.60546875,10.339618682861328
12,100,4,none,4,888,31.42578125,106.140625,0.0,71.60546875,10.433856010437012
12,100,4,none,4,889,32.08984375,107.15234375,0.0,71.29296875,10.374578475952148
12,100,4,none,4,890,32.68359375,106.59375,0.0,71.7578125,10.478776931762695
12,100,4,none,4,891,31.80078125,105.93359375,0.0,71.74609375,10.390822410583496
12,100,4,none,4,892,32.0546875,106.63671875,0.0,71.79296875,10.513511657714844
12,100,4,none,4,893,31.890625,106.984375,0.0,71.69921875,10.423113822937012
12,100,4,none,4,894,31.30078125,107.80859375,0.0,71.7890625,10.635157585144043
12,100,4,none,4,895,31.0859375,107.078125,0.0,72.04296875,10.763216972351074
12,100,4,none,4,896,30.96484375,107.20703125,0.0,71.828125,10.610060691833496
12,100,4,none,4,897,32.18359375,107.8828125,0.0,71.62109375,10.560809135437012
12,100,4,none,4,898,30.2734375,105.828125,0.0,72.30859375,10.729364395141602
12,100,4,none,4,899,31.15625,107.5859375,0.0,72.00390625,10.599839210510254
12,100,4,none,4,900,31.15625,106.8359375,0.0,71.88671875,10.740724563598633
12,100,4,none,4,901,31.71875,107.75,0.0,71.9140625,10.620346069335938
12,100,4,none,4,902,30.015625,108.31640625,0.0,72.05859375,10.931381225585938
12,100,4,none,4,903,31.23828125,107.66796875,0.0,71.89453125,10.706805229187012
12,100,4,none,4,904,32.10546875,107.76953125,0.0,71.6953125,10.575945854187012
12,100,4,none,4,905,31.19140625,108.8828125,0.0,71.98046875,10.704429626464844
12,100,4,none,4,906,30.859375,109.3203125,0.0,72.015625,11.102411270141602
12,100,4,none,4,907,32.140625,109.0234375,0.0,71.734375,10.780113220214844
12,100,4,none,4,908,31.46875,108.32421875,0.0,72.11328125,10.882164001464844
12,100,4,none,4,909,31.6328125,109.01171875,0.0,72.07421875,10.816635131835938
12,100,4,none,4,910,31.35546875,108.30078125,0.0,71.7265625,10.712013244628906
12,100,4,none,4,911,31.859375,109.69921875,0.0,71.74609375,10.752703666687012
12,100,4,none,4,912,31.4609375,108.76953125,0.0,71.75,10.735092163085938
12,100,4,none,4,913,32.01171875,107.98046875,0.0,71.7734375,10.66142749786377
12,100,4,none,4,914,31.90625,108.375,0.0,71.5078125,10.717188835144043
12,100,4,none,4,915,31.1640625,108.86328125,0.0,72.10546875,11.03724193572998
12,100,4,none,4,916,31.16796875,108.09375,0.0,71.875,10.635093688964844
12,100,4,none,4,917,31.1640625,107.02734375,0.0,72.41015625,10.775717735290527
12,100,4,none,4,918,31.41796875,108.30078125,0.0,72.35546875,10.887664794921875
12,100,4,none,4,919,31.39453125,109.39453125,0.0,72.10546875,10.924123764038086
12,100,4,none,4,920,31.19140625,108.13671875,0.0,72.31640625,10.86536693572998
12,100,4,none,4,921,31.41015625,109.33203125,0.0,71.98046875,10.842872619628906
12,100,4,none,4,922,30.44921875,108.7734375,0.0,72.33203125,10.970053672790527
12,100,4,none,4,923,31.45703125,109.09765625,0.0,72.0625,10.93021011352539
12,100,4,none,4,924,31.0390625,109.2578125,0.0,72.18359375,10.97825813293457
12,100,4,none,4,925,31.12109375,109.640625,0.0,72.125,11.02366828918457
12,100,4,none,4,926,30.97265625,109.86328125,0.0,72.3828125,10.925329208374023
12,100,4,none,4,927,30.7734375,108.78125,0.0,72.3828125,10.866374969482422
12,100,4,none,4,928,30.88671875,108.40625,0.0,72.609375,10.976369857788086
12,100,4,none,4,929,31.0703125,109.12109375,0.0,72.32421875,10.95433235168457
12,100,4,none,4,930,30.703125,108.86328125,0.0,72.21484375,11.024317741394043
12,100,4,none,4,931,30.6484375,109.2578125,0.0,72.359375,10.99707317352295
12,100,4,none,4,932,30.609375,107.88671875,0.0,72.9453125,10.937664031982422
12,100,4,none,4,933,30.23828125,109.73828125,0.0,72.48046875,11.055567741394043
12,100,4,none,4,934,30.02734375,109.03515625,0.0,72.30859375,10.810907363891602
12,100,4,none,4,935,29.91796875,109.5859375,0.0,72.45703125,11.03177261352539
12,100,4,none,4,936,30.31640625,108.63671875,0.0,72.484375,11.02210521697998
12,100,4,none,4,937,30.45703125,108.421875,0.0,72.42578125,10.766993522644043
12,100,4,none,4,938,29.87109375,110.6953125,0.0,72.1484375,11.05980110168457
12,100,4,none,4,939,29.9140625,109.06640625,0.0,72.33203125,10.957815170288086
12,100,4,none,4,940,29.42578125,109.9140625,0.0,72.44140625,11.291505813598633
12,100,4,none,4,941,30.53515625,109.56640625,0.0,72.3046875,11.08499526977539
12,100,4,none,4,942,30.0546875,109.66015625,0.0,72.37890625,11.214162826538086
12,100,4,none,4,943,29.4375,109.44140625,0.0,72.84375,11.317319869995117
12,100,4,none,4,944,29.75,109.93359375,0.0,72.828125,11.26819896697998
12,100,4,none,4,945,29.625,110.015625,0.0,72.796875,11.27991771697998
12,100,4,none,4,946,29.66015625,110.12890625,0.0,72.5859375,11.243002891540527
12,100,4,none,4,947,30.09765625,110.9765625,0.0,72.48828125,11.317645072937012
12,100,4,none,4,948,29.8046875,109.57421875,0.0,72.5859375,11.212827682495117
12,100,4,none,4,949,29.8125,109.16796875,0.0,72.76953125,11.20657730102539
12,100,4,none,4,950,30.53125,109.39453125,0.0,72.9609375,11.171453475952148
12,100,4,none,4,951,29.66015625,110.25390625,0.0,72.3828125,11.244630813598633
12,100,4,none,4,952,29.00390625,110.7890625,0.0,72.6875,11.493067741394043
12,100,4,none,4,953,29.19140625,110.7265625,0.0,72.5546875,11.361623764038086
12,100,4,none,4,954,30.2265625,110.55078125,0.0,72.71484375,11.283140182495117
12,100,4,none,4,955,29.53125,111.23828125,0.0,72.6875,11.569076538085938
12,100,4,none,4,956,30.19921875,111.73828125,0.0,72.28125,11.390887260437012
12,100,4,none,4,957,30.21484375,111.203125,0.0,72.8046875,11.37317943572998
12,100,4,none,4,958,29.77734375,111.38671875,0.0,72.4609375,11.414813041687012
12,100,4,none,4,959,30.18359375,111.12109375,0.0,72.625,11.346420288085938
12,100,4,none,4,960,29.8203125,111.578125,0.0,72.99609375,11.553550720214844
12,100,4,none,4,961,30.21484375,110.10546875,0.0,72.79296875,11.120346069335938
12,100,4,none,4,962,28.89453125,112.23046875,0.0,72.7265625,11.52265739440918
12,100,4,none,4,963,29.44140625,110.234375,0.0,72.88671875,11.353355407714844
12,100,4,none,4,964,29.47265625,111.0078125,0.0,72.7734375,11.38382339477539
12,100,4,none,4,965,30.09375,110.2734375,0.0,72.640625,11.193229675292969
12,100,4,none,4,966,29.0625,109.9765625,0.0,73.11328125,11.339259147644043
12,100,4,none,4,967,30.28125,110.6875,0.0,72.5859375,10.98001480102539
12,100,4,none,4,968,29.25,109.109375,0.0,73.24609375,11.193525314331055
12,100,4,none,4,969,29.0859375,110.5390625,0.0,73.14453125,11.343002319335938
12,100,4,none,4,970,29.1171875,109.57421875,0.0,73.41015625,11.252313613891602
12,100,4,none,4,971,29.09765625,110.15234375,0.0,73.4296875,11.477149963378906
12,100,4,none,4,972,28.8515625,110.07421875,0.0,73.18359375,11.35644817352295
12,100,4,none,4,973,28.31640625,110.5390625,0.0,73.39453125,11.618654251098633
12,100,4,none,4,974,28.79296875,110.1640625,0.0,73.21484375,11.45814037322998
12,100,4,none,4,975,29.0546875,110.53125,0.0,73.265625,11.454038619995117
12,100,4,none,4,976,29.33203125,110.41015625,0.0,72.9296875,11.34492301940918
12,100,4,none,4,977,29.2578125,111.03125,0.0,73.1953125,11.613543510437012
12,100,4,none,4,978,29.0234375,109.97265625,0.0,73.39453125,11.54365348815918
12,100,4,none,4,979,29.18359375,111.47265625,0.0,72.953125,11.456446647644043
12,100,4,none,4,980,28.453125,112.12109375,0.0,73.2421875,11.681056022644043
12,100,4,none,4,981,28.7734375,110.76953125,0.0,73.68359375,11.694761276245117
12,100,4,none,4,982,29.76953125,111.6953125,0.0,73.26953125,11.488380432128906
12,100,4,none,4,983,29.015625,111.515625,0.0,72.9921875,11.46390151977539
12,100,4,none,4,984,28.7109375,111.65625,0.0,73.2890625,11.713835716247559
12,100,4,none,4,985,28.5625,113.56640625,0.0,73.11328125,11.795313835144043
12,100,4,none,4,986,28.015625,112.4296875,0.0,73.67578125,11.927541732788086
12,100,4,none,4,987,28.4140625,111.9765625,0.0,73.09375,11.752605438232422
12,100,4,none,4,988,28.91015625,110.1640625,0.0,73.0703125,11.435842514038086
12,100,4,none,4,989,28.7265625,112.0,0.0,73.33203125,11.747787475585938
12,100,4,none,4,990,28.87109375,111.6953125,0.0,73.4296875,11.754690170288086
12,100,4,none,4,991,28.67578125,112.140625,0.0,73.00390625,11.62894058227539
12,100,4,none,4,992,28.24609375,112.56640625,0.0,73.22265625,11.79163646697998
12,100,4,none,4,993,28.17578125,113.703125,0.0,73.1015625,11.881545066833496
12,100,4,none,4,994,28.77734375,112.828125,0.0,73.15234375,11.733694076538086
12,100,4,none,4,995,28.38671875,112.63671875,0.0,73.390625,11.85354995727539
12,100,4,none,4,996,27.62109375,112.6171875,0.0,73.265625,11.85511302947998
12,100,4,none,4,997,28.65625,113.05859375,0.0,73.203125,11.72122573852539
12,100,4,none,4,998,28.35546875,112.171875,0.0,73.25390625,11.823535919189453
12,100,4,none,4,999,27.7890625,112.52734375,0.0,73.08984375,11.766798973083496
12,100,4,none,4,1000,28.33203125,112.46875,0.0,73.1484375,11.580047607421875
12,100,4,none,4,1001,28.41015625,113.14453125,0.0,73.265625,11.673537254333496
12,100,4,none,4,1002,28.28515625,112.55859375,0.0,73.2265625,11.852117538452148
12,100,4,none,4,1003,27.3359375,112.9453125,0.0,73.30078125,11.831350326538086
12,100,4,none,4,1004,28.109375,113.9296875,0.0,72.8203125,11.800165176391602
12,100,4,none,4,1005,28.18359375,111.42578125,0.0,73.2109375,11.60599136352539
12,100,4,none,4,1006,28.50390625,113.3671875,0.0,73.30859375,11.935320854187012
12,100,4,none,4,1007,28.35546875,114.2265625,0.0,73.0078125,11.79065990447998
12,100,4,none,4,1008,28.29296875,112.6875,0.0,73.55078125,12.089388847351074
12,100,4,none,4,1009,28.234375,112.875,0.0,73.7109375,12.069663047790527
12,100,4,none,4,1010,27.8125,114.5625,0.0,73.39453125,12.117579460144043
12,100,4,none,4,1011,27.53125,113.74609375,0.0,73.30859375,12.18714427947998
12,100,4,none,4,1012,28.00390625,114.46484375,0.0,72.921875,11.974838256835938
12,100,4,none,4,1013,28.32421875,114.63671875,0.0,73.40625,12.112403869628906
12,100,4,none,4,1014,27.87890625,113.23828125,0.0,73.2734375,11.970346450805664
12,100,4,none,4,1015,28.23046875,113.08203125,0.0,72.98046875,11.730079650878906
12,100,4,none,4,1016,27.16015625,114.72265625,0.0,73.31640625,12.145899772644043
12,100,4,none,4,1017,28.53125,113.0859375,0.0,72.96484375,11.713836669921875
12,100,4,none,4,1018,27.53515625,114.70703125,0.0,73.39453125,12.20472240447998
12,100,4,none,4,1019,27.34375,114.64453125,0.0,73.69140625,12.17689037322998
12,100,4,none,4,1020,27.5234375,114.3984375,0.0,73.69140625,12.164878845214844
12,100,4,none,4,1021,27.69921875,114.0390625,0.0,73.56640625,12.07718276977539
12,100,4,none,4,1022,27.7734375,113.7734375,0.0,73.77734375,12.102214813232422
12,100,4,none,4,1023,27.69140625,115.21484375,0.0,73.81640625,12.27210521697998
12,100,4,none,4,1024,27.65234375,113.66015625,0.0,73.69921875,12.215627670288086
12,100,4,none,4,1025,28.12109375,114.80078125,0.0,73.07421875,12.121095657348633
12,100,4,none,4,1026,28.1171875,114.3125,0.0,73.6875,12.128517150878906
12,100,4,none,4,1027,27.72265625,113.69140625,0.0,73.41015625,12.085158348083496
12,100,4,none,4,1028,27.2734375,115.62109375,0.0,73.671875,12.415267944335938
12,100,4,none,4,1029,28.02734375,116.1015625,0.0,73.42578125,12.294207572937012
12,100,4,none,4,1030,28.87109375,115.51171875,0.0,73.16796875,12.044858932495117
12,100,4,none,4,1031,29.25390625,115.83984375,0.0,72.73046875,11.998178482055664
12,100,4,none,4,1032,28.84765625,115.05078125,0.0,73.2890625,12.042058944702148
12,100,4,none,4,1033,28.96875,114.55078125,0.0,73.078125,11.923406600952148
12,100,4,none,4,1034,27.71875,116.15625,0.0,73.390625,12.304656982421875
12,100,4,none,4,1035,27.8828125,115.78515625,0.0,73.4609375,12.125457763671875
12,100,4,none,4,1036,27.69921875,114.984375,0.0,73.67578125,12.126140594482422
12,100,4,none,4,1037,28.51171875,114.98828125,0.0,73.8515625,12.21058177947998
12,100,4,none,4,1038,28.046875,115.74609375,0.0,73.9375,12.407488822937012
12,100,4,none,4,1039,27.328125,116.16796875,0.0,73.75,12.346355438232422
12,100,4,none,4,1040,27.203125,114.07421875,0.0,73.59375,12.136785507202148
12,100,4,none,4,1041,27.1796875,114.76171875,0.0,73.6484375,12.13724136352539
12,100,4,none,4,1042,26.84765625,114.88671875,0.0,73.79296875,12.325555801391602
12,100,4,none,4,1043,27.80078125,115.03515625,0.0,73.6953125,12.138349533081055
12,100,4,none,4,1044,27.58203125,115.46484375,0.0,73.65234375,12.264422416687012
12,100,4,none,4,1045,27.44921875,115.55859375,0.0,73.34765625,12.21243667602539
12,100,4,none,4,1046,27.1875,113.90234375,0.0,73.6328125,12.121615409851074
12,100,4,none,4,1047,27.29296875,115.359375,0.0,73.46875,12.182683944702148
12,100,4,none,4,1048,27.3671875,115.55078125,0.0,73.4375,12.191572189331055
12,100,4,none,4,1049,27.0234375,115.6015625,0.0,73.5625,12.422266960144043
12,100,4,none,4,1050,26.984375,114.4609375,0.0,73.8359375,12.403388023376465
12,100,4,none,4,1051,26.5703125,114.25390625,0.0,74.15234375,12.311981201171875
12,100,4,none,4,1052,26.94140625,114.56640625,0.0,74.09765625,12.41995620727539
12,100,4,none,4,1053,25.6640625,115.0703125,0.0,74.02734375,12.559637069702148
12,100,4,none,4,1054,26.6484375,115.31640625,0.0,73.78515625,12.316505432128906
12,100,4,none,4,1055,26.453125,115.296875,0.0,74.21875,12.457815170288086
12,100,4,none,4,1056,26.5390625,116.2578125,0.0,73.8203125,12.376238822937012
12,100,4,none,4,1057,26.5390625,114.6875,0.0,73.83984375,12.357684135437012
12,100,4,none,4,1058,27.26953125,115.4765625,0.0,73.79296875,12.087242126464844
12,100,4,none,4,1059,27.34765625,114.7109375,0.0,74.03515625,12.29456615447998
12,100,4,none,4,1060,26.22265625,115.73828125,0.0,73.984375,12.564813613891602
12,100,4,none,4,1061,26.71484375,115.2109375,0.0,73.71484375,12.38401985168457
12,100,4,none,4,1062,26.66015625,117.12890625,0.0,73.48046875,12.408465385437012
12,100,4,none,4,1063,26.90234375,116.91796875,0.0,73.515625,12.614455223083496
12,100,4,none,4,1064,25.859375,116.64453125,0.0,73.6875,12.730470657348633
12,100,4,none,4,1065,26.8828125,118.07421875,0.0,74.23828125,12.88642692565918
12,100,4,none,4,1066,26.49609375,118.5234375,0.0,73.890625,13.030439376831055
12,100,4,none,4,1067,26.66015625,119.0546875,0.0,73.90234375,12.831708908081055
12,100,4,none,4,1068,26.39453125,118.50390625,0.0,73.86328125,12.692970275878906
12,100,4,none,4,1069,26.1484375,119.4375,0.0,74.34375,13.084213256835938
12,100,4,none,4,1070,27.01171875,117.8046875,0.0,73.84375,12.78662395477295
12,100,4,none,4,1071,27.171875,118.125,0.0,73.609375,12.557065963745117
12,100,4,none,4,1072,27.2578125,116.4296875,0.0,73.9375,12.532325744628906
12,100,4,none,4,1073,26.9453125,116.65234375,0.0,73.8671875,12.545867919921875
12,100,4,none,4,1074,26.703125,117.94921875,0.0,73.94921875,12.73047161102295
12,100,4,none,4,1075,27.00390625,118.015625,0.0,73.62109375,12.654266357421875
12,100,4,none,4,1076,26.51953125,119.09375,0.0,73.77734375,12.909116744995117
12,100,4,none,4,1077,26.32421875,117.5390625,0.0,73.97265625,12.834701538085938
12,100,4,none,4,1078,25.94921875,117.578125,0.0,74.18359375,12.821941375732422
12,100,4,none,4,1079,26.59765625,117.3203125,0.0,73.9921875,12.59915542602539
12,100,4,none,4,1080,26.33203125,117.92578125,0.0,73.8046875,12.706480026245117
12,100,4,none,4,1081,26.203125,118.32421875,0.0,73.78125,12.610191345214844
12,100,4,none,4,1082,25.37890625,118.42578125,0.0,74.06640625,12.889681816101074
12,100,4,none,4,1083,26.3515625,118.34375,0.0,74.16796875,12.965431213378906
12,100,4,none,4,1084,25.7734375,116.39453125,0.0,74.11328125,12.648765563964844
12,100,4,none,4,1085,25.8125,116.8203125,0.0,74.515625,12.72474193572998
12,100,4,none,4,1086,24.99609375,117.05859375,0.0,74.22265625,12.86787223815918
12,100,4,none,4,1087,25.0078125,119.609375,0.0,74.3359375,13.158888816833496
12,100,4,none,4,1088,24.84765625,117.9296875,0.0,74.9453125,13.180861473083496
12,100,4,none,4,1089,24.53125,118.2890625,0.0,74.71875,13.105177879333496
12,100,4,none,4,1090,25.0859375,116.72265625,0.0,74.64453125,12.862957000732422
12,100,4,none,4,1091,25.6640625,118.35546875,0.0,74.6015625,12.96644115447998
12,100,4,none,4,1092,25.09765625,117.8046875,0.0,74.16796875,12.77357006072998
12,100,4,none,4,1093,25.265625,118.5625,0.0,74.0703125,12.740431785583496
12,100,4,none,4,1094,26.07421875,116.82421875,0.0,74.25,12.679981231689453
12,100,4,none,4,1095,25.3125,118.08203125,0.0,74.44140625,12.858888626098633
12,100,4,none,4,1096,24.92578125,118.625,0.0,74.6015625,13.117351531982422
12,100,4,none,4,1097,25.1875,119.359375,0.0,74.30078125,13.023341178894043
12,100,4,none,4,1098,25.60546875,119.984375,0.0,74.5234375,13.096975326538086
12,100,4,none,4,1099,25.703125,118.7734375,0.0,74.48046875,13.05801010131836
12,100,4,none,4,1100,25.06640625,119.2578125,0.0,74.546875,13.162273406982422
12,100,4,none,4,1101,25.546875,119.796875,0.0,74.40625,13.167905807495117
12,100,4,none,4,1102,25.5703125,119.203125,0.0,74.40625,13.099676132202148
12,100,4,none,4,1103,25.453125,119.70703125,0.0,74.52734375,13.183269500732422
12,100,4,none,4,1104,25.5390625,120.4453125,0.0,74.26171875,13.257682800292969
12,100,4,none,4,1105,25.625,119.72265625,0.0,74.27734375,13.116473197937012
12,100,4,none,4,1106,26.8515625,120.71484375,0.0,73.8125,12.771941184997559
12,100,4,none,4,1107,25.26953125,119.6875,0.0,74.33984375,13.024351119995117
12,100,4,none,4,1108,26.0703125,119.4296875,0.0,74.28515625,12.975946426391602
12,100,4,none,4,1109,25.63671875,119.66015625,0.0,74.52734375,13.12890911102295
12,100,4,none,4,1110,25.1875,121.03125,0.0,74.42578125,13.197919845581055
12,100,4,none,4,1111,25.90625,120.140625,0.0,74.28125,13.106935501098633
12,100,4,none,4,1112,25.8203125,119.8125,0.0,74.3046875,13.054363250732422
12,100,4,none,4,1113,25.36328125,120.45703125,0.0,74.51171875,13.145444869995117
12,100,4,none,4,1114,25.72265625,121.65625,0.0,74.15625,13.225458145141602
12,100,4,none,4,1115,25.64453125,119.4765625,0.0,74.4375,13.07226848602295
12,100,4,none,4,1116,25.33203125,121.7109375,0.0,74.4140625,13.326434135437012
12,100,4,none,4,1117,25.73046875,120.51953125,0.0,74.5078125,13.221355438232422
12,100,4,none,4,1118,26.3046875,120.8984375,0.0,74.47265625,13.142515182495117
12,100,4,none,4,1119,25.58984375,119.2890625,0.0,74.39453125,13.082586288452148
12,100,4,none,4,1120,26.015625,121.05859375,0.0,74.3359375,13.246844291687012
12,100,4,none,4,1121,25.01953125,121.375,0.0,74.640625,13.339715957641602
12,100,4,none,4,1122,25.2734375,121.2734375,0.0,74.4453125,13.350034713745117
12,100,4,none,4,1123,25.59375,121.53125,0.0,74.12890625,13.19144058227539
12,100,4,none,4,1124,24.94921875,121.82421875,0.0,74.51171875,13.366636276245117
12,100,4,none,4,1125,25.33203125,121.3515625,0.0,74.57421875,13.370314598083496
12,100,4,none,4,1126,25.83984375,121.61328125,0.0,74.49609375,13.343035697937012
12,100,4,none,4,1127,25.55078125,121.6953125,0.0,74.45703125,13.299578666687012
12,100,4,none,4,1128,24.66015625,120.66015625,0.0,74.93359375,13.437925338745117
12,100,4,none,4,1129,25.27734375,121.2109375,0.0,74.59375,13.386947631835938
12,100,4,none,4,1130,24.890625,121.609375,0.0,74.48046875,13.306251525878906
12,100,4,none,4,1131,25.69921875,121.1796875,0.0,75.00390625,13.381317138671875
12,100,4,none,4,1132,25.63671875,121.26171875,0.0,74.56640625,13.34192943572998
12,100,4,none,4,1133,25.65625,121.9375,0.0,74.24609375,13.364324569702148
12,100,4,none,4,1134,25.91015625,122.55078125,0.0,74.71875,13.33154582977295
12,100,4,none,4,1135,24.6796875,122.78125,0.0,74.4765625,13.600099563598633
12,100,4,none,4,1136,24.9921875,121.0859375,0.0,74.68359375,13.36621379852295
12,100,4,none,4,1137,25.55859375,121.109375,0.0,74.4921875,13.349024772644043
12,100,4,none,4,1138,26.08203125,121.4453125,0.0,74.53125,13.256479263305664
12,100,4,none,4,1139,25.77734375,121.6328125,0.0,74.59375,13.432001113891602
12,100,4,none,4,1140,25.06640625,121.87109375,0.0,74.12109375,13.119207382202148
12,100,4,none,4,1141,25.1015625,122.44921875,0.0,74.51953125,13.480731010437012
12,100,4,none,4,1142,25.14453125,122.5625,0.0,74.6484375,13.42249584197998
12,100,4,none,4,1143,25.93359375,122.89453125,0.0,74.4921875,13.460906028747559
12,100,4,none,4,1144,24.55078125,122.6640625,0.0,74.5546875,13.45947551727295
12,100,4,none,4,1145,25.76953125,122.94921875,0.0,74.765625,13.341669082641602
12,100,4,none,4,1146,24.9765625,122.16015625,0.0,74.90625,13.604460716247559
12,100,4,none,4,1147,25.25,121.87109375,0.0,75.08203125,13.471616744995117
12,100,4,none,4,1148,25.82421875,121.97265625,0.0,74.67578125,13.455177307128906
12,100,4,none,4,1149,25.703125,121.4609375,0.0,74.5234375,13.474090576171875
12,100,4,none,4,1150,24.72265625,123.16015625,0.0,74.8125,13.697657585144043
12,100,4,none,4,1151,24.98046875,123.41015625,0.0,74.81640625,13.695152282714844
12,100,4,none,4,1152,24.9921875,122.50390625,0.0,74.51953125,13.44251537322998
12,100,4,none,4,1153,25.04296875,122.34765625,0.0,74.76953125,13.35940933227539
12,100,4,none,4,1154,24.625,122.0234375,0.0,75.00390625,13.625164031982422
12,100,4,none,4,1155,24.296875,123.68359375,0.0,74.87890625,13.649154663085938
12,100,4,none,4,1156,25.046875,123.01171875,0.0,74.93359375,13.63792610168457
12,100,4,none,4,1157,24.31640625,122.46875,0.0,74.60546875,13.466407775878906
12,100,4,none,4,1158,25.76171875,123.3203125,0.0,74.65625,13.473991394042969
12,100,4,none,4,1159,24.33203125,122.93359375,0.0,75.046875,13.800750732421875
12,100,4,none,4,1160,24.41015625,122.3828125,0.0,74.94921875,13.64759349822998
12,100,4,none,4,1161,23.4921875,125.04296875,0.0,75.2109375,14.134147644042969
12,100,4,none,4,1162,23.6484375,124.8671875,0.0,75.39453125,13.980697631835938
12,100,4,none,4,1163,24.5,120.49609375,0.0,75.15625,13.560320854187012
12,100,4,none,4,1164,23.90625,123.8515625,0.0,75.0,13.781316757202148
12,100,4,none,4,1165,24.21875,123.04296875,0.0,75.42578125,13.712142944335938
12,100,4,none,4,1166,23.8671875,122.74609375,0.0,75.05859375,13.741865158081055
12,100,4,none,4,1167,24.38671875,123.328125,0.0,74.953125,13.609637260437012
12,100,4,none,4,1168,24.2421875,123.90625,0.0,74.5546875,13.621389389038086
12,100,4,none,4,1169,23.9140625,123.0703125,0.0,74.98046875,13.682520866394043
12,100,4,none,4,1170,25.0546875,122.05859375,0.0,74.79296875,13.48509407043457
12,100,4,none,4,1171,24.08984375,125.73046875,0.0,74.95703125,13.919695854187012
12,100,4,none,4,1172,24.0078125,124.3984375,0.0,75.15625,13.839129447937012
12,100,4,none,4,1173,24.8828125,122.72265625,0.0,74.8984375,13.608660697937012
12,100,4,none,4,1174,24.62890625,123.73828125,0.0,75.1953125,13.848505020141602
12,100,4,none,4,1175,23.78125,124.3671875,0.0,75.01171875,13.936752319335938
12,100,4,none,4,1176,23.875,126.07421875,0.0,75.18359375,14.013022422790527
12,100,4,none,4,1177,24.9609375,124.62890625,0.0,74.91796875,13.762763023376465
12,100,4,none,4,1178,24.31640625,124.04296875,0.0,75.26171875,13.868101119995117
12,100,4,none,4,1179,24.4609375,125.3515625,0.0,74.4140625,13.758953094482422
12,100,4,none,4,1180,24.72265625,123.3046875,0.0,75.00390625,13.720900535583496
12,100,4,none,4,1181,24.58984375,124.6640625,0.0,74.98046875,13.799415588378906
12,100,4,none,4,1182,25.09765625,124.73046875,0.0,74.9296875,13.777313232421875
12,100,4,none,4,1183,23.8359375,124.453125,0.0,75.27734375,14.030535697937012
12,100,4,none,4,1184,24.40234375,124.5,0.0,75.41796875,13.796552658081055
12,100,4,none,4,1185,25.03515625,124.7578125,0.0,74.83984375,13.681480407714844
12,100,4,none,4,1186,24.4765625,124.24609375,0.0,75.33203125,13.953971862792969
12,100,4,none,4,1187,24.3671875,124.83203125,0.0,74.8984375,13.88965129852295
12,100,4,none,4,1188,24.6875,125.8203125,0.0,75.0078125,13.924123764038086
12,100,4,none,4,1189,24.21875,125.35546875,0.0,75.3984375,13.966115951538086
12,100,4,none,4,1190,24.55078125,125.68359375,0.0,75.1015625,13.902801513671875
12,100,4,none,4,1191,24.51171875,125.953125,0.0,74.83984375,13.983465194702148
12,100,4,none,4,1192,24.45703125,125.875,0.0,74.94921875,14.043815612792969
12,100,4,none,4,1193,23.78125,127.3046875,0.0,75.1015625,14.392385482788086
12,100,4,none,4,1194,24.828125,126.9140625,0.0,74.90234375,14.106284141540527
12,100,4,none,4,1195,23.8046875,127.1328125,0.0,75.21875,14.231772422790527
12,100,4,none,4,1196,24.109375,127.78125,0.0,75.453125,14.313738822937012
12,100,4,none,4,1197,24.26171875,127.38671875,0.0,75.34765625,14.323275566101074
12,100,4,none,4,1198,24.03515625,127.0390625,0.0,75.43359375,14.304461479187012
12,100,4,none,4,1199,24.3671875,127.69140625,0.0,74.859375,14.19437026977539
12,100,4,none,4,1200,23.96484375,126.90625,0.0,74.875,14.16556167602539
12,100,4,none,4,1201,23.984375,128.62109375,0.0,75.19140625,14.328485488891602
12,100,4,none,4,1202,24.5625,128.26171875,0.0,74.91015625,14.229884147644043
12,100,4,none,4,1203,23.6328125,127.4765625,0.0,74.98828125,14.150230407714844
12,100,4,none,4,1204,24.43359375,127.4140625,0.0,75.1171875,14.11279582977295
12,100,4,none,4,1205,23.5703125,126.59765625,0.0,75.3203125,14.178062438964844
12,100,4,none,4,1206,24.046875,126.51953125,0.0,74.96875,14.025489807128906
12,100,4,none,4,1207,24.39453125,127.18359375,0.0,75.0625,14.157716751098633
12,100,4,none,4,1208,24.08203125,126.3984375,0.0,74.984375,14.111135482788086
12,100,4,none,4,1209,23.484375,126.2109375,0.0,75.62890625,14.159605026245117
12,100,4,none,4,1210,23.83203125,126.1796875,0.0,75.26953125,13.991506576538086
12,100,4,none,4,1211,24.24609375,127.27734375,0.0,75.20703125,14.120314598083496
12,100,4,none,4,1212,23.7890625,126.8125,0.0,75.55078125,14.187469482421875
12,100,4,none,4,1213,23.95703125,127.27734375,0.0,75.265625,14.109930038452148
12,100,4,none,4,1214,23.20703125,126.78125,0.0,75.48828125,14.268621444702148
12,100,4,none,4,1215,23.91796875,126.8515625,0.0,75.2578125,14.150099754333496
12,100,4,none,4,1216,24.05859375,126.92578125,0.0,75.69921875,14.29736614227295
12,100,4,none,4,1217,23.2109375,126.59375,0.0,75.67578125,14.34915542602539
12,100,4,none,4,1218,23.7890625,127.33203125,0.0,75.63671875,14.309442520141602
12,100,4,none,4,1219,23.53125,124.66015625,0.0,76.1953125,14.13235855102539
12,100,4,none,4,1220,23.8828125,128.1328125,0.0,75.6875,14.397689819335938
12,100,4,none,4,1221,23.6640625,126.90625,0.0,75.3671875,14.246746063232422
12,100,4,none,4,1222,23.71875,128.26171875,0.0,75.5078125,14.534571647644043
12,100,4,none,4,1223,23.62109375,128.0546875,0.0,75.46484375,14.404298782348633
12,100,4,none,4,1224,24.6015625,127.203125,0.0,75.49609375,14.308107376098633
12,100,4,none,4,1225,24.16015625,127.69140625,0.0,75.33984375,14.433562278747559
12,100,4,none,4,1226,23.703125,129.30078125,0.0,75.21875,14.534963607788086
12,100,4,none,4,1227,24.015625,128.0703125,0.0,75.5703125,14.539389610290527
12,100,4,none,4,1228,23.7265625,128.40234375,0.0,75.17578125,14.47073745727539
12,100,4,none,4,1229,23.234375,130.328125,0.0,75.1640625,14.679038047790527
12,100,4,none,4,1230,24.08203125,128.90625,0.0,75.42578125,14.455111503601074
12,100,4,none,4,1231,23.24609375,128.5,0.0,75.11328125,14.477149963378906
12,100,4,none,4,1232,24.0,129.3125,0.0,75.5625,14.344402313232422
12,100,4,none,4,1233,22.59375,128.15625,0.0,75.60546875,14.472006797790527
12,100,4,none,4,1234,23.33203125,129.2890625,0.0,75.35546875,14.417970657348633
12,100,4,none,4,1235,23.2109375,128.55078125,0.0,75.546875,14.450523376464844
12,100,4,none,4,1236,23.21484375,128.25,0.0,75.1796875,14.284637451171875
12,100,4,none,4,1237,22.90625,129.23046875,0.0,75.41796875,14.36194896697998
12,100,4,none,4,1238,23.5078125,129.08203125,0.0,75.0390625,14.515106201171875
12,100,4,none,4,1239,23.68359375,129.94921875,0.0,75.16796875,14.449644088745117
12,100,4,none,4,1240,24.0859375,129.26953125,0.0,75.7578125,14.545282363891602
12,100,4,none,4,1241,23.19921875,128.34375,0.0,75.8046875,14.599285125732422
12,100,4,none,4,1242,23.546875,129.65625,0.0,75.39453125,14.641115188598633
12,100,4,none,4,1243,23.73828125,128.77734375,0.0,75.640625,14.552996635437012
12,100,4,none,4,1244,23.59375,128.7109375,0.0,75.65234375,14.502769470214844
12,100,4,none,4,1245,23.95703125,128.890625,0.0,75.46875,14.461004257202148
12,100,4,none,4,1246,24.61328125,129.33984375,0.0,75.11328125,14.34534740447998
12,100,4,none,4,1247,24.52734375,128.3359375,0.0,75.1171875,14.368426322937012
12,100,4,none,4,1248,23.609375,128.47265625,0.0,75.44921875,14.471551895141602
12,100,4,none,4,1249,23.8515625,130.29296875,0.0,75.49609375,14.605632781982422
12,100,4,none,4,1250,23.6328125,130.05859375,0.0,75.3671875,14.582130432128906
12,100,4,none,4,1251,23.296875,130.2734375,0.0,75.31640625,14.591049194335938
12,100,4,none,4,1252,23.55078125,128.3046875,0.0,75.21484375,14.423276901245117
12,100,4,none,4,1253,24.03125,129.62109375,0.0,75.34765625,14.401433944702148
12,100,4,none,4,1254,23.44140625,129.4140625,0.0,75.31640625,14.463933944702148
12,100,4,none,4,1255,23.1875,128.62890625,0.0,75.61328125,14.437795639038086
12,100,4,none,4,1256,23.44140625,130.50390625,0.0,75.578125,14.663803100585938
12,100,4,none,4,1257,23.25,129.25,0.0,75.41796875,14.487112045288086
12,100,4,none,4,1258,23.3515625,129.48828125,0.0,75.65234375,14.629690170288086
12,100,4,none,4,1259,23.67578125,131.13671875,0.0,75.62890625,14.731903076171875
12,100,4,none,4,1260,23.79296875,128.60546875,0.0,75.21484375,14.553126335144043
12,100,4,none,4,1261,23.8359375,130.3125,0.0,75.62890625,14.717059135437012
12,100,4,none,4,1262,23.3359375,130.8359375,0.0,75.62109375,14.85901927947998
12,100,4,none,4,1263,23.3671875,130.44140625,0.0,75.72265625,14.755274772644043
12,100,4,none,4,1264,23.0703125,131.125,0.0,75.9140625,15.002996444702148
12,100,4,none,4,1265,22.44140625,132.04296875,0.0,76.171875,15.074545860290527
12,100,4,none,4,1266,23.23828125,130.45703125,0.0,75.5078125,14.687240600585938
12,100,4,none,4,1267,23.3359375,130.5234375,0.0,75.55078125,14.79531478881836
12,100,4,none,4,1268,22.01953125,129.60546875,0.0,76.328125,14.958041191101074
12,100,4,none,4,1269,21.96875,130.828125,0.0,75.9609375,15.060224533081055
12,100,4,none,4,1270,22.54296875,130.40234375,0.0,75.828125,14.802638053894043
12,100,4,none,4,1271,22.36328125,131.33203125,0.0,75.83984375,14.855016708374023
12,100,4,none,4,1272,21.8671875,129.98828125,0.0,76.234375,14.934897422790527
12,100,4,none,4,1273,21.81640625,130.83203125,0.0,75.91796875,14.845900535583496
12,100,4,none,4,1274,22.24609375,131.3828125,0.0,75.9296875,14.882682800292969
12,100,4,none,4,1275,22.34765625,131.484375,0.0,75.62890625,14.925100326538086
12,100,4,none,4,1276,22.46484375,130.3671875,0.0,76.08984375,14.742156982421875
12,100,4,none,4,1277,21.9296875,129.95703125,0.0,75.94921875,14.85989761352539
12,100,4,none,4,1278,22.26953125,131.140625,0.0,75.92578125,14.995542526245117
12,100,4,none,4,1279,22.5625,132.19140625,0.0,75.1640625,14.858367919921875
12,100,4,none,4,1280,22.88671875,132.2890625,0.0,75.7421875,14.95459270477295
12,100,4,none,4,1281,22.171875,130.94921875,0.0,76.11328125,14.911558151245117
12,100,4,none,4,1282,22.78515625,130.8828125,0.0,76.17578125,14.873896598815918
12,100,4,none,4,1283,21.69140625,130.16796875,0.0,76.09375,14.878745079040527
12,100,4,none,4,1284,22.515625,130.703125,0.0,75.84765625,14.724708557128906
12,100,4,none,4,1285,22.83203125,132.6953125,0.0,75.8203125,14.945411682128906
12,100,4,none,4,1286,21.55078125,131.734375,0.0,76.19140625,15.000815391540527
12,100,4,none,4,1287,22.2578125,134.34375,0.0,75.58984375,15.244044303894043
12,100,4,none,4,1288,21.74609375,131.98046875,0.0,75.9921875,15.109182357788086
12,100,4,none,4,1289,22.42578125,134.4921875,0.0,75.6171875,15.268491744995117
12,100,4,none,4,1290,21.7734375,134.10546875,0.0,76.1484375,15.388022422790527
12,100,4,none,4,1291,21.953125,134.71484375,0.0,75.86328125,15.33154582977295
12,100,4,none,4,1292,22.8515625,133.5234375,0.0,75.6875,15.078875541687012
12,100,4,none,4,1293,22.15234375,133.25,0.0,75.76953125,15.062209129333496
12,100,4,none,4,1294,22.546875,132.65625,0.0,75.7109375,15.141082763671875
12,100,4,none,4,1295,22.609375,133.4375,0.0,75.859375,15.260841369628906
12,100,4,none,4,1296,22.5859375,133.6171875,0.0,75.859375,15.160873413085938
12,100,4,none,4,1297,22.7734375,132.484375,0.0,76.046875,15.142644882202148
12,100,4,none,4,1298,22.7109375,132.37890625,0.0,75.8984375,14.962631225585938
12,100,4,none,4,1299,21.5078125,130.7421875,0.0,75.78125,15.065821647644043
12,100,4,none,4,1300,21.6484375,135.16796875,0.0,75.98046875,15.358172416687012
12,100,4,none,4,1301,22.16796875,132.8515625,0.0,75.99609375,15.173731803894043
12,100,4,none,4,1302,22.43359375,133.93359375,0.0,76.140625,15.298212051391602
12,100,4,none,4,1303,22.01171875,133.58203125,0.0,76.11328125,15.291343688964844
12,100,4,none,4,1304,22.3984375,135.45703125,0.0,76.04296875,15.425848007202148
12,100,4,none,4,1305,23.02734375,134.83203125,0.0,75.87890625,15.189910888671875
12,100,4,none,4,1306,22.625,133.671875,0.0,75.9140625,15.275197982788086
12,100,4,none,4,1307,22.44140625,135.60546875,0.0,75.59375,15.391180038452148
12,100,4,none,4,1308,22.6015625,134.95703125,0.0,75.90234375,15.308822631835938
12,100,4,none,4,1309,22.859375,135.3125,0.0,75.93359375,15.284246444702148
12,100,4,none,4,1310,22.30078125,135.140625,0.0,76.10546875,15.373830795288086
12,100,4,none,4,1311,23.21484375,134.47265625,0.0,75.9765625,15.221487045288086
12,100,4,none,4,1312,22.46875,134.015625,0.0,76.01171875,15.45970344543457
12,100,4,none,4,1313,21.640625,135.1015625,0.0,76.05859375,15.543458938598633
12,100,4,none,4,1314,22.39453125,133.19140625,0.0,76.046875,15.242286682128906
12,100,4,none,4,1315,21.0078125,133.9296875,0.0,76.15234375,15.408041000366211
12,100,4,none,4,1316,21.76953125,134.38671875,0.0,76.3671875,15.472528457641602
12,100,4,none,4,1317,21.75,136.13671875,0.0,76.05859375,15.629558563232422
12,100,4,none,4,1318,21.4921875,135.9765625,0.0,75.98046875,15.502182006835938
12,100,4,none,4,1319,21.46484375,131.98046875,0.0,76.25,15.170217514038086
12,100,4,none,4,1320,22.6875,134.2265625,0.0,76.13671875,15.308271408081055
12,100,4,none,4,1321,22.3046875,131.8828125,0.0,76.26953125,15.106544494628906
12,100,4,none,4,1322,21.33984375,133.57421875,0.0,76.49609375,15.324090957641602
12,100,4,none,4,1323,21.5,133.203125,0.0,76.5703125,15.469566345214844
12,100,4,none,4,1324,21.17578125,134.0546875,0.0,76.58203125,15.487730026245117
12,100,4,none,4,1325,21.25390625,135.5703125,0.0,76.01953125,15.49990463256836
12,100,4,none,4,1326,21.578125,133.734375,0.0,76.51171875,15.409181594848633
12,100,4,none,4,1327,21.77734375,135.0390625,0.0,76.38671875,15.499513626098633
12,100,4,none,4,1328,21.08203125,135.7265625,0.0,76.25390625,15.497787475585938
12,100,4,none,4,1329,21.1328125,134.21484375,0.0,76.39453125,15.374709129333496
12,100,4,none,4,1330,21.2109375,135.08984375,0.0,76.3203125,15.50996208190918
12,100,4,none,4,1331,20.828125,134.44140625,0.0,76.58984375,15.576141357421875
12,100,4,none,4,1332,21.46875,134.078125,0.0,76.28515625,15.471063613891602
12,100,4,none,4,1333,20.5234375,135.390625,0.0,76.3515625,15.572591781616211
12,100,4,none,4,1334,21.1953125,135.30859375,0.0,76.39453125,15.611330032348633
12,100,4,none,4,1335,21.61328125,135.62109375,0.0,76.46875,15.618947982788086
12,100,4,none,4,1336,21.54296875,136.25,0.0,76.61328125,15.722755432128906
12,100,4,none,4,1337,20.8203125,136.37890625,0.0,76.08203125,15.619728088378906
12,100,4,none,4,1338,21.15234375,137.30859375,0.0,76.3515625,15.811395645141602
12,100,4,none,4,1339,21.0859375,137.26953125,0.0,76.16796875,15.646388053894043
12,100,4,none,4,1340,21.6171875,136.921875,0.0,76.1015625,15.47659683227539
12,100,4,none,4,1341,21.640625,136.0546875,0.0,76.3046875,15.441374778747559
12,100,4,none,4,1342,21.2734375,136.4140625,0.0,76.2421875,15.590301513671875
12,100,4,none,4,1343,21.59375,136.33984375,0.0,75.93359375,15.526174545288086
12,100,4,none,4,1344,21.4765625,136.19140625,0.0,76.75,15.60615348815918
12,100,4,none,4,1345,21.3359375,136.2421875,0.0,76.55859375,15.725263595581055
12,100,4,none,4,1346,21.24609375,136.4453125,0.0,76.05859375,15.69726848602295
12,100,4,none,4,1347,21.375,136.69921875,0.0,76.40234375,15.78030776977539
12,100,4,none,4,1348,21.3828125,136.89453125,0.0,76.15234375,15.829526901245117
12,100,4,none,4,1349,21.40625,137.921875,0.0,76.5859375,15.984344482421875
12,100,4,none,4,1350,21.09375,135.64453125,0.0,76.6953125,15.757064819335938
12,100,4,none,4,1351,22.125,137.59375,0.0,75.9375,15.574481010437012
12,100,4,none,4,1352,21.11328125,136.734375,0.0,76.3203125,15.68105697631836
12,100,4,none,4,1353,22.11328125,136.86328125,0.0,76.09765625,15.56123161315918
12,100,4,none,4,1354,21.36328125,137.5234375,0.0,76.0625,15.644142150878906
12,100,4,none,4,1355,20.796875,138.40234375,0.0,76.50390625,15.964031219482422
12,100,4,none,4,1356,21.453125,136.37890625,0.0,76.48828125,15.788446426391602
12,100,4,none,4,1357,21.19140625,139.04296875,0.0,76.54296875,16.142189025878906
12,100,4,none,4,1358,21.10546875,138.5546875,0.0,76.33203125,15.995704650878906
12,100,4,none,4,1359,21.3671875,138.55859375,0.0,76.6484375,16.01113510131836
12,100,4,none,4,1360,21.203125,138.9375,0.0,76.12109375,15.923080444335938
12,100,4,none,4,1361,20.98828125,136.61328125,0.0,76.84765625,15.986883163452148
12,100,4,none,4,1362,21.72265625,137.87890625,0.0,76.46875,15.87698745727539
12,100,4,none,4,1363,21.51171875,138.12109375,0.0,76.4921875,15.781577110290527
12,100,4,none,4,1364,21.12890625,138.5703125,0.0,76.140625,15.713054656982422
12,100,4,none,4,1365,20.265625,138.4140625,0.0,76.70703125,16.064455032348633
12,100,4,none,4,1366,20.82421875,137.671875,0.0,76.8515625,16.078876495361328
12,100,4,none,4,1367,20.765625,137.9921875,0.0,76.49609375,15.85569953918457
12,100,4,none,4,1368,19.828125,138.78515625,0.0,76.59765625,15.986982345581055
12,100,4,none,4,1369,20.234375,137.78515625,0.0,76.96875,16.131969451904297
12,100,4,none,4,1370,21.1796875,137.51171875,0.0,76.46875,15.778223991394043
12,100,4,none,4,1371,20.75390625,137.89453125,0.0,76.41796875,15.873504638671875
12,100,4,none,4,1372,21.140625,137.86328125,0.0,76.60546875,16.015888214111328
12,100,4,none,4,1373,20.140625,136.81640625,0.0,77.0390625,15.915952682495117
12,100,4,none,4,1374,20.13671875,136.31640625,0.0,76.984375,15.914161682128906
12,100,4,none,4,1375,20.8125,135.828125,0.0,76.63671875,15.63206672668457
12,100,4,none,4,1376,20.0625,138.2265625,0.0,76.47265625,15.877052307128906
12,100,4,none,4,1377,20.2578125,135.8828125,0.0,77.02734375,15.89466381072998
12,100,4,none,4,1378,20.68359375,137.171875,0.0,76.90234375,15.881576538085938
12,100,4,none,4,1379,20.73046875,139.37890625,0.0,76.51953125,16.089031219482422
12,100,4,none,4,1380,20.38671875,138.3046875,0.0,76.58203125,15.88489818572998
12,100,4,none,4,1381,20.9765625,138.0703125,0.0,76.5703125,15.89423942565918
12,100,4,none,4,1382,20.95703125,138.5625,0.0,76.16015625,15.878484725952148
12,100,4,none,4,1383,20.703125,139.8046875,0.0,76.5546875,16.090431213378906
12,100,4,none,4,1384,21.34765625,138.72265625,0.0,76.6796875,15.96552848815918
12,100,4,none,4,1385,21.7109375,140.2421875,0.0,76.5390625,16.03183937072754
12,100,4,none,4,1386,21.8203125,140.1953125,0.0,76.34375,16.095184326171875
12,100,4,none,4,1387,21.91015625,140.640625,0.0,76.33984375,16.095867156982422
12,100,4,none,4,1388,20.8046875,141.390625,0.0,76.9296875,16.382001876831055
12,100,4,none,4,1389,21.05859375,139.59375,0.0,76.75,16.21683120727539
12,100,4,none,4,1390,21.56640625,140.65625,0.0,76.4765625,16.204593658447266
12,100,4,none,4,1391,20.5859375,139.32421875,0.0,76.7421875,16.164779663085938
12,100,4,none,4,1392,21.34765625,138.09765625,0.0,76.45703125,15.977442741394043
12,100,4,none,4,1393,20.24609375,140.703125,0.0,76.50390625,16.29726791381836
12,100,4,none,4,1394,20.71875,139.94140625,0.0,76.5703125,16.242677688598633
12,100,4,none,4,1395,21.51953125,140.17578125,0.0,76.60546875,15.986785888671875
12,100,4,none,4,1396,20.55078125,139.46875,0.0,76.87890625,16.089488983154297
12,100,4,none,4,1397,21.5859375,139.48046875,0.0,76.65625,16.109508514404297
12,100,4,none,4,1398,20.515625,139.4609375,0.0,76.86328125,16.117385864257812
12,100,4,none,4,1399,21.23828125,139.41796875,0.0,76.56640625,16.033010482788086
12,100,4,none,4,1400,20.328125,140.078125,0.0,76.87109375,16.218395233154297
12,100,4,none,4,1401,20.73046875,139.85546875,0.0,76.8828125,16.105144500732422
12,100,4,none,4,1402,20.25390625,139.8828125,0.0,76.859375,16.25039291381836
12,100,4,none,4,1403,19.34765625,141.4765625,0.0,76.90625,16.37816047668457
12,100,4,none,4,1404,20.31640625,139.3671875,0.0,76.9296875,16.237144470214844
12,100,4,none,4,1405,20.23046875,140.4609375,0.0,76.93359375,16.299320220947266
12,100,4,none,4,1406,20.68359375,140.7890625,0.0,76.51171875,16.279624938964844
12,100,4,none,4,1407,19.98046875,138.7578125,0.0,77.28515625,16.25527572631836
12,100,4,none,4,1408,20.3515625,140.59375,0.0,77.0,16.294208526611328
12,100,4,none,4,1409,20.19921875,140.10546875,0.0,77.01171875,16.212697982788086
12,100,4,none,4,1410,20.71484375,141.70703125,0.0,76.79296875,16.47402572631836
12,100,4,none,4,1411,20.4453125,144.16796875,0.0,77.10546875,16.78701400756836
12,100,4,none,4,1412,20.85546875,140.54296875,0.0,76.60546875,16.31142807006836
12,100,4,none,4,1413,20.27734375,139.93359375,0.0,77.296875,16.34170150756836
12,100,4,none,4,1414,19.71484375,140.79296875,0.0,77.0625,16.490398406982422
12,100,4,none,4,1415,20.734375,142.75390625,0.0,76.640625,16.3792667388916
12,100,4,none,4,1416,20.640625,143.03515625,0.0,76.74609375,16.499187469482422
12,100,4,none,4,1417,20.828125,142.75,0.0,76.515625,16.600263595581055
12,100,4,none,4,1418,20.44140625,141.47265625,0.0,76.73046875,16.417776107788086
12,100,4,none,4,1419,20.1015625,142.30078125,0.0,77.10546875,16.484344482421875
12,100,4,none,4,1420,20.58203125,144.23046875,0.0,76.36328125,16.63320541381836
12,100,4,none,4,1421,20.41015625,140.546875,0.0,77.2421875,16.3450870513916
12,100,4,none,4,1422,20.19140625,141.33984375,0.0,76.6640625,16.481382369995117
12,100,4,none,4,1423,20.33203125,142.23046875,0.0,76.875,16.529037475585938
12,100,4,none,4,1424,20.27734375,143.0703125,0.0,76.76953125,16.488868713378906
12,100,4,none,4,1425,19.9453125,141.734375,0.0,76.8984375,16.544662475585938
12,100,4,none,4,1426,20.1015625,141.03125,0.0,76.6484375,16.364227294921875
12,100,4,none,4,1427,19.68359375,140.18359375,0.0,77.24609375,16.51858901977539
12,100,4,none,4,1428,19.53515625,141.26171875,0.0,77.08203125,16.428518295288086
12,100,4,none,4,1429,19.4765625,140.89453125,0.0,77.19140625,16.530048370361328
12,100,4,none,4,1430,20.31640625,140.71875,0.0,77.0390625,16.390823364257812
12,100,4,none,4,1431,20.45703125,141.61328125,0.0,76.79296875,16.234996795654297
12,100,4,none,4,1432,19.5,141.12109375,0.0,77.2578125,16.567710876464844
12,100,4,none,4,1433,20.15234375,144.203125,0.0,76.73828125,16.570119857788086
12,100,4,none,4,1434,19.578125,143.44140625,0.0,76.99609375,16.69322967529297
12,100,4,none,4,1435,19.953125,140.6640625,0.0,76.5625,16.244565963745117
12,100,4,none,4,1436,19.98828125,141.8125,0.0,77.29296875,16.702085494995117
12,100,4,none,4,1437,20.09765625,141.0078125,0.0,76.64453125,16.296550750732422
12,100,4,none,4,1438,19.60546875,142.05078125,0.0,77.2109375,16.693328857421875
12,100,4,none,4,1439,19.9453125,141.8203125,0.0,77.171875,16.489391326904297
12,100,4,none,4,1440,19.30859375,141.69140625,0.0,77.37109375,16.586654663085938
12,100,4,none,4,1441,19.3359375,141.53515625,0.0,77.16015625,16.661590576171875
12,100,4,none,4,1442,20.1953125,141.43359375,0.0,77.00390625,16.524707794189453
12,100,4,none,4,1443,19.80078125,142.33984375,0.0,76.984375,16.63024139404297
12,100,4,none,4,1444,19.92578125,143.64453125,0.0,76.59765625,16.592025756835938
12,100,4,none,4,1445,19.40234375,144.6328125,0.0,76.609375,16.68932342529297
12,100,4,none,4,1446,20.00390625,143.703125,0.0,76.97265625,16.59020233154297
12,100,4,none,4,1447,20.15625,143.21484375,0.0,76.7578125,16.650165557861328
12,100,4,none,4,1448,20.0234375,142.94140625,0.0,77.5078125,16.74319839477539
12,100,4,none,4,1449,19.64453125,141.80078125,0.0,77.16796875,16.608108520507812
12,100,4,none,4,1450,19.6875,141.47265625,0.0,77.0078125,16.486427307128906
12,100,4,none,4,1451,19.8359375,142.48046875,0.0,77.06640625,16.68170738220215
12,100,4,none,4,1452,19.3515625,145.8203125,0.0,76.75390625,16.86624526977539
12,100,4,none,4,1453,19.4296875,142.79296875,0.0,77.2578125,16.688705444335938
12,100,4,none,4,1454,19.7890625,142.30859375,0.0,77.19921875,16.74762535095215
12,100,4,none,4,1455,19.13671875,143.11328125,0.0,77.43359375,16.90045738220215
12,100,4,none,4,1456,19.359375,145.6328125,0.0,77.14453125,17.094175338745117
12,100,4,none,4,1457,19.66015625,142.15234375,0.0,77.1328125,16.710613250732422
12,100,4,none,4,1458,18.84765625,145.2265625,0.0,77.0859375,16.8597354888916
12,100,4,none,4,1459,19.609375,143.796875,0.0,77.28125,16.72562026977539
12,100,4,none,4,1460,18.890625,146.390625,0.0,77.11328125,17.004493713378906
12,100,4,none,4,1461,19.38671875,144.75,0.0,76.9765625,16.776369094848633
12,100,4,none,4,1462,19.21875,142.65234375,0.0,77.65234375,16.663673400878906
12,100,4,none,4,1463,19.37109375,143.22265625,0.0,76.90234375,16.64931869506836
12,100,4,none,4,1464,19.28515625,142.5703125,0.0,77.41796875,16.755308151245117
12,100,4,none,4,1465,19.25,144.6796875,0.0,77.1640625,16.886947631835938
12,100,4,none,4,1466,19.79296875,145.23046875,0.0,77.34765625,16.928844451904297
12,100,4,none,4,1467,19.28515625,144.796875,0.0,76.8671875,16.818099975585938
12,100,4,none,4,1468,19.2265625,145.18359375,0.0,77.14453125,16.986265182495117
12,100,4,none,4,1469,20.0859375,144.625,0.0,76.953125,16.83873748779297
12,100,4,none,4,1470,19.64453125,147.046875,0.0,76.9140625,16.979949951171875
12,100,4,none,4,1471,19.73828125,143.6796875,0.0,77.3984375,16.853256225585938
12,100,4,none,4,1472,18.68359375,146.1953125,0.0,77.28515625,17.07737922668457
12,100,4,none,4,1473,19.56640625,144.9765625,0.0,77.06640625,16.877607345581055
12,100,4,none,4,1474,19.58203125,144.91796875,0.0,77.0859375,16.920249938964844
12,100,4,none,4,1475,18.90234375,144.46484375,0.0,77.15234375,16.79153823852539
12,100,4,none,4,1476,19.82421875,145.265625,0.0,77.19921875,16.763120651245117
12,100,4,none,4,1477,19.5546875,146.54296875,0.0,77.19921875,16.952117919921875
12,100,4,none,4,1478,19.76171875,144.88671875,0.0,76.81640625,16.802574157714844
12,100,4,none,4,1479,20.0,144.59375,0.0,77.17578125,16.90465545654297
12,100,4,none,4,1480,19.51953125,146.8203125,0.0,77.296875,17.13027572631836
12,100,4,none,4,1481,19.77734375,145.625,0.0,77.0625,16.967092514038086
12,100,4,none,4,1482,19.7578125,143.96484375,0.0,77.3125,16.93851089477539
12,100,4,none,4,1483,19.48828125,144.94140625,0.0,77.5390625,16.930374145507812
12,100,4,none,4,1484,19.99609375,143.5546875,0.0,77.14453125,16.769046783447266
12,100,4,none,4,1485,20.046875,144.37109375,0.0,77.171875,16.69371795654297
12,100,4,none,4,1486,18.74609375,145.95703125,0.0,77.26953125,17.23392105102539
12,100,4,none,4,1487,19.859375,146.7265625,0.0,77.265625,17.059118270874023
12,100,4,none,4,1488,20.6171875,145.3984375,0.0,76.79296875,16.772659301757812
12,100,4,none,4,1489,19.79296875,144.40234375,0.0,76.9921875,16.79052734375
12,100,4,none,4,1490,18.9765625,144.8828125,0.0,77.38671875,17.05361557006836
12,100,4,none,4,1491,19.79296875,145.77734375,0.0,77.0546875,16.928844451904297
12,100,4,none,4,1492,19.859375,146.4296875,0.0,76.9921875,17.039390563964844
12,100,4,none,4,1493,20.2421875,145.1640625,0.0,77.640625,17.047300338745117
12,100,4,none,4,1494,19.54296875,145.578125,0.0,77.1640625,17.024089813232422
12,100,4,none,4,1495,19.37109375,145.6015625,0.0,77.5234375,16.974287033081055
12,100,4,none,4,1496,19.62109375,144.65625,0.0,77.48828125,16.980405807495117
12,100,4,none,4,1497,18.94140625,146.11328125,0.0,77.015625,17.048049926757812
12,100,4,none,4,1498,18.9453125,146.99609375,0.0,77.4296875,17.20722770690918
12,100,4,none,4,1499,18.9140625,145.94140625,0.0,77.734375,17.261981964111328
